id,prediction_original,original_logprob_1,original_logprob_2,original_prob_1,original_prob_2,probability_method,n_spans,n_delete_uncertain,n_delete_option_flips,n_informative_deletions,n_valid_negations,predicted_hallucination,decision,correct_option_eval_only,true_hallucination,candidate_index,candidate_text,span_start,span_end,deleted_prompt,delete_prediction,delete_logprob_1,delete_logprob_2,delete_logprob_3,delete_prob_1,delete_prob_2,delete_prob_3,delete_choice_margin,delete_uncertain,delete_person_flip,delete_same_as_original,delete_flip,deletion_stage_pass,deletion_stage_reason,selected_for_negation,negated_sentence,negated_prompt,rewrite_valid,negation_notes,negation_prediction,negation_logprob_1,negation_logprob_2,negation_logprob_3,negation_prob_1,negation_prob_2,negation_prob_3,negation_choice_margin,negation_uncertain,negation_person_flip,negation_same_as_original,negation_flip,method_consistent,error
1,1,-0.3184537311185346,-1.2992829841302609,0.7272727272727273,0.2727272727272727,sampling,5,0,2,2,2,True,negation_nonflip,1,False,0,The motorcycle title correction is ready.,10,51,"Scenario The clerk is waiting in the marked lane to compare the frame VIN with the corrected title before releasing it. For this step, what should I do?
Option1: Ride the motorcycle to the marked lane
Option2: Walk to the marked lane without the motorcycle
Question: Which one should I choose? Answer 1 for Option1 and 2 for Option2.

Evaluation answer protocol (this overrides earlier answer wording):
1 = Option1
2 = Option2
3 = after the deletion, the remaining scenario does not determine either Option1 or Option2
Output only 1, 2, or 3.",1,-0.09097177820572676,-3.1354942159291497,-3.1354942159291497,0.9130434782608695,0.043478260869565216,0.043478260869565216,3.044522437723423,False,False,True,False,False,deletion neither uncertain nor option flip,False,,,,deletion neither uncertain nor option flip,,,,,,,,,,,,,,
1,1,-0.3184537311185346,-1.2992829841302609,0.7272727272727273,0.2727272727272727,sampling,5,0,2,2,2,True,negation_nonflip,1,False,1,The clerk is waiting in the marked lane,52,91,"Scenario: The motorcycle title correction is ready. to compare the frame VIN with the corrected title before releasing it. For this step, what should I do?
Option1: Ride the motorcycle to the marked lane
Option2: Walk to the marked lane without the motorcycle
Question: Which one should I choose? Answer 1 for Option1 and 2 for Option2.

Evaluation answer protocol (this overrides earlier answer wording):
1 = Option1
2 = Option2
3 = after the deletion, the remaining scenario does not determine either Option1 or Option2
Output only 1, 2, or 3.",2,-1.5260563034950494,-0.3022808718729337,-3.1354942159291497,0.21739130434782608,0.7391304347826086,0.043478260869565216,1.2237754316221157,False,True,False,True,True,delete_person_flip,True,The clerk is not waiting in the marked lane to compare the frame VIN with the corrected title before releasing it.,"Scenario: The motorcycle title correction is ready. The clerk is not waiting in the marked lane to compare the frame VIN with the corrected title before releasing it. For this step, what should I do?
Option1: Ride the motorcycle to the marked lane
Option2: Walk to the marked lane without the motorcycle
Question: Which one should I choose? Answer 1 for Option1 and 2 for Option2.

Evaluation answer protocol (this overrides earlier answer wording):
1 = Option1
2 = Option2
You must choose Option1 or Option2. Output only 1 or 2; never output 3.",True,"Minimal negation applied by adding 'not' after the auxiliary verb 'is'. All entities, nouns, descriptions, and unrelated facts are preserved.",1,-0.04652001563489282,-3.0910424533583156,,0.9545454545454546,0.045454545454545456,,3.044522437723423,False,False,True,False,True,
1,1,-0.3184537311185346,-1.2992829841302609,0.7272727272727273,0.2727272727272727,sampling,5,0,2,2,2,True,negation_nonflip,1,False,2,to compare the frame VIN,92,116,"Scenario: The motorcycle title correction is ready. The clerk is waiting in the marked lane with the corrected title before releasing it. For this step, what should I do?
Option1: Ride the motorcycle to the marked lane
Option2: Walk to the marked lane without the motorcycle
Question: Which one should I choose? Answer 1 for Option1 and 2 for Option2.

Evaluation answer protocol (this overrides earlier answer wording):
1 = Option1
2 = Option2
3 = after the deletion, the remaining scenario does not determine either Option1 or Option2
Output only 1, 2, or 3.",2,-1.0560526742493137,-0.496436886313891,-3.1354942159291497,0.34782608695652173,0.6086956521739131,0.043478260869565216,0.5596157879354227,False,True,False,True,True,delete_person_flip,True,The clerk is waiting in the marked lane to not compare the frame VIN with the corrected title before releasing it.,"Scenario: The motorcycle title correction is ready. The clerk is waiting in the marked lane to not compare the frame VIN with the corrected title before releasing it. For this step, what should I do?
Option1: Ride the motorcycle to the marked lane
Option2: Walk to the marked lane without the motorcycle
Question: Which one should I choose? Answer 1 for Option1 and 2 for Option2.

Evaluation answer protocol (this overrides earlier answer wording):
1 = Option1
2 = Option2
You must choose Option1 or Option2. Output only 1 or 2; never output 3.",True,"Negated the infinitive phrase 'to compare' by adding 'not'. The negation is minimal and preserves all entities (clerk, marked lane, frame VIN, corrected title) and facts.",2,-1.1451323043030026,-0.38299225225610584,,0.3181818181818182,0.6818181818181818,,0.7621400520468968,False,True,False,True,True,
1,1,-0.3184537311185346,-1.2992829841302609,0.7272727272727273,0.2727272727272727,sampling,5,0,2,2,2,True,negation_nonflip,1,False,3,with the corrected title,117,141,"Scenario: The motorcycle title correction is ready. The clerk is waiting in the marked lane to compare the frame VIN before releasing it. For this step, what should I do?
Option1: Ride the motorcycle to the marked lane
Option2: Walk to the marked lane without the motorcycle
Question: Which one should I choose? Answer 1 for Option1 and 2 for Option2.

Evaluation answer protocol (this overrides earlier answer wording):
1 = Option1
2 = Option2
3 = after the deletion, the remaining scenario does not determine either Option1 or Option2
Output only 1, 2, or 3.",1,-0.09097177820572676,-3.1354942159291497,-3.1354942159291497,0.9130434782608695,0.043478260869565216,0.043478260869565216,3.044522437723423,False,False,True,False,False,deletion neither uncertain nor option flip,False,,,,deletion neither uncertain nor option flip,,,,,,,,,,,,,,
1,1,-0.3184537311185346,-1.2992829841302609,0.7272727272727273,0.2727272727272727,sampling,5,0,2,2,2,True,negation_nonflip,1,False,4,before releasing it.,142,162,"Scenario: The motorcycle title correction is ready. The clerk is waiting in the marked lane to compare the frame VIN with the corrected title For this step, what should I do?
Option1: Ride the motorcycle to the marked lane
Option2: Walk to the marked lane without the motorcycle
Question: Which one should I choose? Answer 1 for Option1 and 2 for Option2.

Evaluation answer protocol (this overrides earlier answer wording):
1 = Option1
2 = Option2
3 = after the deletion, the remaining scenario does not determine either Option1 or Option2
Output only 1, 2, or 3.",1,-0.09097177820572676,-3.1354942159291497,-3.1354942159291497,0.9130434782608695,0.043478260869565216,0.043478260869565216,3.044522437723423,False,False,True,False,False,deletion neither uncertain nor option flip,False,,,,deletion neither uncertain nor option flip,,,,,,,,,,,,,,
2,,,,,,,,,,,,,,,,,,,,,,,,,,,,,,,,,,,,,,,,,,,,,,,,,,,,,binary original prediction was not 1 or 2
3,2,-1.1451323043030026,-0.38299225225610584,0.3181818181818182,0.6818181818181818,sampling,5,0,0,0,0,False,no_informative_deletion,2,False,0,The moped touch-up order is ready.,10,44,"Scenario The technician needs a scanner read from the welded main frame near the steering neck, not a loose cover. Should I bring the moped to the bench or walk to the bench without it?
Option1: Walk to the bench without the moped
Option2: Bring the moped to the bench
Question: Which one should I choose? Answer 1 for Option1 and 2 for Option2.

Evaluation answer protocol (this overrides earlier answer wording):
1 = Option1
2 = Option2
3 = after the deletion, the remaining scenario does not determine either Option1 or Option2
Output only 1, 2, or 3.",2,-3.1354942159291497,-0.09097177820572676,-3.1354942159291497,0.043478260869565216,0.9130434782608695,0.043478260869565216,3.044522437723423,False,False,True,False,False,deletion neither uncertain nor option flip,False,,,,deletion neither uncertain nor option flip,,,,,,,,,,,,,,
3,2,-1.1451323043030026,-0.38299225225610584,0.3181818181818182,0.6818181818181818,sampling,5,0,0,0,0,False,no_informative_deletion,2,False,1,The technician needs a scanner read,45,80,"Scenario: The moped touch-up order is ready. from the welded main frame near the steering neck, not a loose cover. Should I bring the moped to the bench or walk to the bench without it?
Option1: Walk to the bench without the moped
Option2: Bring the moped to the bench
Question: Which one should I choose? Answer 1 for Option1 and 2 for Option2.

Evaluation answer protocol (this overrides earlier answer wording):
1 = Option1
2 = Option2
3 = after the deletion, the remaining scenario does not determine either Option1 or Option2
Output only 1, 2, or 3.",2,-1.3437347467010947,-0.3629054936893685,-3.1354942159291497,0.2608695652173913,0.6956521739130435,0.043478260869565216,0.9808292530117262,False,False,True,False,False,deletion neither uncertain nor option flip,False,,,,deletion neither uncertain nor option flip,,,,,,,,,,,,,,
3,2,-1.1451323043030026,-0.38299225225610584,0.3181818181818182,0.6818181818181818,sampling,5,0,0,0,0,False,no_informative_deletion,2,False,2,from the welded main frame,81,107,"Scenario: The moped touch-up order is ready. The technician needs a scanner read near the steering neck, not a loose cover. Should I bring the moped to the bench or walk to the bench without it?
Option1: Walk to the bench without the moped
Option2: Bring the moped to the bench
Question: Which one should I choose? Answer 1 for Option1 and 2 for Option2.

Evaluation answer protocol (this overrides earlier answer wording):
1 = Option1
2 = Option2
3 = after the deletion, the remaining scenario does not determine either Option1 or Option2
Output only 1, 2, or 3.",2,-2.4423470353692043,-0.13976194237515874,-3.1354942159291497,0.08695652173913043,0.8695652173913043,0.043478260869565216,2.3025850929940455,False,False,True,False,False,deletion neither uncertain nor option flip,False,,,,deletion neither uncertain nor option flip,,,,,,,,,,,,,,
3,2,-1.1451323043030026,-0.38299225225610584,0.3181818181818182,0.6818181818181818,sampling,5,0,0,0,0,False,no_informative_deletion,2,False,3,near the steering neck,108,130,"Scenario: The moped touch-up order is ready. The technician needs a scanner read from the welded main frame not a loose cover. Should I bring the moped to the bench or walk to the bench without it?
Option1: Walk to the bench without the moped
Option2: Bring the moped to the bench
Question: Which one should I choose? Answer 1 for Option1 and 2 for Option2.

Evaluation answer protocol (this overrides earlier answer wording):
1 = Option1
2 = Option2
3 = after the deletion, the remaining scenario does not determine either Option1 or Option2
Output only 1, 2, or 3.",,-0.7375989431307791,-0.7375989431307791,-3.1354942159291497,0.4782608695652174,0.4782608695652174,0.043478260869565216,0.0,False,False,False,,False,deletion neither uncertain nor option flip,False,,,,deletion neither uncertain nor option flip,,,,,,,,,,,,,,
3,2,-1.1451323043030026,-0.38299225225610584,0.3181818181818182,0.6818181818181818,sampling,5,0,0,0,0,False,no_informative_deletion,2,False,4,not a loose cover.,132,150,"Scenario: The moped touch-up order is ready. The technician needs a scanner read from the welded main frame near the steering neck Should I bring the moped to the bench or walk to the bench without it?
Option1: Walk to the bench without the moped
Option2: Bring the moped to the bench
Question: Which one should I choose? Answer 1 for Option1 and 2 for Option2.

Evaluation answer protocol (this overrides earlier answer wording):
1 = Option1
2 = Option2
3 = after the deletion, the remaining scenario does not determine either Option1 or Option2
Output only 1, 2, or 3.",2,-2.03688192726104,-0.19105523676270922,-3.1354942159291497,0.13043478260869565,0.8260869565217391,0.043478260869565216,1.845826690498331,False,False,True,False,False,deletion neither uncertain nor option flip,False,,,,deletion neither uncertain nor option flip,,,,,,,,,,,,,,
4,1,-0.04652001563489282,-3.0910424533583156,0.9545454545454546,0.045454545454545456,sampling,5,0,0,0,0,False,no_informative_deletion,1,False,0,The repair ticket for my van is open.,10,47,"Scenario The technician is in the scan stall with a tablet that reads stored codes from the port under the dash. For this step, what should I do?
Option1: Drive the van into the scan stall
Option2: Walk into the scan stall without the van
Question: Which one should I choose? Answer 1 for Option1 and 2 for Option2.

Evaluation answer protocol (this overrides earlier answer wording):
1 = Option1
2 = Option2
3 = after the deletion, the remaining scenario does not determine either Option1 or Option2
Output only 1, 2, or 3.",1,-0.3629054936893685,-3.1354942159291497,-1.3437347467010947,0.6956521739130435,0.043478260869565216,0.2608695652173913,0.9808292530117262,False,False,True,False,False,deletion neither uncertain nor option flip,False,,,,deletion neither uncertain nor option flip,,,,,,,,,,,,,,
4,1,-0.04652001563489282,-3.0910424533583156,0.9545454545454546,0.045454545454545456,sampling,5,0,0,0,0,False,no_informative_deletion,1,False,1,The technician is in the scan stall,48,83,"Scenario: The repair ticket for my van is open. with a tablet that reads stored codes from the port under the dash. For this step, what should I do?
Option1: Drive the van into the scan stall
Option2: Walk into the scan stall without the van
Question: Which one should I choose? Answer 1 for Option1 and 2 for Option2.

Evaluation answer protocol (this overrides earlier answer wording):
1 = Option1
2 = Option2
3 = after the deletion, the remaining scenario does not determine either Option1 or Option2
Output only 1, 2, or 3.",1,-0.09097177820572676,-3.1354942159291497,-3.1354942159291497,0.9130434782608695,0.043478260869565216,0.043478260869565216,3.044522437723423,False,False,True,False,False,deletion neither uncertain nor option flip,False,,,,deletion neither uncertain nor option flip,,,,,,,,,,,,,,
4,1,-0.04652001563489282,-3.0910424533583156,0.9545454545454546,0.045454545454545456,sampling,5,0,0,0,0,False,no_informative_deletion,1,False,2,with a tablet that reads stored codes,84,121,"Scenario: The repair ticket for my van is open. The technician is in the scan stall from the port under the dash. For this step, what should I do?
Option1: Drive the van into the scan stall
Option2: Walk into the scan stall without the van
Question: Which one should I choose? Answer 1 for Option1 and 2 for Option2.

Evaluation answer protocol (this overrides earlier answer wording):
1 = Option1
2 = Option2
3 = after the deletion, the remaining scenario does not determine either Option1 or Option2
Output only 1, 2, or 3.",1,-0.4274440148269396,-3.1354942159291497,-1.1895840668738362,0.6521739130434783,0.043478260869565216,0.30434782608695654,0.7621400520468966,False,False,True,False,False,deletion neither uncertain nor option flip,False,,,,deletion neither uncertain nor option flip,,,,,,,,,,,,,,
4,1,-0.04652001563489282,-3.0910424533583156,0.9545454545454546,0.045454545454545456,sampling,5,0,0,0,0,False,no_informative_deletion,1,False,3,from the port,122,135,"Scenario: The repair ticket for my van is open. The technician is in the scan stall with a tablet that reads stored codes under the dash. For this step, what should I do?
Option1: Drive the van into the scan stall
Option2: Walk into the scan stall without the van
Question: Which one should I choose? Answer 1 for Option1 and 2 for Option2.

Evaluation answer protocol (this overrides earlier answer wording):
1 = Option1
2 = Option2
3 = after the deletion, the remaining scenario does not determine either Option1 or Option2
Output only 1, 2, or 3.",1,-0.09097177820572676,-3.1354942159291497,-3.1354942159291497,0.9130434782608695,0.043478260869565216,0.043478260869565216,3.044522437723423,False,False,True,False,False,deletion neither uncertain nor option flip,False,,,,deletion neither uncertain nor option flip,,,,,,,,,,,,,,
4,1,-0.04652001563489282,-3.0910424533583156,0.9545454545454546,0.045454545454545456,sampling,5,0,0,0,0,False,no_informative_deletion,1,False,4,under the dash.,136,151,"Scenario: The repair ticket for my van is open. The technician is in the scan stall with a tablet that reads stored codes from the port For this step, what should I do?
Option1: Drive the van into the scan stall
Option2: Walk into the scan stall without the van
Question: Which one should I choose? Answer 1 for Option1 and 2 for Option2.

Evaluation answer protocol (this overrides earlier answer wording):
1 = Option1
2 = Option2
3 = after the deletion, the remaining scenario does not determine either Option1 or Option2
Output only 1, 2, or 3.",1,-0.4274440148269396,-3.1354942159291497,-1.1895840668738362,0.6521739130434783,0.043478260869565216,0.30434782608695654,0.7621400520468966,False,False,True,False,False,deletion neither uncertain nor option flip,False,,,,deletion neither uncertain nor option flip,,,,,,,,,,,,,,
5,1,-0.04652001563489282,-3.0910424533583156,0.9545454545454546,0.045454545454545456,sampling,5,0,0,0,0,False,no_informative_deletion,1,False,0,The scooter CVT issue is checked in.,10,46,"Scenario The mechanic is at the short loop with a tach meter to watch RPM during acceleration. Should I ride the scooter through the loop or walk through without it?
Option1: Ride the scooter through the loop
Option2: Walk through the loop without the scooter
Question: Which one should I choose? Answer 1 for Option1 and 2 for Option2.

Evaluation answer protocol (this overrides earlier answer wording):
1 = Option1
2 = Option2
3 = after the deletion, the remaining scenario does not determine either Option1 or Option2
Output only 1, 2, or 3.",1,-0.09097177820572676,-3.1354942159291497,-3.1354942159291497,0.9130434782608695,0.043478260869565216,0.043478260869565216,3.044522437723423,False,False,True,False,False,deletion neither uncertain nor option flip,False,,,,deletion neither uncertain nor option flip,,,,,,,,,,,,,,
5,1,-0.04652001563489282,-3.0910424533583156,0.9545454545454546,0.045454545454545456,sampling,5,0,0,0,0,False,no_informative_deletion,1,False,1,The mechanic is at the short loop,47,80,"Scenario: The scooter CVT issue is checked in. with a tach meter to watch RPM during acceleration. Should I ride the scooter through the loop or walk through without it?
Option1: Ride the scooter through the loop
Option2: Walk through the loop without the scooter
Question: Which one should I choose? Answer 1 for Option1 and 2 for Option2.

Evaluation answer protocol (this overrides earlier answer wording):
1 = Option1
2 = Option2
3 = after the deletion, the remaining scenario does not determine either Option1 or Option2
Output only 1, 2, or 3.",1,-0.09097177820572676,-3.1354942159291497,-3.1354942159291497,0.9130434782608695,0.043478260869565216,0.043478260869565216,3.044522437723423,False,False,True,False,False,deletion neither uncertain nor option flip,False,,,,deletion neither uncertain nor option flip,,,,,,,,,,,,,,
5,1,-0.04652001563489282,-3.0910424533583156,0.9545454545454546,0.045454545454545456,sampling,5,0,0,0,0,False,no_informative_deletion,1,False,2,with a tach meter,81,98,"Scenario: The scooter CVT issue is checked in. The mechanic is at the short loop to watch RPM during acceleration. Should I ride the scooter through the loop or walk through without it?
Option1: Ride the scooter through the loop
Option2: Walk through the loop without the scooter
Question: Which one should I choose? Answer 1 for Option1 and 2 for Option2.

Evaluation answer protocol (this overrides earlier answer wording):
1 = Option1
2 = Option2
3 = after the deletion, the remaining scenario does not determine either Option1 or Option2
Output only 1, 2, or 3.",1,-0.09097177820572676,-3.1354942159291497,-3.1354942159291497,0.9130434782608695,0.043478260869565216,0.043478260869565216,3.044522437723423,False,False,True,False,False,deletion neither uncertain nor option flip,False,,,,deletion neither uncertain nor option flip,,,,,,,,,,,,,,
5,1,-0.04652001563489282,-3.0910424533583156,0.9545454545454546,0.045454545454545456,sampling,5,0,0,0,0,False,no_informative_deletion,1,False,3,to watch RPM,99,111,"Scenario: The scooter CVT issue is checked in. The mechanic is at the short loop with a tach meter during acceleration. Should I ride the scooter through the loop or walk through without it?
Option1: Ride the scooter through the loop
Option2: Walk through the loop without the scooter
Question: Which one should I choose? Answer 1 for Option1 and 2 for Option2.

Evaluation answer protocol (this overrides earlier answer wording):
1 = Option1
2 = Option2
3 = after the deletion, the remaining scenario does not determine either Option1 or Option2
Output only 1, 2, or 3.",1,-0.09097177820572676,-3.1354942159291497,-3.1354942159291497,0.9130434782608695,0.043478260869565216,0.043478260869565216,3.044522437723423,False,False,True,False,False,deletion neither uncertain nor option flip,False,,,,deletion neither uncertain nor option flip,,,,,,,,,,,,,,
5,1,-0.04652001563489282,-3.0910424533583156,0.9545454545454546,0.045454545454545456,sampling,5,0,0,0,0,False,no_informative_deletion,1,False,4,during acceleration.,112,132,"Scenario: The scooter CVT issue is checked in. The mechanic is at the short loop with a tach meter to watch RPM Should I ride the scooter through the loop or walk through without it?
Option1: Ride the scooter through the loop
Option2: Walk through the loop without the scooter
Question: Which one should I choose? Answer 1 for Option1 and 2 for Option2.

Evaluation answer protocol (this overrides earlier answer wording):
1 = Option1
2 = Option2
3 = after the deletion, the remaining scenario does not determine either Option1 or Option2
Output only 1, 2, or 3.",1,-0.09097177820572676,-3.1354942159291497,-3.1354942159291497,0.9130434782608695,0.043478260869565216,0.043478260869565216,3.044522437723423,False,False,True,False,False,deletion neither uncertain nor option flip,False,,,,deletion neither uncertain nor option flip,,,,,,,,,,,,,,
6,1,-0.04652001563489282,-3.0910424533583156,0.9545454545454546,0.045454545454545456,sampling,3,0,0,0,0,False,no_informative_deletion,1,False,0,The taxi renewal is otherwise complete.,10,49,"Scenario The inspector is at the garage stripe to run the cab through a short emissions check. For this step, what should I do?
Option1: Drive the cab to the garage stripe
Option2: Walk to the garage stripe without the cab
Question: Which one should I choose? Answer 1 for Option1 and 2 for Option2.

Evaluation answer protocol (this overrides earlier answer wording):
1 = Option1
2 = Option2
3 = after the deletion, the remaining scenario does not determine either Option1 or Option2
Output only 1, 2, or 3.",1,-0.09097177820572676,-3.1354942159291497,-3.1354942159291497,0.9130434782608695,0.043478260869565216,0.043478260869565216,3.044522437723423,False,False,True,False,False,deletion neither uncertain nor option flip,False,,,,deletion neither uncertain nor option flip,,,,,,,,,,,,,,
6,1,-0.04652001563489282,-3.0910424533583156,0.9545454545454546,0.045454545454545456,sampling,3,0,0,0,0,False,no_informative_deletion,1,False,1,The inspector is at the garage stripe,50,87,"Scenario: The taxi renewal is otherwise complete. to run the cab through a short emissions check. For this step, what should I do?
Option1: Drive the cab to the garage stripe
Option2: Walk to the garage stripe without the cab
Question: Which one should I choose? Answer 1 for Option1 and 2 for Option2.

Evaluation answer protocol (this overrides earlier answer wording):
1 = Option1
2 = Option2
3 = after the deletion, the remaining scenario does not determine either Option1 or Option2
Output only 1, 2, or 3.",1,-0.09097177820572676,-3.1354942159291497,-3.1354942159291497,0.9130434782608695,0.043478260869565216,0.043478260869565216,3.044522437723423,False,False,True,False,False,deletion neither uncertain nor option flip,False,,,,deletion neither uncertain nor option flip,,,,,,,,,,,,,,
6,1,-0.04652001563489282,-3.0910424533583156,0.9545454545454546,0.045454545454545456,sampling,3,0,0,0,0,False,no_informative_deletion,1,False,2,to run the cab through a short emissions check.,88,135,"Scenario: The taxi renewal is otherwise complete. The inspector is at the garage stripe For this step, what should I do?
Option1: Drive the cab to the garage stripe
Option2: Walk to the garage stripe without the cab
Question: Which one should I choose? Answer 1 for Option1 and 2 for Option2.

Evaluation answer protocol (this overrides earlier answer wording):
1 = Option1
2 = Option2
3 = after the deletion, the remaining scenario does not determine either Option1 or Option2
Output only 1, 2, or 3.",1,-0.3022808718729337,-1.5260563034950494,-3.1354942159291497,0.7391304347826086,0.21739130434782608,0.043478260869565216,1.2237754316221157,False,False,True,False,False,deletion neither uncertain nor option flip,False,,,,deletion neither uncertain nor option flip,,,,,,,,,,,,,,
7,2,-1.4816045409242156,-0.2578291093020998,0.22727272727272727,0.7727272727272727,sampling,6,0,4,4,4,True,negation_nonflip,1,True,0,The clinic lost the spare key for my,10,46,"Scenario mobility scooter's storage bin and said they can cut one after matching the scooter ID label to my chart. The reception desk is down the hall. Should I walk to reception or bring the scooter?
Option1: Bring the scooter
Option2: Walk to reception
Question: Which one should I choose? Answer 1 for Option1 and 2 for Option2.

Evaluation answer protocol (this overrides earlier answer wording):
1 = Option1
2 = Option2
3 = after the deletion, the remaining scenario does not determine either Option1 or Option2
Output only 1, 2, or 3.",1,-0.13976194237515874,-2.4423470353692043,-3.1354942159291497,0.8695652173913043,0.08695652173913043,0.043478260869565216,2.3025850929940455,False,True,False,True,True,delete_person_flip,True,Scenario: The clinic did not lose the spare key for my mobility scooter's storage bin and said they can cut one after matching the scooter ID label to my chart.,"Scenario: The clinic did not lose the spare key for my mobility scooter's storage bin and said they can cut one after matching the scooter ID label to my chart. The reception desk is down the hall. Should I walk to reception or bring the scooter?
Option1: Bring the scooter
Option2: Walk to reception
Question: Which one should I choose? Answer 1 for Option1 and 2 for Option2.

Evaluation answer protocol (this overrides earlier answer wording):
1 = Option1
2 = Option2
You must choose Option1 or Option2. Output only 1 or 2; never output 3.",True,Negation added via 'did not lose' which is the minimal grammatical change required to negate the specific target span while preserving the rest of the sentence structure and facts.,1,-0.45198512374305727,-1.0116009116784799,,0.6363636363636364,0.36363636363636365,,0.5596157879354227,False,True,False,True,True,
7,2,-1.4816045409242156,-0.2578291093020998,0.22727272727272727,0.7727272727272727,sampling,6,0,4,4,4,True,negation_nonflip,1,True,1,mobility scooter's storage bin,47,77,"Scenario: The clinic lost the spare key for my said they can cut one after matching the scooter ID label to my chart. The reception desk is down the hall. Should I walk to reception or bring the scooter?
Option1: Bring the scooter
Option2: Walk to reception
Question: Which one should I choose? Answer 1 for Option1 and 2 for Option2.

Evaluation answer protocol (this overrides earlier answer wording):
1 = Option1
2 = Option2
3 = after the deletion, the remaining scenario does not determine either Option1 or Option2
Output only 1, 2, or 3.",1,-0.24512245803298496,-1.749199854809259,-3.1354942159291497,0.782608695652174,0.17391304347826086,0.043478260869565216,1.5040773967762742,False,True,False,True,True,delete_person_flip,True,Scenario: The clinic lost the spare key for my mobility scooter's storage bin and said they can cut one after matching the scooter ID label to my chart.,"Scenario: The clinic lost the spare key for my mobility scooter's storage bin and said they can cut one after matching the scooter ID label to my chart. The reception desk is down the hall. Should I walk to reception or bring the scooter?
Option1: Bring the scooter
Option2: Walk to reception
Question: Which one should I choose? Answer 1 for Option1 and 2 for Option2.

Evaluation answer protocol (this overrides earlier answer wording):
1 = Option1
2 = Option2
You must choose Option1 or Option2. Output only 1 or 2; never output 3.",True,"The target span 'mobility scooter's storage bin' is a noun phrase within a complex sentence. Negating it directly (e.g., changing 'for my mobility scooter's storage bin' to 'not for my mobility scooter's storage bin') breaks the grammatical structure of the clause 'lost the spare key for...'. A minimal negation like 'did not lose' negates the verb, not the span. Negating the existence or nature of the bin itself requires rewriting more than just the span without altering the surrounding facts or grammar minimally. Therefore, a valid minimal negation of only the proposition expressed by the target span while preserving all other entities and facts is not possible in this context.",2,-1.4816045409242156,-0.2578291093020998,,0.22727272727272727,0.7727272727272727,,1.2237754316221157,False,False,True,False,True,
7,2,-1.4816045409242156,-0.2578291093020998,0.22727272727272727,0.7727272727272727,sampling,6,0,4,4,4,True,negation_nonflip,1,True,2,and said they can cut one,78,103,"Scenario: The clinic lost the spare key for my mobility scooter's storage bin after matching the scooter ID label to my chart. The reception desk is down the hall. Should I walk to reception or bring the scooter?
Option1: Bring the scooter
Option2: Walk to reception
Question: Which one should I choose? Answer 1 for Option1 and 2 for Option2.

Evaluation answer protocol (this overrides earlier answer wording):
1 = Option1
2 = Option2
3 = after the deletion, the remaining scenario does not determine either Option1 or Option2
Output only 1, 2, or 3.",2,-2.4423470353692043,-0.13976194237515874,-3.1354942159291497,0.08695652173913043,0.8695652173913043,0.043478260869565216,2.3025850929940455,False,False,True,False,False,deletion neither uncertain nor option flip,False,,,,deletion neither uncertain nor option flip,,,,,,,,,,,,,,
7,2,-1.4816045409242156,-0.2578291093020998,0.22727272727272727,0.7727272727272727,sampling,6,0,4,4,4,True,negation_nonflip,1,True,3,after matching the scooter ID label,104,139,"Scenario: The clinic lost the spare key for my mobility scooter's storage bin and said they can cut one to my chart. The reception desk is down the hall. Should I walk to reception or bring the scooter?
Option1: Bring the scooter
Option2: Walk to reception
Question: Which one should I choose? Answer 1 for Option1 and 2 for Option2.

Evaluation answer protocol (this overrides earlier answer wording):
1 = Option1
2 = Option2
3 = after the deletion, the remaining scenario does not determine either Option1 or Option2
Output only 1, 2, or 3.",2,-1.3437347467010947,-0.3629054936893685,-3.1354942159291497,0.2608695652173913,0.6956521739130435,0.043478260869565216,0.9808292530117262,False,False,True,False,False,deletion neither uncertain nor option flip,False,,,,deletion neither uncertain nor option flip,,,,,,,,,,,,,,
7,2,-1.4816045409242156,-0.2578291093020998,0.22727272727272727,0.7727272727272727,sampling,6,0,4,4,4,True,negation_nonflip,1,True,4,to my chart.,140,152,"Scenario: The clinic lost the spare key for my mobility scooter's storage bin and said they can cut one after matching the scooter ID label The reception desk is down the hall. Should I walk to reception or bring the scooter?
Option1: Bring the scooter
Option2: Walk to reception
Question: Which one should I choose? Answer 1 for Option1 and 2 for Option2.

Evaluation answer protocol (this overrides earlier answer wording):
1 = Option1
2 = Option2
3 = after the deletion, the remaining scenario does not determine either Option1 or Option2
Output only 1, 2, or 3.",1,-0.3022808718729337,-1.5260563034950494,-3.1354942159291497,0.7391304347826086,0.21739130434782608,0.043478260869565216,1.2237754316221157,False,True,False,True,True,delete_person_flip,True,Scenario: The clinic lost the spare key for my mobility scooter's storage bin and said they can cut one after matching the scooter ID label to not my chart. The reception desk is down the hall.,"Scenario: The clinic lost the spare key for my mobility scooter's storage bin and said they can cut one after matching the scooter ID label to not my chart. The reception desk is down the hall. Should I walk to reception or bring the scooter?
Option1: Bring the scooter
Option2: Walk to reception
Question: Which one should I choose? Answer 1 for Option1 and 2 for Option2.

Evaluation answer protocol (this overrides earlier answer wording):
1 = Option1
2 = Option2
You must choose Option1 or Option2. Output only 1 or 2; never output 3.",True,"The negation 'not' is inserted immediately before the target span 'to my chart' to minimally negate the proposition that the label is matched to the chart, preserving all other entities and facts.",1,-0.1466034741918754,-1.9924301646902063,,0.8636363636363636,0.13636363636363635,,1.845826690498331,False,True,False,True,True,
7,2,-1.4816045409242156,-0.2578291093020998,0.22727272727272727,0.7727272727272727,sampling,6,0,4,4,4,True,negation_nonflip,1,True,5,The reception desk is down the hall.,153,189,"Scenario: The clinic lost the spare key for my mobility scooter's storage bin and said they can cut one after matching the scooter ID label to my chart. Should I walk to reception or bring the scooter?
Option1: Bring the scooter
Option2: Walk to reception
Question: Which one should I choose? Answer 1 for Option1 and 2 for Option2.

Evaluation answer protocol (this overrides earlier answer wording):
1 = Option1
2 = Option2
3 = after the deletion, the remaining scenario does not determine either Option1 or Option2
Output only 1, 2, or 3.",1,-0.09097177820572676,-3.1354942159291497,-3.1354942159291497,0.9130434782608695,0.043478260869565216,0.043478260869565216,3.044522437723423,False,True,False,True,True,delete_person_flip,True,The reception desk is not down the hall. Should I walk to reception or bring the scooter?,"Scenario: The clinic lost the spare key for my mobility scooter's storage bin and said they can cut one after matching the scooter ID label to my chart. The reception desk is not down the hall. Should I walk to reception or bring the scooter?
Option1: Bring the scooter
Option2: Walk to reception
Question: Which one should I choose? Answer 1 for Option1 and 2 for Option2.

Evaluation answer protocol (this overrides earlier answer wording):
1 = Option1
2 = Option2
You must choose Option1 or Option2. Output only 1 or 2; never output 3.",True,"Minimal negation achieved by inserting 'not' before the verb 'is'. All other elements including entities, options, and question structure are preserved.",1,-0.04652001563489282,-3.0910424533583156,,0.9545454545454546,0.045454545454545456,,3.044522437723423,False,True,False,True,True,
8,2,-3.0910424533583156,-0.04652001563489282,0.045454545454545456,0.9545454545454546,sampling,3,0,0,0,0,False,no_informative_deletion,2,False,0,I need to make staff copies.,10,38,"Scenario The copier records usage only after the department card is swiped. What should I use?
Option1: Tell the copier my department name
Option2: Swipe the department card
Question: Which one should I choose? Answer 1 for Option1 and 2 for Option2.

Evaluation answer protocol (this overrides earlier answer wording):
1 = Option1
2 = Option2
3 = after the deletion, the remaining scenario does not determine either Option1 or Option2
Output only 1, 2, or 3.",2,-3.1354942159291497,-0.09097177820572676,-3.1354942159291497,0.043478260869565216,0.9130434782608695,0.043478260869565216,3.044522437723423,False,False,True,False,False,deletion neither uncertain nor option flip,False,,,,deletion neither uncertain nor option flip,,,,,,,,,,,,,,
8,2,-3.0910424533583156,-0.04652001563489282,0.045454545454545456,0.9545454545454546,sampling,3,0,0,0,0,False,no_informative_deletion,2,False,1,The copier records usage only,39,68,"Scenario: I need to make staff copies. after the department card is swiped. What should I use?
Option1: Tell the copier my department name
Option2: Swipe the department card
Question: Which one should I choose? Answer 1 for Option1 and 2 for Option2.

Evaluation answer protocol (this overrides earlier answer wording):
1 = Option1
2 = Option2
3 = after the deletion, the remaining scenario does not determine either Option1 or Option2
Output only 1, 2, or 3.",2,-3.1354942159291497,-0.09097177820572676,-3.1354942159291497,0.043478260869565216,0.9130434782608695,0.043478260869565216,3.044522437723423,False,False,True,False,False,deletion neither uncertain nor option flip,False,,,,deletion neither uncertain nor option flip,,,,,,,,,,,,,,
8,2,-3.0910424533583156,-0.04652001563489282,0.045454545454545456,0.9545454545454546,sampling,3,0,0,0,0,False,no_informative_deletion,2,False,2,after the department card is swiped.,69,105,"Scenario: I need to make staff copies. The copier records usage only What should I use?
Option1: Tell the copier my department name
Option2: Swipe the department card
Question: Which one should I choose? Answer 1 for Option1 and 2 for Option2.

Evaluation answer protocol (this overrides earlier answer wording):
1 = Option1
2 = Option2
3 = after the deletion, the remaining scenario does not determine either Option1 or Option2
Output only 1, 2, or 3.",2,-1.3437347467010947,-0.3629054936893685,-3.1354942159291497,0.2608695652173913,0.6956521739130435,0.043478260869565216,0.9808292530117262,False,False,True,False,False,deletion neither uncertain nor option flip,False,,,,deletion neither uncertain nor option flip,,,,,,,,,,,,,,
9,1,-0.04652001563489282,-3.0910424533583156,0.9545454545454546,0.045454545454545456,sampling,4,0,0,0,0,False,no_informative_deletion,1,False,0,I am dropping a bag at event storage.,10,47,"Scenario The storage desk says bags are accepted only after the numbered tag is attached to the handle. For this step, what should I bring?
Option1: Bring the bag with the tag attached
Option2: Bring only the numbered tag
Question: Which one should I choose? Answer 1 for Option1 and 2 for Option2.

Evaluation answer protocol (this overrides earlier answer wording):
1 = Option1
2 = Option2
3 = after the deletion, the remaining scenario does not determine either Option1 or Option2
Output only 1, 2, or 3.",1,-0.09097177820572676,-3.1354942159291497,-3.1354942159291497,0.9130434782608695,0.043478260869565216,0.043478260869565216,3.044522437723423,False,False,True,False,False,deletion neither uncertain nor option flip,False,,,,deletion neither uncertain nor option flip,,,,,,,,,,,,,,
9,1,-0.04652001563489282,-3.0910424533583156,0.9545454545454546,0.045454545454545456,sampling,4,0,0,0,0,False,no_informative_deletion,1,False,1,The storage desk says bags are accepted only,48,92,"Scenario: I am dropping a bag at event storage. after the numbered tag is attached to the handle. For this step, what should I bring?
Option1: Bring the bag with the tag attached
Option2: Bring only the numbered tag
Question: Which one should I choose? Answer 1 for Option1 and 2 for Option2.

Evaluation answer protocol (this overrides earlier answer wording):
1 = Option1
2 = Option2
3 = after the deletion, the remaining scenario does not determine either Option1 or Option2
Output only 1, 2, or 3.",1,-0.09097177820572676,-3.1354942159291497,-3.1354942159291497,0.9130434782608695,0.043478260869565216,0.043478260869565216,3.044522437723423,False,False,True,False,False,deletion neither uncertain nor option flip,False,,,,deletion neither uncertain nor option flip,,,,,,,,,,,,,,
9,1,-0.04652001563489282,-3.0910424533583156,0.9545454545454546,0.045454545454545456,sampling,4,0,0,0,0,False,no_informative_deletion,1,False,2,after the numbered tag is attached,93,127,"Scenario: I am dropping a bag at event storage. The storage desk says bags are accepted only to the handle. For this step, what should I bring?
Option1: Bring the bag with the tag attached
Option2: Bring only the numbered tag
Question: Which one should I choose? Answer 1 for Option1 and 2 for Option2.

Evaluation answer protocol (this overrides earlier answer wording):
1 = Option1
2 = Option2
3 = after the deletion, the remaining scenario does not determine either Option1 or Option2
Output only 1, 2, or 3.",1,-0.09097177820572676,-3.1354942159291497,-3.1354942159291497,0.9130434782608695,0.043478260869565216,0.043478260869565216,3.044522437723423,False,False,True,False,False,deletion neither uncertain nor option flip,False,,,,deletion neither uncertain nor option flip,,,,,,,,,,,,,,
9,1,-0.04652001563489282,-3.0910424533583156,0.9545454545454546,0.045454545454545456,sampling,4,0,0,0,0,False,no_informative_deletion,1,False,3,to the handle.,128,142,"Scenario: I am dropping a bag at event storage. The storage desk says bags are accepted only after the numbered tag is attached For this step, what should I bring?
Option1: Bring the bag with the tag attached
Option2: Bring only the numbered tag
Question: Which one should I choose? Answer 1 for Option1 and 2 for Option2.

Evaluation answer protocol (this overrides earlier answer wording):
1 = Option1
2 = Option2
3 = after the deletion, the remaining scenario does not determine either Option1 or Option2
Output only 1, 2, or 3.",1,-0.09097177820572676,-3.1354942159291497,-3.1354942159291497,0.9130434782608695,0.043478260869565216,0.043478260869565216,3.044522437723423,False,False,True,False,False,deletion neither uncertain nor option flip,False,,,,deletion neither uncertain nor option flip,,,,,,,,,,,,,,
10,1,-0.04652001563489282,-3.0910424533583156,0.9545454545454546,0.045454545454545456,sampling,4,0,0,0,0,False,no_informative_deletion,1,False,0,I am adding a label printer to inventory.,10,51,"Scenario The inventory tag must be applied to the top panel before the clerk scans it. What should I bring to inventory desk?
Option1: The label printer with the inventory tag applied
Option2: Only the inventory tag
Question: Which one should I choose? Answer 1 for Option1 and 2 for Option2.

Evaluation answer protocol (this overrides earlier answer wording):
1 = Option1
2 = Option2
3 = after the deletion, the remaining scenario does not determine either Option1 or Option2
Output only 1, 2, or 3.",1,-0.09097177820572676,-3.1354942159291497,-3.1354942159291497,0.9130434782608695,0.043478260869565216,0.043478260869565216,3.044522437723423,False,False,True,False,False,deletion neither uncertain nor option flip,False,,,,deletion neither uncertain nor option flip,,,,,,,,,,,,,,
10,1,-0.04652001563489282,-3.0910424533583156,0.9545454545454546,0.045454545454545456,sampling,4,0,0,0,0,False,no_informative_deletion,1,False,1,The inventory tag must be applied,52,85,"Scenario: I am adding a label printer to inventory. to the top panel before the clerk scans it. What should I bring to inventory desk?
Option1: The label printer with the inventory tag applied
Option2: Only the inventory tag
Question: Which one should I choose? Answer 1 for Option1 and 2 for Option2.

Evaluation answer protocol (this overrides earlier answer wording):
1 = Option1
2 = Option2
3 = after the deletion, the remaining scenario does not determine either Option1 or Option2
Output only 1, 2, or 3.",1,-0.09097177820572676,-3.1354942159291497,-3.1354942159291497,0.9130434782608695,0.043478260869565216,0.043478260869565216,3.044522437723423,False,False,True,False,False,deletion neither uncertain nor option flip,False,,,,deletion neither uncertain nor option flip,,,,,,,,,,,,,,
10,1,-0.04652001563489282,-3.0910424533583156,0.9545454545454546,0.045454545454545456,sampling,4,0,0,0,0,False,no_informative_deletion,1,False,2,to the top panel,86,102,"Scenario: I am adding a label printer to inventory. The inventory tag must be applied before the clerk scans it. What should I bring to inventory desk?
Option1: The label printer with the inventory tag applied
Option2: Only the inventory tag
Question: Which one should I choose? Answer 1 for Option1 and 2 for Option2.

Evaluation answer protocol (this overrides earlier answer wording):
1 = Option1
2 = Option2
3 = after the deletion, the remaining scenario does not determine either Option1 or Option2
Output only 1, 2, or 3.",1,-0.09097177820572676,-3.1354942159291497,-3.1354942159291497,0.9130434782608695,0.043478260869565216,0.043478260869565216,3.044522437723423,False,False,True,False,False,deletion neither uncertain nor option flip,False,,,,deletion neither uncertain nor option flip,,,,,,,,,,,,,,
10,1,-0.04652001563489282,-3.0910424533583156,0.9545454545454546,0.045454545454545456,sampling,4,0,0,0,0,False,no_informative_deletion,1,False,3,before the clerk scans it.,103,129,"Scenario: I am adding a label printer to inventory. The inventory tag must be applied to the top panel What should I bring to inventory desk?
Option1: The label printer with the inventory tag applied
Option2: Only the inventory tag
Question: Which one should I choose? Answer 1 for Option1 and 2 for Option2.

Evaluation answer protocol (this overrides earlier answer wording):
1 = Option1
2 = Option2
3 = after the deletion, the remaining scenario does not determine either Option1 or Option2
Output only 1, 2, or 3.",1,-0.09097177820572676,-3.1354942159291497,-3.1354942159291497,0.9130434782608695,0.043478260869565216,0.043478260869565216,3.044522437723423,False,False,True,False,False,deletion neither uncertain nor option flip,False,,,,deletion neither uncertain nor option flip,,,,,,,,,,,,,,
11,1,-0.04652001563489282,-3.0910424533583156,0.9545454545454546,0.045454545454545456,sampling,4,0,0,0,0,False,no_informative_deletion,1,False,0,The UTV return contract is prepared.,10,46,"Scenario The rental worker is at the return stall to photograph the bumper dent and hour meter. Should I park the UTV in the stall or walk to the stall without it?
Option1: Park the UTV in the stall
Option2: Walk to the stall without the UTV
Question: Which one should I choose? Answer 1 for Option1 and 2 for Option2.

Evaluation answer protocol (this overrides earlier answer wording):
1 = Option1
2 = Option2
3 = after the deletion, the remaining scenario does not determine either Option1 or Option2
Output only 1, 2, or 3.",1,-0.09097177820572676,-3.1354942159291497,-3.1354942159291497,0.9130434782608695,0.043478260869565216,0.043478260869565216,3.044522437723423,False,False,True,False,False,deletion neither uncertain nor option flip,False,,,,deletion neither uncertain nor option flip,,,,,,,,,,,,,,
11,1,-0.04652001563489282,-3.0910424533583156,0.9545454545454546,0.045454545454545456,sampling,4,0,0,0,0,False,no_informative_deletion,1,False,1,The rental worker is at the return stall,47,87,"Scenario: The UTV return contract is prepared. to photograph the bumper dent and hour meter. Should I park the UTV in the stall or walk to the stall without it?
Option1: Park the UTV in the stall
Option2: Walk to the stall without the UTV
Question: Which one should I choose? Answer 1 for Option1 and 2 for Option2.

Evaluation answer protocol (this overrides earlier answer wording):
1 = Option1
2 = Option2
3 = after the deletion, the remaining scenario does not determine either Option1 or Option2
Output only 1, 2, or 3.",1,-0.09097177820572676,-3.1354942159291497,-3.1354942159291497,0.9130434782608695,0.043478260869565216,0.043478260869565216,3.044522437723423,False,False,True,False,False,deletion neither uncertain nor option flip,False,,,,deletion neither uncertain nor option flip,,,,,,,,,,,,,,
11,1,-0.04652001563489282,-3.0910424533583156,0.9545454545454546,0.045454545454545456,sampling,4,0,0,0,0,False,no_informative_deletion,1,False,2,to photograph the bumper dent,88,117,"Scenario: The UTV return contract is prepared. The rental worker is at the return stall hour meter. Should I park the UTV in the stall or walk to the stall without it?
Option1: Park the UTV in the stall
Option2: Walk to the stall without the UTV
Question: Which one should I choose? Answer 1 for Option1 and 2 for Option2.

Evaluation answer protocol (this overrides earlier answer wording):
1 = Option1
2 = Option2
3 = after the deletion, the remaining scenario does not determine either Option1 or Option2
Output only 1, 2, or 3.",1,-0.09097177820572676,-3.1354942159291497,-3.1354942159291497,0.9130434782608695,0.043478260869565216,0.043478260869565216,3.044522437723423,False,False,True,False,False,deletion neither uncertain nor option flip,False,,,,deletion neither uncertain nor option flip,,,,,,,,,,,,,,
11,1,-0.04652001563489282,-3.0910424533583156,0.9545454545454546,0.045454545454545456,sampling,4,0,0,0,0,False,no_informative_deletion,1,False,3,and hour meter.,118,133,"Scenario: The UTV return contract is prepared. The rental worker is at the return stall to photograph the bumper dent Should I park the UTV in the stall or walk to the stall without it?
Option1: Park the UTV in the stall
Option2: Walk to the stall without the UTV
Question: Which one should I choose? Answer 1 for Option1 and 2 for Option2.

Evaluation answer protocol (this overrides earlier answer wording):
1 = Option1
2 = Option2
3 = after the deletion, the remaining scenario does not determine either Option1 or Option2
Output only 1, 2, or 3.",1,-0.09097177820572676,-3.1354942159291497,-3.1354942159291497,0.9130434782608695,0.043478260869565216,0.043478260869565216,3.044522437723423,False,False,True,False,False,deletion neither uncertain nor option flip,False,,,,deletion neither uncertain nor option flip,,,,,,,,,,,,,,
12,2,-3.0910424533583156,-0.04652001563489282,0.045454545454545456,0.9545454545454546,sampling,3,0,0,0,0,False,no_informative_deletion,2,False,0,I am checking in a photo backdrop.,10,44,"Scenario The hall sticker must be on the support bag before it goes behind the stage. What should I bring backstage?
Option1: Only the hall sticker
Option2: The backdrop bag with the sticker attached
Question: Which one should I choose? Answer 1 for Option1 and 2 for Option2.

Evaluation answer protocol (this overrides earlier answer wording):
1 = Option1
2 = Option2
3 = after the deletion, the remaining scenario does not determine either Option1 or Option2
Output only 1, 2, or 3.",2,-3.1354942159291497,-0.09097177820572676,-3.1354942159291497,0.043478260869565216,0.9130434782608695,0.043478260869565216,3.044522437723423,False,False,True,False,False,deletion neither uncertain nor option flip,False,,,,deletion neither uncertain nor option flip,,,,,,,,,,,,,,
12,2,-3.0910424533583156,-0.04652001563489282,0.045454545454545456,0.9545454545454546,sampling,3,0,0,0,0,False,no_informative_deletion,2,False,1,The hall sticker must be on the support bag,45,88,"Scenario: I am checking in a photo backdrop. before it goes behind the stage. What should I bring backstage?
Option1: Only the hall sticker
Option2: The backdrop bag with the sticker attached
Question: Which one should I choose? Answer 1 for Option1 and 2 for Option2.

Evaluation answer protocol (this overrides earlier answer wording):
1 = Option1
2 = Option2
3 = after the deletion, the remaining scenario does not determine either Option1 or Option2
Output only 1, 2, or 3.",2,-3.1354942159291497,-0.09097177820572676,-3.1354942159291497,0.043478260869565216,0.9130434782608695,0.043478260869565216,3.044522437723423,False,False,True,False,False,deletion neither uncertain nor option flip,False,,,,deletion neither uncertain nor option flip,,,,,,,,,,,,,,
12,2,-3.0910424533583156,-0.04652001563489282,0.045454545454545456,0.9545454545454546,sampling,3,0,0,0,0,False,no_informative_deletion,2,False,2,before it goes behind the stage.,89,121,"Scenario: I am checking in a photo backdrop. The hall sticker must be on the support bag What should I bring backstage?
Option1: Only the hall sticker
Option2: The backdrop bag with the sticker attached
Question: Which one should I choose? Answer 1 for Option1 and 2 for Option2.

Evaluation answer protocol (this overrides earlier answer wording):
1 = Option1
2 = Option2
3 = after the deletion, the remaining scenario does not determine either Option1 or Option2
Output only 1, 2, or 3.",2,-3.1354942159291497,-0.09097177820572676,-3.1354942159291497,0.043478260869565216,0.9130434782608695,0.043478260869565216,3.044522437723423,False,False,True,False,False,deletion neither uncertain nor option flip,False,,,,deletion neither uncertain nor option flip,,,,,,,,,,,,,,
13,1,-0.04652001563489282,-3.0910424533583156,0.9545454545454546,0.045454545454545456,sampling,3,0,0,0,0,False,no_informative_deletion,1,False,0,I am submitting an archive folder.,10,44,"Scenario The collection label must be on the folder tab before staff shelve it. What should I bring to archive intake?
Option1: The folder with the label on the tab
Option2: Only the collection label
Question: Which one should I choose? Answer 1 for Option1 and 2 for Option2.

Evaluation answer protocol (this overrides earlier answer wording):
1 = Option1
2 = Option2
3 = after the deletion, the remaining scenario does not determine either Option1 or Option2
Output only 1, 2, or 3.",1,-0.09097177820572676,-3.1354942159291497,-3.1354942159291497,0.9130434782608695,0.043478260869565216,0.043478260869565216,3.044522437723423,False,False,True,False,False,deletion neither uncertain nor option flip,False,,,,deletion neither uncertain nor option flip,,,,,,,,,,,,,,
13,1,-0.04652001563489282,-3.0910424533583156,0.9545454545454546,0.045454545454545456,sampling,3,0,0,0,0,False,no_informative_deletion,1,False,1,The collection label must be on the folder tab,45,91,"Scenario: I am submitting an archive folder. before staff shelve it. What should I bring to archive intake?
Option1: The folder with the label on the tab
Option2: Only the collection label
Question: Which one should I choose? Answer 1 for Option1 and 2 for Option2.

Evaluation answer protocol (this overrides earlier answer wording):
1 = Option1
2 = Option2
3 = after the deletion, the remaining scenario does not determine either Option1 or Option2
Output only 1, 2, or 3.",1,-0.09097177820572676,-3.1354942159291497,-3.1354942159291497,0.9130434782608695,0.043478260869565216,0.043478260869565216,3.044522437723423,False,False,True,False,False,deletion neither uncertain nor option flip,False,,,,deletion neither uncertain nor option flip,,,,,,,,,,,,,,
13,1,-0.04652001563489282,-3.0910424533583156,0.9545454545454546,0.045454545454545456,sampling,3,0,0,0,0,False,no_informative_deletion,1,False,2,before staff shelve it.,92,115,"Scenario: I am submitting an archive folder. The collection label must be on the folder tab What should I bring to archive intake?
Option1: The folder with the label on the tab
Option2: Only the collection label
Question: Which one should I choose? Answer 1 for Option1 and 2 for Option2.

Evaluation answer protocol (this overrides earlier answer wording):
1 = Option1
2 = Option2
3 = after the deletion, the remaining scenario does not determine either Option1 or Option2
Output only 1, 2, or 3.",1,-0.09097177820572676,-3.1354942159291497,-3.1354942159291497,0.9130434782608695,0.043478260869565216,0.043478260869565216,3.044522437723423,False,False,True,False,False,deletion neither uncertain nor option flip,False,,,,deletion neither uncertain nor option flip,,,,,,,,,,,,,,
14,,,,,,,,,,,,,,,,,,,,,,,,,,,,,,,,,,,,,,,,,,,,,,,,,,,,,binary original prediction was not 1 or 2
15,1,-0.04652001563489282,-3.0910424533583156,0.9545454545454546,0.045454545454545456,sampling,5,0,2,2,2,True,negation_nonflip,1,False,0,I am updating my campus permit file.,10,46,"Scenario The security clerk scans paper proof and discards it, while the mirror pass must remain active hanging from the mirror. What should I submit to the security clerk?
Option1: A paper copy of the mirror pass
Option2: The physical mirror pass
Question: Which one should I choose? Answer 1 for Option1 and 2 for Option2.

Evaluation answer protocol (this overrides earlier answer wording):
1 = Option1
2 = Option2
3 = after the deletion, the remaining scenario does not determine either Option1 or Option2
Output only 1, 2, or 3.",2,-1.0560526742493137,-0.496436886313891,-3.1354942159291497,0.34782608695652173,0.6086956521739131,0.043478260869565216,0.5596157879354227,False,True,False,True,True,delete_person_flip,True,"Scenario: I am not updating my campus permit file. The security clerk scans paper proof and discards it, while the mirror pass must remain active hanging from the mirror.","Scenario: I am not updating my campus permit file. The security clerk scans paper proof and discards it, while the mirror pass must remain active hanging from the mirror. What should I submit to the security clerk?
Option1: A paper copy of the mirror pass
Option2: The physical mirror pass
Question: Which one should I choose? Answer 1 for Option1 and 2 for Option2.

Evaluation answer protocol (this overrides earlier answer wording):
1 = Option1
2 = Option2
You must choose Option1 or Option2. Output only 1 or 2; never output 3.",True,"The negation is applied minimally to the verb phrase 'am updating' by inserting 'not', preserving all other entities, facts, and context.",1,-0.04652001563489282,-3.0910424533583156,,0.9545454545454546,0.045454545454545456,,3.044522437723423,False,False,True,False,True,
15,1,-0.04652001563489282,-3.0910424533583156,0.9545454545454546,0.045454545454545456,sampling,5,0,2,2,2,True,negation_nonflip,1,False,1,The security clerk scans paper proof,47,83,"Scenario: I am updating my campus permit file. discards it, while the mirror pass must remain active hanging from the mirror. What should I submit to the security clerk?
Option1: A paper copy of the mirror pass
Option2: The physical mirror pass
Question: Which one should I choose? Answer 1 for Option1 and 2 for Option2.

Evaluation answer protocol (this overrides earlier answer wording):
1 = Option1
2 = Option2
3 = after the deletion, the remaining scenario does not determine either Option1 or Option2
Output only 1, 2, or 3.",2,-3.1354942159291497,-0.09097177820572676,-3.1354942159291497,0.043478260869565216,0.9130434782608695,0.043478260869565216,3.044522437723423,False,True,False,True,True,delete_person_flip,True,"The security clerk does not scan paper proof and discards it, while the mirror pass must remain active hanging from the mirror.","Scenario: I am updating my campus permit file. The security clerk does not scan paper proof and discards it, while the mirror pass must remain active hanging from the mirror. What should I submit to the security clerk?
Option1: A paper copy of the mirror pass
Option2: The physical mirror pass
Question: Which one should I choose? Answer 1 for Option1 and 2 for Option2.

Evaluation answer protocol (this overrides earlier answer wording):
1 = Option1
2 = Option2
You must choose Option1 or Option2. Output only 1 or 2; never output 3.",True,"Negated the verb phrase 'scans' to 'does not scan' using minimal grammatical change. Preserved all other entities, descriptions, and facts.",2,-1.4816045409242156,-0.2578291093020998,,0.22727272727272727,0.7727272727272727,,1.2237754316221157,False,True,False,True,True,
15,1,-0.04652001563489282,-3.0910424533583156,0.9545454545454546,0.045454545454545456,sampling,5,0,2,2,2,True,negation_nonflip,1,False,2,and discards it,84,99,"Scenario: I am updating my campus permit file. The security clerk scans paper proof while the mirror pass must remain active hanging from the mirror. What should I submit to the security clerk?
Option1: A paper copy of the mirror pass
Option2: The physical mirror pass
Question: Which one should I choose? Answer 1 for Option1 and 2 for Option2.

Evaluation answer protocol (this overrides earlier answer wording):
1 = Option1
2 = Option2
3 = after the deletion, the remaining scenario does not determine either Option1 or Option2
Output only 1, 2, or 3.",1,-0.09097177820572676,-3.1354942159291497,-3.1354942159291497,0.9130434782608695,0.043478260869565216,0.043478260869565216,3.044522437723423,False,False,True,False,False,deletion neither uncertain nor option flip,False,,,,deletion neither uncertain nor option flip,,,,,,,,,,,,,,
15,1,-0.04652001563489282,-3.0910424533583156,0.9545454545454546,0.045454545454545456,sampling,5,0,2,2,2,True,negation_nonflip,1,False,3,while the mirror pass must remain active hanging,101,149,"Scenario: I am updating my campus permit file. The security clerk scans paper proof and discards it from the mirror. What should I submit to the security clerk?
Option1: A paper copy of the mirror pass
Option2: The physical mirror pass
Question: Which one should I choose? Answer 1 for Option1 and 2 for Option2.

Evaluation answer protocol (this overrides earlier answer wording):
1 = Option1
2 = Option2
3 = after the deletion, the remaining scenario does not determine either Option1 or Option2
Output only 1, 2, or 3.",1,-0.09097177820572676,-3.1354942159291497,-3.1354942159291497,0.9130434782608695,0.043478260869565216,0.043478260869565216,3.044522437723423,False,False,True,False,False,deletion neither uncertain nor option flip,False,,,,deletion neither uncertain nor option flip,,,,,,,,,,,,,,
15,1,-0.04652001563489282,-3.0910424533583156,0.9545454545454546,0.045454545454545456,sampling,5,0,2,2,2,True,negation_nonflip,1,False,4,from the mirror.,150,166,"Scenario: I am updating my campus permit file. The security clerk scans paper proof and discards it, while the mirror pass must remain active hanging What should I submit to the security clerk?
Option1: A paper copy of the mirror pass
Option2: The physical mirror pass
Question: Which one should I choose? Answer 1 for Option1 and 2 for Option2.

Evaluation answer protocol (this overrides earlier answer wording):
1 = Option1
2 = Option2
3 = after the deletion, the remaining scenario does not determine either Option1 or Option2
Output only 1, 2, or 3.",1,-0.09097177820572676,-3.1354942159291497,-3.1354942159291497,0.9130434782608695,0.043478260869565216,0.043478260869565216,3.044522437723423,False,False,True,False,False,deletion neither uncertain nor option flip,False,,,,deletion neither uncertain nor option flip,,,,,,,,,,,,,,
16,1,-0.1466034741918754,-1.9924301646902063,0.8636363636363636,0.13636363636363635,sampling,4,0,2,2,2,True,negation_nonflip,1,False,0,I am updating a tenant file,10,37,"Scenario with a smoke-detector purchase. The clerk scans and discards receipts, while the rebate envelope needs the original. What should I hand to the clerk?
Option1: A printed receipt copy
Option2: The original receipt
Question: Which one should I choose? Answer 1 for Option1 and 2 for Option2.

Evaluation answer protocol (this overrides earlier answer wording):
1 = Option1
2 = Option2
3 = after the deletion, the remaining scenario does not determine either Option1 or Option2
Output only 1, 2, or 3.",2,-1.5260563034950494,-0.3022808718729337,-3.1354942159291497,0.21739130434782608,0.7391304347826086,0.043478260869565216,1.2237754316221157,False,True,False,True,True,delete_person_flip,True,Scenario: I am not updating a tenant file with a smoke-detector purchase.,"Scenario: I am not updating a tenant file with a smoke-detector purchase. The clerk scans and discards receipts, while the rebate envelope needs the original. What should I hand to the clerk?
Option1: A printed receipt copy
Option2: The original receipt
Question: Which one should I choose? Answer 1 for Option1 and 2 for Option2.

Evaluation answer protocol (this overrides earlier answer wording):
1 = Option1
2 = Option2
You must choose Option1 or Option2. Output only 1 or 2; never output 3.",True,The target span 'I am updating a tenant file' is negated by inserting 'not' before the participle 'updating'. This preserves the context of the smoke-detector purchase and the surrounding sentence structure while minimally altering the grammar to express negation.,1,-0.2006706954621511,-1.7047480922384253,,0.8181818181818182,0.18181818181818182,,1.5040773967762742,False,False,True,False,True,
16,1,-0.1466034741918754,-1.9924301646902063,0.8636363636363636,0.13636363636363635,sampling,4,0,2,2,2,True,negation_nonflip,1,False,1,with a smoke-detector purchase.,38,69,"Scenario: I am updating a tenant file The clerk scans and discards receipts, while the rebate envelope needs the original. What should I hand to the clerk?
Option1: A printed receipt copy
Option2: The original receipt
Question: Which one should I choose? Answer 1 for Option1 and 2 for Option2.

Evaluation answer protocol (this overrides earlier answer wording):
1 = Option1
2 = Option2
3 = after the deletion, the remaining scenario does not determine either Option1 or Option2
Output only 1, 2, or 3.",1,-0.24512245803298496,-1.749199854809259,-3.1354942159291497,0.782608695652174,0.17391304347826086,0.043478260869565216,1.5040773967762742,False,False,True,False,False,deletion neither uncertain nor option flip,False,,,,deletion neither uncertain nor option flip,,,,,,,,,,,,,,
16,1,-0.1466034741918754,-1.9924301646902063,0.8636363636363636,0.13636363636363635,sampling,4,0,2,2,2,True,negation_nonflip,1,False,2,The clerk scans and discards receipts,70,107,"Scenario: I am updating a tenant file with a smoke-detector purchase. while the rebate envelope needs the original. What should I hand to the clerk?
Option1: A printed receipt copy
Option2: The original receipt
Question: Which one should I choose? Answer 1 for Option1 and 2 for Option2.

Evaluation answer protocol (this overrides earlier answer wording):
1 = Option1
2 = Option2
3 = after the deletion, the remaining scenario does not determine either Option1 or Option2
Output only 1, 2, or 3.",2,-0.9382696385929302,-0.570544858467613,-3.1354942159291497,0.391304347826087,0.5652173913043478,0.043478260869565216,0.3677247801253172,False,True,False,True,True,delete_person_flip,True,"The clerk does not scan and discard receipts, while the rebate envelope needs the original.","Scenario: I am updating a tenant file with a smoke-detector purchase. The clerk does not scan and discard receipts, while the rebate envelope needs the original. What should I hand to the clerk?
Option1: A printed receipt copy
Option2: The original receipt
Question: Which one should I choose? Answer 1 for Option1 and 2 for Option2.

Evaluation answer protocol (this overrides earlier answer wording):
1 = Option1
2 = Option2
You must choose Option1 or Option2. Output only 1 or 2; never output 3.",True,Added 'not' to negate the verb phrase 'scans and discards'. Preserved the second clause about the rebate envelope as it is unrelated to the target span.,2,-1.1451323043030026,-0.38299225225610584,,0.3181818181818182,0.6818181818181818,,0.7621400520468968,False,True,False,True,True,
16,1,-0.1466034741918754,-1.9924301646902063,0.8636363636363636,0.13636363636363635,sampling,4,0,2,2,2,True,negation_nonflip,1,False,3,while the rebate envelope needs the original.,109,154,"Scenario: I am updating a tenant file with a smoke-detector purchase. The clerk scans and discards receipts What should I hand to the clerk?
Option1: A printed receipt copy
Option2: The original receipt
Question: Which one should I choose? Answer 1 for Option1 and 2 for Option2.

Evaluation answer protocol (this overrides earlier answer wording):
1 = Option1
2 = Option2
3 = after the deletion, the remaining scenario does not determine either Option1 or Option2
Output only 1, 2, or 3.",1,-0.09097177820572676,-3.1354942159291497,-3.1354942159291497,0.9130434782608695,0.043478260869565216,0.043478260869565216,3.044522437723423,False,False,True,False,False,deletion neither uncertain nor option flip,False,,,,deletion neither uncertain nor option flip,,,,,,,,,,,,,,
17,1,-0.04652001563489282,-3.0910424533583156,0.9545454545454546,0.045454545454545456,sampling,3,0,0,0,0,False,no_informative_deletion,1,False,0,The horse trailer's marker-light complaint is written up.,10,67,"Scenario The shop electrician is waiting at the 7-pin tester to load the circuit. Should I tow the trailer to the tester or walk to the tester without it?
Option1: Tow the trailer to the tester
Option2: Walk to the tester without the trailer
Question: Which one should I choose? Answer 1 for Option1 and 2 for Option2.

Evaluation answer protocol (this overrides earlier answer wording):
1 = Option1
2 = Option2
3 = after the deletion, the remaining scenario does not determine either Option1 or Option2
Output only 1, 2, or 3.",1,-0.19105523676270922,-2.03688192726104,-3.1354942159291497,0.8260869565217391,0.13043478260869565,0.043478260869565216,1.845826690498331,False,False,True,False,False,deletion neither uncertain nor option flip,False,,,,deletion neither uncertain nor option flip,,,,,,,,,,,,,,
17,1,-0.04652001563489282,-3.0910424533583156,0.9545454545454546,0.045454545454545456,sampling,3,0,0,0,0,False,no_informative_deletion,1,False,1,The shop electrician is waiting at the 7-pin tester,68,119,"Scenario: The horse trailer's marker-light complaint is written up. to load the circuit. Should I tow the trailer to the tester or walk to the tester without it?
Option1: Tow the trailer to the tester
Option2: Walk to the tester without the trailer
Question: Which one should I choose? Answer 1 for Option1 and 2 for Option2.

Evaluation answer protocol (this overrides earlier answer wording):
1 = Option1
2 = Option2
3 = after the deletion, the remaining scenario does not determine either Option1 or Option2
Output only 1, 2, or 3.",1,-0.09097177820572676,-3.1354942159291497,-3.1354942159291497,0.9130434782608695,0.043478260869565216,0.043478260869565216,3.044522437723423,False,False,True,False,False,deletion neither uncertain nor option flip,False,,,,deletion neither uncertain nor option flip,,,,,,,,,,,,,,
17,1,-0.04652001563489282,-3.0910424533583156,0.9545454545454546,0.045454545454545456,sampling,3,0,0,0,0,False,no_informative_deletion,1,False,2,to load the circuit.,120,140,"Scenario: The horse trailer's marker-light complaint is written up. The shop electrician is waiting at the 7-pin tester Should I tow the trailer to the tester or walk to the tester without it?
Option1: Tow the trailer to the tester
Option2: Walk to the tester without the trailer
Question: Which one should I choose? Answer 1 for Option1 and 2 for Option2.

Evaluation answer protocol (this overrides earlier answer wording):
1 = Option1
2 = Option2
3 = after the deletion, the remaining scenario does not determine either Option1 or Option2
Output only 1, 2, or 3.",1,-0.09097177820572676,-3.1354942159291497,-3.1354942159291497,0.9130434782608695,0.043478260869565216,0.043478260869565216,3.044522437723423,False,False,True,False,False,deletion neither uncertain nor option flip,False,,,,deletion neither uncertain nor option flip,,,,,,,,,,,,,,
18,1,-0.04652001563489282,-3.0910424533583156,0.9545454545454546,0.045454545454545456,sampling,9,0,0,0,0,False,no_informative_deletion,2,True,0,The marina says my outboard campaign applies,10,54,"Scenario but they will not start until they scan the motor serial plate and note hours from the boat display. The service desk is easy to reach from the pier. Should I walk to the desk or bring the boat to the service slip?
Option1: Walk to the desk
Option2: Bring the boat to the service slip
Question: Which one should I choose? Answer 1 for Option1 and 2 for Option2.

Evaluation answer protocol (this overrides earlier answer wording):
1 = Option1
2 = Option2
3 = after the deletion, the remaining scenario does not determine either Option1 or Option2
Output only 1, 2, or 3.",1,-0.24512245803298496,-1.749199854809259,-3.1354942159291497,0.782608695652174,0.17391304347826086,0.043478260869565216,1.5040773967762742,False,False,True,False,False,deletion neither uncertain nor option flip,False,,,,deletion neither uncertain nor option flip,,,,,,,,,,,,,,
18,1,-0.04652001563489282,-3.0910424533583156,0.9545454545454546,0.045454545454545456,sampling,9,0,0,0,0,False,no_informative_deletion,2,True,1,but they will,56,69,"Scenario: The marina says my outboard campaign applies not start until they scan the motor serial plate and note hours from the boat display. The service desk is easy to reach from the pier. Should I walk to the desk or bring the boat to the service slip?
Option1: Walk to the desk
Option2: Bring the boat to the service slip
Question: Which one should I choose? Answer 1 for Option1 and 2 for Option2.

Evaluation answer protocol (this overrides earlier answer wording):
1 = Option1
2 = Option2
3 = after the deletion, the remaining scenario does not determine either Option1 or Option2
Output only 1, 2, or 3.",1,-0.3022808718729337,-1.5260563034950494,-3.1354942159291497,0.7391304347826086,0.21739130434782608,0.043478260869565216,1.2237754316221157,False,False,True,False,False,deletion neither uncertain nor option flip,False,,,,deletion neither uncertain nor option flip,,,,,,,,,,,,,,
18,1,-0.04652001563489282,-3.0910424533583156,0.9545454545454546,0.045454545454545456,sampling,9,0,0,0,0,False,no_informative_deletion,2,True,2,not start,70,79,"Scenario: The marina says my outboard campaign applies, but they will until they scan the motor serial plate and note hours from the boat display. The service desk is easy to reach from the pier. Should I walk to the desk or bring the boat to the service slip?
Option1: Walk to the desk
Option2: Bring the boat to the service slip
Question: Which one should I choose? Answer 1 for Option1 and 2 for Option2.

Evaluation answer protocol (this overrides earlier answer wording):
1 = Option1
2 = Option2
3 = after the deletion, the remaining scenario does not determine either Option1 or Option2
Output only 1, 2, or 3.",1,-0.13976194237515874,-2.4423470353692043,-3.1354942159291497,0.8695652173913043,0.08695652173913043,0.043478260869565216,2.3025850929940455,False,False,True,False,False,deletion neither uncertain nor option flip,False,,,,deletion neither uncertain nor option flip,,,,,,,,,,,,,,
18,1,-0.04652001563489282,-3.0910424533583156,0.9545454545454546,0.045454545454545456,sampling,9,0,0,0,0,False,no_informative_deletion,2,True,3,until they scan the motor serial plate,80,118,"Scenario: The marina says my outboard campaign applies, but they will not start note hours from the boat display. The service desk is easy to reach from the pier. Should I walk to the desk or bring the boat to the service slip?
Option1: Walk to the desk
Option2: Bring the boat to the service slip
Question: Which one should I choose? Answer 1 for Option1 and 2 for Option2.

Evaluation answer protocol (this overrides earlier answer wording):
1 = Option1
2 = Option2
3 = after the deletion, the remaining scenario does not determine either Option1 or Option2
Output only 1, 2, or 3.",1,-0.09097177820572676,-3.1354942159291497,-3.1354942159291497,0.9130434782608695,0.043478260869565216,0.043478260869565216,3.044522437723423,False,False,True,False,False,deletion neither uncertain nor option flip,False,,,,deletion neither uncertain nor option flip,,,,,,,,,,,,,,
18,1,-0.04652001563489282,-3.0910424533583156,0.9545454545454546,0.045454545454545456,sampling,9,0,0,0,0,False,no_informative_deletion,2,True,4,and note hours,119,133,"Scenario: The marina says my outboard campaign applies, but they will not start until they scan the motor serial plate from the boat display. The service desk is easy to reach from the pier. Should I walk to the desk or bring the boat to the service slip?
Option1: Walk to the desk
Option2: Bring the boat to the service slip
Question: Which one should I choose? Answer 1 for Option1 and 2 for Option2.

Evaluation answer protocol (this overrides earlier answer wording):
1 = Option1
2 = Option2
3 = after the deletion, the remaining scenario does not determine either Option1 or Option2
Output only 1, 2, or 3.",1,-0.09097177820572676,-3.1354942159291497,-3.1354942159291497,0.9130434782608695,0.043478260869565216,0.043478260869565216,3.044522437723423,False,False,True,False,False,deletion neither uncertain nor option flip,False,,,,deletion neither uncertain nor option flip,,,,,,,,,,,,,,
18,1,-0.04652001563489282,-3.0910424533583156,0.9545454545454546,0.045454545454545456,sampling,9,0,0,0,0,False,no_informative_deletion,2,True,5,from the boat display.,134,156,"Scenario: The marina says my outboard campaign applies, but they will not start until they scan the motor serial plate and note hours The service desk is easy to reach from the pier. Should I walk to the desk or bring the boat to the service slip?
Option1: Walk to the desk
Option2: Bring the boat to the service slip
Question: Which one should I choose? Answer 1 for Option1 and 2 for Option2.

Evaluation answer protocol (this overrides earlier answer wording):
1 = Option1
2 = Option2
3 = after the deletion, the remaining scenario does not determine either Option1 or Option2
Output only 1, 2, or 3.",1,-0.13976194237515874,-2.4423470353692043,-3.1354942159291497,0.8695652173913043,0.08695652173913043,0.043478260869565216,2.3025850929940455,False,False,True,False,False,deletion neither uncertain nor option flip,False,,,,deletion neither uncertain nor option flip,,,,,,,,,,,,,,
18,1,-0.04652001563489282,-3.0910424533583156,0.9545454545454546,0.045454545454545456,sampling,9,0,0,0,0,False,no_informative_deletion,2,True,6,The service desk is easy,157,181,"Scenario: The marina says my outboard campaign applies, but they will not start until they scan the motor serial plate and note hours from the boat display. to reach from the pier. Should I walk to the desk or bring the boat to the service slip?
Option1: Walk to the desk
Option2: Bring the boat to the service slip
Question: Which one should I choose? Answer 1 for Option1 and 2 for Option2.

Evaluation answer protocol (this overrides earlier answer wording):
1 = Option1
2 = Option2
3 = after the deletion, the remaining scenario does not determine either Option1 or Option2
Output only 1, 2, or 3.",1,-0.3629054936893685,-1.3437347467010947,-3.1354942159291497,0.6956521739130435,0.2608695652173913,0.043478260869565216,0.9808292530117262,False,False,True,False,False,deletion neither uncertain nor option flip,False,,,,deletion neither uncertain nor option flip,,,,,,,,,,,,,,
18,1,-0.04652001563489282,-3.0910424533583156,0.9545454545454546,0.045454545454545456,sampling,9,0,0,0,0,False,no_informative_deletion,2,True,7,to reach,182,190,"Scenario: The marina says my outboard campaign applies, but they will not start until they scan the motor serial plate and note hours from the boat display. The service desk is easy from the pier. Should I walk to the desk or bring the boat to the service slip?
Option1: Walk to the desk
Option2: Bring the boat to the service slip
Question: Which one should I choose? Answer 1 for Option1 and 2 for Option2.

Evaluation answer protocol (this overrides earlier answer wording):
1 = Option1
2 = Option2
3 = after the deletion, the remaining scenario does not determine either Option1 or Option2
Output only 1, 2, or 3.",1,-0.13976194237515874,-2.4423470353692043,-3.1354942159291497,0.8695652173913043,0.08695652173913043,0.043478260869565216,2.3025850929940455,False,False,True,False,False,deletion neither uncertain nor option flip,False,,,,deletion neither uncertain nor option flip,,,,,,,,,,,,,,
18,1,-0.04652001563489282,-3.0910424533583156,0.9545454545454546,0.045454545454545456,sampling,9,0,0,0,0,False,no_informative_deletion,2,True,8,from the pier.,191,205,"Scenario: The marina says my outboard campaign applies, but they will not start until they scan the motor serial plate and note hours from the boat display. The service desk is easy to reach Should I walk to the desk or bring the boat to the service slip?
Option1: Walk to the desk
Option2: Bring the boat to the service slip
Question: Which one should I choose? Answer 1 for Option1 and 2 for Option2.

Evaluation answer protocol (this overrides earlier answer wording):
1 = Option1
2 = Option2
3 = after the deletion, the remaining scenario does not determine either Option1 or Option2
Output only 1, 2, or 3.",,-0.7375989431307791,-0.7375989431307791,-3.1354942159291497,0.4782608695652174,0.4782608695652174,0.043478260869565216,0.0,False,False,False,,False,deletion neither uncertain nor option flip,False,,,,deletion neither uncertain nor option flip,,,,,,,,,,,,,,
19,1,-0.04652001563489282,-3.0910424533583156,0.9545454545454546,0.045454545454545456,sampling,5,0,0,0,0,False,no_informative_deletion,1,False,0,The wheelchair repair case is reopened.,10,49,"Scenario The equipment tech is at intake to scan the asset tag under the seat and watch the joystick boot screen. Should I bring the powered wheelchair to intake or walk there without it?
Option1: Bring the powered wheelchair to intake
Option2: Walk to intake without the wheelchair
Question: Which one should I choose? Answer 1 for Option1 and 2 for Option2.

Evaluation answer protocol (this overrides earlier answer wording):
1 = Option1
2 = Option2
3 = after the deletion, the remaining scenario does not determine either Option1 or Option2
Output only 1, 2, or 3.",1,-0.570544858467613,-0.9382696385929302,-3.1354942159291497,0.5652173913043478,0.391304347826087,0.043478260869565216,0.3677247801253172,False,False,True,False,False,deletion neither uncertain nor option flip,False,,,,deletion neither uncertain nor option flip,,,,,,,,,,,,,,
19,1,-0.04652001563489282,-3.0910424533583156,0.9545454545454546,0.045454545454545456,sampling,5,0,0,0,0,False,no_informative_deletion,1,False,1,The equipment tech is at intake,50,81,"Scenario: The wheelchair repair case is reopened. to scan the asset tag under the seat and watch the joystick boot screen. Should I bring the powered wheelchair to intake or walk there without it?
Option1: Bring the powered wheelchair to intake
Option2: Walk to intake without the wheelchair
Question: Which one should I choose? Answer 1 for Option1 and 2 for Option2.

Evaluation answer protocol (this overrides earlier answer wording):
1 = Option1
2 = Option2
3 = after the deletion, the remaining scenario does not determine either Option1 or Option2
Output only 1, 2, or 3.",1,-0.09097177820572676,-3.1354942159291497,-3.1354942159291497,0.9130434782608695,0.043478260869565216,0.043478260869565216,3.044522437723423,False,False,True,False,False,deletion neither uncertain nor option flip,False,,,,deletion neither uncertain nor option flip,,,,,,,,,,,,,,
19,1,-0.04652001563489282,-3.0910424533583156,0.9545454545454546,0.045454545454545456,sampling,5,0,0,0,0,False,no_informative_deletion,1,False,2,to scan the asset tag,82,103,"Scenario: The wheelchair repair case is reopened. The equipment tech is at intake under the seat and watch the joystick boot screen. Should I bring the powered wheelchair to intake or walk there without it?
Option1: Bring the powered wheelchair to intake
Option2: Walk to intake without the wheelchair
Question: Which one should I choose? Answer 1 for Option1 and 2 for Option2.

Evaluation answer protocol (this overrides earlier answer wording):
1 = Option1
2 = Option2
3 = after the deletion, the remaining scenario does not determine either Option1 or Option2
Output only 1, 2, or 3.",1,-0.19105523676270922,-2.03688192726104,-3.1354942159291497,0.8260869565217391,0.13043478260869565,0.043478260869565216,1.845826690498331,False,False,True,False,False,deletion neither uncertain nor option flip,False,,,,deletion neither uncertain nor option flip,,,,,,,,,,,,,,
19,1,-0.04652001563489282,-3.0910424533583156,0.9545454545454546,0.045454545454545456,sampling,5,0,0,0,0,False,no_informative_deletion,1,False,3,under the seat,104,118,"Scenario: The wheelchair repair case is reopened. The equipment tech is at intake to scan the asset tag watch the joystick boot screen. Should I bring the powered wheelchair to intake or walk there without it?
Option1: Bring the powered wheelchair to intake
Option2: Walk to intake without the wheelchair
Question: Which one should I choose? Answer 1 for Option1 and 2 for Option2.

Evaluation answer protocol (this overrides earlier answer wording):
1 = Option1
2 = Option2
3 = after the deletion, the remaining scenario does not determine either Option1 or Option2
Output only 1, 2, or 3.",1,-0.09097177820572676,-3.1354942159291497,-3.1354942159291497,0.9130434782608695,0.043478260869565216,0.043478260869565216,3.044522437723423,False,False,True,False,False,deletion neither uncertain nor option flip,False,,,,deletion neither uncertain nor option flip,,,,,,,,,,,,,,
19,1,-0.04652001563489282,-3.0910424533583156,0.9545454545454546,0.045454545454545456,sampling,5,0,0,0,0,False,no_informative_deletion,1,False,4,and watch the joystick boot screen.,119,154,"Scenario: The wheelchair repair case is reopened. The equipment tech is at intake to scan the asset tag under the seat Should I bring the powered wheelchair to intake or walk there without it?
Option1: Bring the powered wheelchair to intake
Option2: Walk to intake without the wheelchair
Question: Which one should I choose? Answer 1 for Option1 and 2 for Option2.

Evaluation answer protocol (this overrides earlier answer wording):
1 = Option1
2 = Option2
3 = after the deletion, the remaining scenario does not determine either Option1 or Option2
Output only 1, 2, or 3.",1,-0.09097177820572676,-3.1354942159291497,-3.1354942159291497,0.9130434782608695,0.043478260869565216,0.043478260869565216,3.044522437723423,False,False,True,False,False,deletion neither uncertain nor option flip,False,,,,deletion neither uncertain nor option flip,,,,,,,,,,,,,,
20,1,-0.04652001563489282,-3.0910424533583156,0.9545454545454546,0.045454545454545456,sampling,7,0,0,0,0,False,no_informative_deletion,1,False,0,The RV slide-out campaign applies,10,43,"Scenario to my unit, but service must scan the module sticker inside the bay and verify the VIN plate before opening the job. The service office is at the front. Should I bring the RV to the bay or walk to the office?
Option1: Bring the RV to the bay
Option2: Walk to the office
Question: Which one should I choose? Answer 1 for Option1 and 2 for Option2.

Evaluation answer protocol (this overrides earlier answer wording):
1 = Option1
2 = Option2
3 = after the deletion, the remaining scenario does not determine either Option1 or Option2
Output only 1, 2, or 3.",1,-0.19105523676270922,-2.03688192726104,-3.1354942159291497,0.8260869565217391,0.13043478260869565,0.043478260869565216,1.845826690498331,False,False,True,False,False,deletion neither uncertain nor option flip,False,,,,deletion neither uncertain nor option flip,,,,,,,,,,,,,,
20,1,-0.04652001563489282,-3.0910424533583156,0.9545454545454546,0.045454545454545456,sampling,7,0,0,0,0,False,no_informative_deletion,1,False,1,to my unit,44,54,"Scenario: The RV slide-out campaign applies but service must scan the module sticker inside the bay and verify the VIN plate before opening the job. The service office is at the front. Should I bring the RV to the bay or walk to the office?
Option1: Bring the RV to the bay
Option2: Walk to the office
Question: Which one should I choose? Answer 1 for Option1 and 2 for Option2.

Evaluation answer protocol (this overrides earlier answer wording):
1 = Option1
2 = Option2
3 = after the deletion, the remaining scenario does not determine either Option1 or Option2
Output only 1, 2, or 3.",1,-0.09097177820572676,-3.1354942159291497,-3.1354942159291497,0.9130434782608695,0.043478260869565216,0.043478260869565216,3.044522437723423,False,False,True,False,False,deletion neither uncertain nor option flip,False,,,,deletion neither uncertain nor option flip,,,,,,,,,,,,,,
20,1,-0.04652001563489282,-3.0910424533583156,0.9545454545454546,0.045454545454545456,sampling,7,0,0,0,0,False,no_informative_deletion,1,False,2,but service must scan the module sticker,56,96,"Scenario: The RV slide-out campaign applies to my unit inside the bay and verify the VIN plate before opening the job. The service office is at the front. Should I bring the RV to the bay or walk to the office?
Option1: Bring the RV to the bay
Option2: Walk to the office
Question: Which one should I choose? Answer 1 for Option1 and 2 for Option2.

Evaluation answer protocol (this overrides earlier answer wording):
1 = Option1
2 = Option2
3 = after the deletion, the remaining scenario does not determine either Option1 or Option2
Output only 1, 2, or 3.",1,-0.09097177820572676,-3.1354942159291497,-3.1354942159291497,0.9130434782608695,0.043478260869565216,0.043478260869565216,3.044522437723423,False,False,True,False,False,deletion neither uncertain nor option flip,False,,,,deletion neither uncertain nor option flip,,,,,,,,,,,,,,
20,1,-0.04652001563489282,-3.0910424533583156,0.9545454545454546,0.045454545454545456,sampling,7,0,0,0,0,False,no_informative_deletion,1,False,3,inside the bay,97,111,"Scenario: The RV slide-out campaign applies to my unit, but service must scan the module sticker verify the VIN plate before opening the job. The service office is at the front. Should I bring the RV to the bay or walk to the office?
Option1: Bring the RV to the bay
Option2: Walk to the office
Question: Which one should I choose? Answer 1 for Option1 and 2 for Option2.

Evaluation answer protocol (this overrides earlier answer wording):
1 = Option1
2 = Option2
3 = after the deletion, the remaining scenario does not determine either Option1 or Option2
Output only 1, 2, or 3.",1,-0.3629054936893685,-1.3437347467010947,-3.1354942159291497,0.6956521739130435,0.2608695652173913,0.043478260869565216,0.9808292530117262,False,False,True,False,False,deletion neither uncertain nor option flip,False,,,,deletion neither uncertain nor option flip,,,,,,,,,,,,,,
20,1,-0.04652001563489282,-3.0910424533583156,0.9545454545454546,0.045454545454545456,sampling,7,0,0,0,0,False,no_informative_deletion,1,False,4,and verify the VIN plate,112,136,"Scenario: The RV slide-out campaign applies to my unit, but service must scan the module sticker inside the bay before opening the job. The service office is at the front. Should I bring the RV to the bay or walk to the office?
Option1: Bring the RV to the bay
Option2: Walk to the office
Question: Which one should I choose? Answer 1 for Option1 and 2 for Option2.

Evaluation answer protocol (this overrides earlier answer wording):
1 = Option1
2 = Option2
3 = after the deletion, the remaining scenario does not determine either Option1 or Option2
Output only 1, 2, or 3.",1,-0.09097177820572676,-3.1354942159291497,-3.1354942159291497,0.9130434782608695,0.043478260869565216,0.043478260869565216,3.044522437723423,False,False,True,False,False,deletion neither uncertain nor option flip,False,,,,deletion neither uncertain nor option flip,,,,,,,,,,,,,,
20,1,-0.04652001563489282,-3.0910424533583156,0.9545454545454546,0.045454545454545456,sampling,7,0,0,0,0,False,no_informative_deletion,1,False,5,before opening the job.,137,160,"Scenario: The RV slide-out campaign applies to my unit, but service must scan the module sticker inside the bay and verify the VIN plate The service office is at the front. Should I bring the RV to the bay or walk to the office?
Option1: Bring the RV to the bay
Option2: Walk to the office
Question: Which one should I choose? Answer 1 for Option1 and 2 for Option2.

Evaluation answer protocol (this overrides earlier answer wording):
1 = Option1
2 = Option2
3 = after the deletion, the remaining scenario does not determine either Option1 or Option2
Output only 1, 2, or 3.",1,-0.09097177820572676,-3.1354942159291497,-3.1354942159291497,0.9130434782608695,0.043478260869565216,0.043478260869565216,3.044522437723423,False,False,True,False,False,deletion neither uncertain nor option flip,False,,,,deletion neither uncertain nor option flip,,,,,,,,,,,,,,
20,1,-0.04652001563489282,-3.0910424533583156,0.9545454545454546,0.045454545454545456,sampling,7,0,0,0,0,False,no_informative_deletion,1,False,6,The service office is at the front.,161,196,"Scenario: The RV slide-out campaign applies to my unit, but service must scan the module sticker inside the bay and verify the VIN plate before opening the job. Should I bring the RV to the bay or walk to the office?
Option1: Bring the RV to the bay
Option2: Walk to the office
Question: Which one should I choose? Answer 1 for Option1 and 2 for Option2.

Evaluation answer protocol (this overrides earlier answer wording):
1 = Option1
2 = Option2
3 = after the deletion, the remaining scenario does not determine either Option1 or Option2
Output only 1, 2, or 3.",1,-0.09097177820572676,-3.1354942159291497,-3.1354942159291497,0.9130434782608695,0.043478260869565216,0.043478260869565216,3.044522437723423,False,False,True,False,False,deletion neither uncertain nor option flip,False,,,,deletion neither uncertain nor option flip,,,,,,,,,,,,,,
21,1,-0.04652001563489282,-3.0910424533583156,0.9545454545454546,0.045454545454545456,sampling,4,0,0,0,0,False,no_informative_deletion,1,False,0,The toll-office correction is approved.,10,49,"Scenario The lane technician is standing at the test antenna to read my windshield transponder and plate together. Should I drive the car through the antenna or walk through without it?
Option1: Drive the car through the antenna
Option2: Walk through the antenna without the car
Question: Which one should I choose? Answer 1 for Option1 and 2 for Option2.

Evaluation answer protocol (this overrides earlier answer wording):
1 = Option1
2 = Option2
3 = after the deletion, the remaining scenario does not determine either Option1 or Option2
Output only 1, 2, or 3.",1,-0.09097177820572676,-3.1354942159291497,-3.1354942159291497,0.9130434782608695,0.043478260869565216,0.043478260869565216,3.044522437723423,False,False,True,False,False,deletion neither uncertain nor option flip,False,,,,deletion neither uncertain nor option flip,,,,,,,,,,,,,,
21,1,-0.04652001563489282,-3.0910424533583156,0.9545454545454546,0.045454545454545456,sampling,4,0,0,0,0,False,no_informative_deletion,1,False,1,The lane technician is standing at the test antenna,50,101,"Scenario: The toll-office correction is approved. to read my windshield transponder and plate together. Should I drive the car through the antenna or walk through without it?
Option1: Drive the car through the antenna
Option2: Walk through the antenna without the car
Question: Which one should I choose? Answer 1 for Option1 and 2 for Option2.

Evaluation answer protocol (this overrides earlier answer wording):
1 = Option1
2 = Option2
3 = after the deletion, the remaining scenario does not determine either Option1 or Option2
Output only 1, 2, or 3.",1,-0.09097177820572676,-3.1354942159291497,-3.1354942159291497,0.9130434782608695,0.043478260869565216,0.043478260869565216,3.044522437723423,False,False,True,False,False,deletion neither uncertain nor option flip,False,,,,deletion neither uncertain nor option flip,,,,,,,,,,,,,,
21,1,-0.04652001563489282,-3.0910424533583156,0.9545454545454546,0.045454545454545456,sampling,4,0,0,0,0,False,no_informative_deletion,1,False,2,to read my windshield transponder,102,135,"Scenario: The toll-office correction is approved. The lane technician is standing at the test antenna plate together. Should I drive the car through the antenna or walk through without it?
Option1: Drive the car through the antenna
Option2: Walk through the antenna without the car
Question: Which one should I choose? Answer 1 for Option1 and 2 for Option2.

Evaluation answer protocol (this overrides earlier answer wording):
1 = Option1
2 = Option2
3 = after the deletion, the remaining scenario does not determine either Option1 or Option2
Output only 1, 2, or 3.",1,-0.09097177820572676,-3.1354942159291497,-3.1354942159291497,0.9130434782608695,0.043478260869565216,0.043478260869565216,3.044522437723423,False,False,True,False,False,deletion neither uncertain nor option flip,False,,,,deletion neither uncertain nor option flip,,,,,,,,,,,,,,
21,1,-0.04652001563489282,-3.0910424533583156,0.9545454545454546,0.045454545454545456,sampling,4,0,0,0,0,False,no_informative_deletion,1,False,3,and plate together.,136,155,"Scenario: The toll-office correction is approved. The lane technician is standing at the test antenna to read my windshield transponder Should I drive the car through the antenna or walk through without it?
Option1: Drive the car through the antenna
Option2: Walk through the antenna without the car
Question: Which one should I choose? Answer 1 for Option1 and 2 for Option2.

Evaluation answer protocol (this overrides earlier answer wording):
1 = Option1
2 = Option2
3 = after the deletion, the remaining scenario does not determine either Option1 or Option2
Output only 1, 2, or 3.",1,-0.09097177820572676,-3.1354942159291497,-3.1354942159291497,0.9130434782608695,0.043478260869565216,0.043478260869565216,3.044522437723423,False,False,True,False,False,deletion neither uncertain nor option flip,False,,,,deletion neither uncertain nor option flip,,,,,,,,,,,,,,
22,2,-3.0910424533583156,-0.04652001563489282,0.045454545454545456,0.9545454545454546,sampling,4,0,0,0,0,False,no_informative_deletion,2,False,0,I am checking a portable soccer goal,10,46,"Scenario into storage. The field sticker must be on the frame before staff scan it. What should I bring to storage?
Option1: Only the field sticker
Option2: The goal frame with the sticker attached
Question: Which one should I choose? Answer 1 for Option1 and 2 for Option2.

Evaluation answer protocol (this overrides earlier answer wording):
1 = Option1
2 = Option2
3 = after the deletion, the remaining scenario does not determine either Option1 or Option2
Output only 1, 2, or 3.",2,-3.1354942159291497,-0.09097177820572676,-3.1354942159291497,0.043478260869565216,0.9130434782608695,0.043478260869565216,3.044522437723423,False,False,True,False,False,deletion neither uncertain nor option flip,False,,,,deletion neither uncertain nor option flip,,,,,,,,,,,,,,
22,2,-3.0910424533583156,-0.04652001563489282,0.045454545454545456,0.9545454545454546,sampling,4,0,0,0,0,False,no_informative_deletion,2,False,1,into storage.,47,60,"Scenario: I am checking a portable soccer goal The field sticker must be on the frame before staff scan it. What should I bring to storage?
Option1: Only the field sticker
Option2: The goal frame with the sticker attached
Question: Which one should I choose? Answer 1 for Option1 and 2 for Option2.

Evaluation answer protocol (this overrides earlier answer wording):
1 = Option1
2 = Option2
3 = after the deletion, the remaining scenario does not determine either Option1 or Option2
Output only 1, 2, or 3.",2,-3.1354942159291497,-0.09097177820572676,-3.1354942159291497,0.043478260869565216,0.9130434782608695,0.043478260869565216,3.044522437723423,False,False,True,False,False,deletion neither uncertain nor option flip,False,,,,deletion neither uncertain nor option flip,,,,,,,,,,,,,,
22,2,-3.0910424533583156,-0.04652001563489282,0.045454545454545456,0.9545454545454546,sampling,4,0,0,0,0,False,no_informative_deletion,2,False,2,The field sticker must be on the frame,61,99,"Scenario: I am checking a portable soccer goal into storage. before staff scan it. What should I bring to storage?
Option1: Only the field sticker
Option2: The goal frame with the sticker attached
Question: Which one should I choose? Answer 1 for Option1 and 2 for Option2.

Evaluation answer protocol (this overrides earlier answer wording):
1 = Option1
2 = Option2
3 = after the deletion, the remaining scenario does not determine either Option1 or Option2
Output only 1, 2, or 3.",2,-3.1354942159291497,-0.09097177820572676,-3.1354942159291497,0.043478260869565216,0.9130434782608695,0.043478260869565216,3.044522437723423,False,False,True,False,False,deletion neither uncertain nor option flip,False,,,,deletion neither uncertain nor option flip,,,,,,,,,,,,,,
22,2,-3.0910424533583156,-0.04652001563489282,0.045454545454545456,0.9545454545454546,sampling,4,0,0,0,0,False,no_informative_deletion,2,False,3,before staff scan it.,100,121,"Scenario: I am checking a portable soccer goal into storage. The field sticker must be on the frame What should I bring to storage?
Option1: Only the field sticker
Option2: The goal frame with the sticker attached
Question: Which one should I choose? Answer 1 for Option1 and 2 for Option2.

Evaluation answer protocol (this overrides earlier answer wording):
1 = Option1
2 = Option2
3 = after the deletion, the remaining scenario does not determine either Option1 or Option2
Output only 1, 2, or 3.",2,-3.1354942159291497,-0.09097177820572676,-3.1354942159291497,0.043478260869565216,0.9130434782608695,0.043478260869565216,3.044522437723423,False,False,True,False,False,deletion neither uncertain nor option flip,False,,,,deletion neither uncertain nor option flip,,,,,,,,,,,,,,
23,2,-3.0910424533583156,-0.04652001563489282,0.045454545454545456,0.9545454545454546,sampling,5,0,2,2,2,True,negation_nonflip,2,False,0,The pond-liner roll is too wide for the,10,49,"Scenario front counter. The yard worker is at the side gate to slide it into my vehicle. What should I bring to the side gate?
Option1: Walk to the side gate without my vehicle
Option2: Bring my vehicle to the side gate
Question: Which one should I choose? Answer 1 for Option1 and 2 for Option2.

Evaluation answer protocol (this overrides earlier answer wording):
1 = Option1
2 = Option2
3 = after the deletion, the remaining scenario does not determine either Option1 or Option2
Output only 1, 2, or 3.",1,-0.4274440148269396,-1.1895840668738362,-3.1354942159291497,0.6521739130434783,0.30434782608695654,0.043478260869565216,0.7621400520468966,False,True,False,True,True,delete_person_flip,True,Scenario: The pond-liner roll is not too wide for the front counter.,"Scenario: The pond-liner roll is not too wide for the front counter. The yard worker is at the side gate to slide it into my vehicle. What should I bring to the side gate?
Option1: Walk to the side gate without my vehicle
Option2: Bring my vehicle to the side gate
Question: Which one should I choose? Answer 1 for Option1 and 2 for Option2.

Evaluation answer protocol (this overrides earlier answer wording):
1 = Option1
2 = Option2
You must choose Option1 or Option2. Output only 1 or 2; never output 3.",True,"The negation 'not' was inserted to minimally negate the predicate adjective phrase 'too wide', preserving all entities and context.",2,-3.0910424533583156,-0.04652001563489282,,0.045454545454545456,0.9545454545454546,,3.044522437723423,False,False,True,False,True,
23,2,-3.0910424533583156,-0.04652001563489282,0.045454545454545456,0.9545454545454546,sampling,5,0,2,2,2,True,negation_nonflip,2,False,1,front counter.,50,64,"Scenario: The pond-liner roll is too wide for the The yard worker is at the side gate to slide it into my vehicle. What should I bring to the side gate?
Option1: Walk to the side gate without my vehicle
Option2: Bring my vehicle to the side gate
Question: Which one should I choose? Answer 1 for Option1 and 2 for Option2.

Evaluation answer protocol (this overrides earlier answer wording):
1 = Option1
2 = Option2
3 = after the deletion, the remaining scenario does not determine either Option1 or Option2
Output only 1, 2, or 3.",2,-3.1354942159291497,-0.09097177820572676,-3.1354942159291497,0.043478260869565216,0.9130434782608695,0.043478260869565216,3.044522437723423,False,False,True,False,False,deletion neither uncertain nor option flip,False,,,,deletion neither uncertain nor option flip,,,,,,,,,,,,,,
23,2,-3.0910424533583156,-0.04652001563489282,0.045454545454545456,0.9545454545454546,sampling,5,0,2,2,2,True,negation_nonflip,2,False,2,The yard worker is at the side gate,65,100,"Scenario: The pond-liner roll is too wide for the front counter. to slide it into my vehicle. What should I bring to the side gate?
Option1: Walk to the side gate without my vehicle
Option2: Bring my vehicle to the side gate
Question: Which one should I choose? Answer 1 for Option1 and 2 for Option2.

Evaluation answer protocol (this overrides earlier answer wording):
1 = Option1
2 = Option2
3 = after the deletion, the remaining scenario does not determine either Option1 or Option2
Output only 1, 2, or 3.",2,-2.4423470353692043,-0.13976194237515874,-3.1354942159291497,0.08695652173913043,0.8695652173913043,0.043478260869565216,2.3025850929940455,False,False,True,False,False,deletion neither uncertain nor option flip,False,,,,deletion neither uncertain nor option flip,,,,,,,,,,,,,,
23,2,-3.0910424533583156,-0.04652001563489282,0.045454545454545456,0.9545454545454546,sampling,5,0,2,2,2,True,negation_nonflip,2,False,3,to slide it,101,112,"Scenario: The pond-liner roll is too wide for the front counter. The yard worker is at the side gate into my vehicle. What should I bring to the side gate?
Option1: Walk to the side gate without my vehicle
Option2: Bring my vehicle to the side gate
Question: Which one should I choose? Answer 1 for Option1 and 2 for Option2.

Evaluation answer protocol (this overrides earlier answer wording):
1 = Option1
2 = Option2
3 = after the deletion, the remaining scenario does not determine either Option1 or Option2
Output only 1, 2, or 3.",2,-2.03688192726104,-0.19105523676270922,-3.1354942159291497,0.13043478260869565,0.8260869565217391,0.043478260869565216,1.845826690498331,False,False,True,False,False,deletion neither uncertain nor option flip,False,,,,deletion neither uncertain nor option flip,,,,,,,,,,,,,,
23,2,-3.0910424533583156,-0.04652001563489282,0.045454545454545456,0.9545454545454546,sampling,5,0,2,2,2,True,negation_nonflip,2,False,4,into my vehicle.,113,129,"Scenario: The pond-liner roll is too wide for the front counter. The yard worker is at the side gate to slide it What should I bring to the side gate?
Option1: Walk to the side gate without my vehicle
Option2: Bring my vehicle to the side gate
Question: Which one should I choose? Answer 1 for Option1 and 2 for Option2.

Evaluation answer protocol (this overrides earlier answer wording):
1 = Option1
2 = Option2
3 = after the deletion, the remaining scenario does not determine either Option1 or Option2
Output only 1, 2, or 3.",1,-0.09097177820572676,-3.1354942159291497,-3.1354942159291497,0.9130434782608695,0.043478260869565216,0.043478260869565216,3.044522437723423,False,True,False,True,True,delete_person_flip,True,The yard worker is at the side gate to NOT slide it into my vehicle. What should I bring to the side gate?,"Scenario: The pond-liner roll is too wide for the front counter. The yard worker is at the side gate to NOT slide it into my vehicle. What should I bring to the side gate?
Option1: Walk to the side gate without my vehicle
Option2: Bring my vehicle to the side gate
Question: Which one should I choose? Answer 1 for Option1 and 2 for Option2.

Evaluation answer protocol (this overrides earlier answer wording):
1 = Option1
2 = Option2
You must choose Option1 or Option2. Output only 1 or 2; never output 3.",True,Added 'NOT' before the verb phrase 'slide it' to negate the action specified in the target span while preserving all other entities and context.,2,-3.0910424533583156,-0.04652001563489282,,0.045454545454545456,0.9545454545454546,,3.044522437723423,False,False,True,False,True,
24,2,-3.0910424533583156,-0.04652001563489282,0.045454545454545456,0.9545454545454546,sampling,4,0,0,0,0,False,no_informative_deletion,2,False,0,I am turning in a drum hardware bag.,10,46,"Scenario The inventory tag must be tied to the bag before the clerk scans it. What should I bring to the clerk?
Option1: Only the inventory tag
Option2: The hardware bag with the tag tied on
Question: Which one should I choose? Answer 1 for Option1 and 2 for Option2.

Evaluation answer protocol (this overrides earlier answer wording):
1 = Option1
2 = Option2
3 = after the deletion, the remaining scenario does not determine either Option1 or Option2
Output only 1, 2, or 3.",2,-3.1354942159291497,-0.09097177820572676,-3.1354942159291497,0.043478260869565216,0.9130434782608695,0.043478260869565216,3.044522437723423,False,False,True,False,False,deletion neither uncertain nor option flip,False,,,,deletion neither uncertain nor option flip,,,,,,,,,,,,,,
24,2,-3.0910424533583156,-0.04652001563489282,0.045454545454545456,0.9545454545454546,sampling,4,0,0,0,0,False,no_informative_deletion,2,False,1,The inventory tag must be tied,47,77,"Scenario: I am turning in a drum hardware bag. to the bag before the clerk scans it. What should I bring to the clerk?
Option1: Only the inventory tag
Option2: The hardware bag with the tag tied on
Question: Which one should I choose? Answer 1 for Option1 and 2 for Option2.

Evaluation answer protocol (this overrides earlier answer wording):
1 = Option1
2 = Option2
3 = after the deletion, the remaining scenario does not determine either Option1 or Option2
Output only 1, 2, or 3.",2,-3.1354942159291497,-0.09097177820572676,-3.1354942159291497,0.043478260869565216,0.9130434782608695,0.043478260869565216,3.044522437723423,False,False,True,False,False,deletion neither uncertain nor option flip,False,,,,deletion neither uncertain nor option flip,,,,,,,,,,,,,,
24,2,-3.0910424533583156,-0.04652001563489282,0.045454545454545456,0.9545454545454546,sampling,4,0,0,0,0,False,no_informative_deletion,2,False,2,to the bag,78,88,"Scenario: I am turning in a drum hardware bag. The inventory tag must be tied before the clerk scans it. What should I bring to the clerk?
Option1: Only the inventory tag
Option2: The hardware bag with the tag tied on
Question: Which one should I choose? Answer 1 for Option1 and 2 for Option2.

Evaluation answer protocol (this overrides earlier answer wording):
1 = Option1
2 = Option2
3 = after the deletion, the remaining scenario does not determine either Option1 or Option2
Output only 1, 2, or 3.",2,-3.1354942159291497,-0.09097177820572676,-3.1354942159291497,0.043478260869565216,0.9130434782608695,0.043478260869565216,3.044522437723423,False,False,True,False,False,deletion neither uncertain nor option flip,False,,,,deletion neither uncertain nor option flip,,,,,,,,,,,,,,
24,2,-3.0910424533583156,-0.04652001563489282,0.045454545454545456,0.9545454545454546,sampling,4,0,0,0,0,False,no_informative_deletion,2,False,3,before the clerk scans it.,89,115,"Scenario: I am turning in a drum hardware bag. The inventory tag must be tied to the bag What should I bring to the clerk?
Option1: Only the inventory tag
Option2: The hardware bag with the tag tied on
Question: Which one should I choose? Answer 1 for Option1 and 2 for Option2.

Evaluation answer protocol (this overrides earlier answer wording):
1 = Option1
2 = Option2
3 = after the deletion, the remaining scenario does not determine either Option1 or Option2
Output only 1, 2, or 3.",2,-3.1354942159291497,-0.09097177820572676,-3.1354942159291497,0.043478260869565216,0.9130434782608695,0.043478260869565216,3.044522437723423,False,False,True,False,False,deletion neither uncertain nor option flip,False,,,,deletion neither uncertain nor option flip,,,,,,,,,,,,,,
25,1,-0.04652001563489282,-3.0910424533583156,0.9545454545454546,0.045454545454545456,sampling,4,0,0,0,0,False,no_informative_deletion,1,False,0,I am returning a refrigerated diagnostic kit.,10,55,"Scenario The package label says it must be logged at the cooler station on arrival, while front desk staff cannot hold it. Where should I deliver it?
Option1: Hand it to the cooler station
Option2: Hand it to the front desk
Question: Which one should I choose? Answer 1 for Option1 and 2 for Option2.

Evaluation answer protocol (this overrides earlier answer wording):
1 = Option1
2 = Option2
3 = after the deletion, the remaining scenario does not determine either Option1 or Option2
Output only 1, 2, or 3.",1,-0.09097177820572676,-3.1354942159291497,-3.1354942159291497,0.9130434782608695,0.043478260869565216,0.043478260869565216,3.044522437723423,False,False,True,False,False,deletion neither uncertain nor option flip,False,,,,deletion neither uncertain nor option flip,,,,,,,,,,,,,,
25,1,-0.04652001563489282,-3.0910424533583156,0.9545454545454546,0.045454545454545456,sampling,4,0,0,0,0,False,no_informative_deletion,1,False,1,The package label says it must be logged,56,96,"Scenario: I am returning a refrigerated diagnostic kit. at the cooler station on arrival, while front desk staff cannot hold it. Where should I deliver it?
Option1: Hand it to the cooler station
Option2: Hand it to the front desk
Question: Which one should I choose? Answer 1 for Option1 and 2 for Option2.

Evaluation answer protocol (this overrides earlier answer wording):
1 = Option1
2 = Option2
3 = after the deletion, the remaining scenario does not determine either Option1 or Option2
Output only 1, 2, or 3.",1,-0.09097177820572676,-3.1354942159291497,-3.1354942159291497,0.9130434782608695,0.043478260869565216,0.043478260869565216,3.044522437723423,False,False,True,False,False,deletion neither uncertain nor option flip,False,,,,deletion neither uncertain nor option flip,,,,,,,,,,,,,,
25,1,-0.04652001563489282,-3.0910424533583156,0.9545454545454546,0.045454545454545456,sampling,4,0,0,0,0,False,no_informative_deletion,1,False,2,at the cooler station on arrival,97,129,"Scenario: I am returning a refrigerated diagnostic kit. The package label says it must be logged while front desk staff cannot hold it. Where should I deliver it?
Option1: Hand it to the cooler station
Option2: Hand it to the front desk
Question: Which one should I choose? Answer 1 for Option1 and 2 for Option2.

Evaluation answer protocol (this overrides earlier answer wording):
1 = Option1
2 = Option2
3 = after the deletion, the remaining scenario does not determine either Option1 or Option2
Output only 1, 2, or 3.",1,-0.09097177820572676,-3.1354942159291497,-3.1354942159291497,0.9130434782608695,0.043478260869565216,0.043478260869565216,3.044522437723423,False,False,True,False,False,deletion neither uncertain nor option flip,False,,,,deletion neither uncertain nor option flip,,,,,,,,,,,,,,
25,1,-0.04652001563489282,-3.0910424533583156,0.9545454545454546,0.045454545454545456,sampling,4,0,0,0,0,False,no_informative_deletion,1,False,3,while front desk staff cannot hold it.,131,169,"Scenario: I am returning a refrigerated diagnostic kit. The package label says it must be logged at the cooler station on arrival Where should I deliver it?
Option1: Hand it to the cooler station
Option2: Hand it to the front desk
Question: Which one should I choose? Answer 1 for Option1 and 2 for Option2.

Evaluation answer protocol (this overrides earlier answer wording):
1 = Option1
2 = Option2
3 = after the deletion, the remaining scenario does not determine either Option1 or Option2
Output only 1, 2, or 3.",1,-0.09097177820572676,-3.1354942159291497,-3.1354942159291497,0.9130434782608695,0.043478260869565216,0.043478260869565216,3.044522437723423,False,False,True,False,False,deletion neither uncertain nor option flip,False,,,,deletion neither uncertain nor option flip,,,,,,,,,,,,,,
26,2,-3.0910424533583156,-0.04652001563489282,0.045454545454545456,0.9545454545454546,sampling,4,0,1,1,1,False,all_negations_flip,2,False,0,The rebate form is filled out.,10,40,"Scenario The mailing checklist has a blank square for the product-code panel cut from the box. For this step, what should I attach?
Option1: Attach a printed photo of the product-code panel
Option2: Attach the cut-out product-code panel
Question: Which one should I choose? Answer 1 for Option1 and 2 for Option2.

Evaluation answer protocol (this overrides earlier answer wording):
1 = Option1
2 = Option2
3 = after the deletion, the remaining scenario does not determine either Option1 or Option2
Output only 1, 2, or 3.",2,-3.1354942159291497,-0.09097177820572676,-3.1354942159291497,0.043478260869565216,0.9130434782608695,0.043478260869565216,3.044522437723423,False,False,True,False,False,deletion neither uncertain nor option flip,False,,,,deletion neither uncertain nor option flip,,,,,,,,,,,,,,
26,2,-3.0910424533583156,-0.04652001563489282,0.045454545454545456,0.9545454545454546,sampling,4,0,1,1,1,False,all_negations_flip,2,False,1,The mailing checklist has a blank square for,41,85,"Scenario: The rebate form is filled out. the product-code panel cut from the box. For this step, what should I attach?
Option1: Attach a printed photo of the product-code panel
Option2: Attach the cut-out product-code panel
Question: Which one should I choose? Answer 1 for Option1 and 2 for Option2.

Evaluation answer protocol (this overrides earlier answer wording):
1 = Option1
2 = Option2
3 = after the deletion, the remaining scenario does not determine either Option1 or Option2
Output only 1, 2, or 3.",2,-3.1354942159291497,-0.09097177820572676,-3.1354942159291497,0.043478260869565216,0.9130434782608695,0.043478260869565216,3.044522437723423,False,False,True,False,False,deletion neither uncertain nor option flip,False,,,,deletion neither uncertain nor option flip,,,,,,,,,,,,,,
26,2,-3.0910424533583156,-0.04652001563489282,0.045454545454545456,0.9545454545454546,sampling,4,0,1,1,1,False,all_negations_flip,2,False,2,the product-code panel cut,86,112,"Scenario: The rebate form is filled out. The mailing checklist has a blank square for from the box. For this step, what should I attach?
Option1: Attach a printed photo of the product-code panel
Option2: Attach the cut-out product-code panel
Question: Which one should I choose? Answer 1 for Option1 and 2 for Option2.

Evaluation answer protocol (this overrides earlier answer wording):
1 = Option1
2 = Option2
3 = after the deletion, the remaining scenario does not determine either Option1 or Option2
Output only 1, 2, or 3.",1,-0.496436886313891,-1.0560526742493137,-3.1354942159291497,0.6086956521739131,0.34782608695652173,0.043478260869565216,0.5596157879354227,False,True,False,True,True,delete_person_flip,True,The mailing checklist does not have a blank square for the product-code panel cut from the box.,"Scenario: The rebate form is filled out. The mailing checklist does not have a blank square for the product-code panel cut from the box. For this step, what should I attach?
Option1: Attach a printed photo of the product-code panel
Option2: Attach the cut-out product-code panel
Question: Which one should I choose? Answer 1 for Option1 and 2 for Option2.

Evaluation answer protocol (this overrides earlier answer wording):
1 = Option1
2 = Option2
You must choose Option1 or Option2. Output only 1 or 2; never output 3.",True,Minimal negation applied to the main verb phrase 'has' to negate the existence of the blank square specifically for the described item.,1,-0.5260930958967791,-0.8938178760220964,,0.5909090909090909,0.4090909090909091,,0.3677247801253173,False,True,False,True,True,
26,2,-3.0910424533583156,-0.04652001563489282,0.045454545454545456,0.9545454545454546,sampling,4,0,1,1,1,False,all_negations_flip,2,False,3,from the box.,113,126,"Scenario: The rebate form is filled out. The mailing checklist has a blank square for the product-code panel cut For this step, what should I attach?
Option1: Attach a printed photo of the product-code panel
Option2: Attach the cut-out product-code panel
Question: Which one should I choose? Answer 1 for Option1 and 2 for Option2.

Evaluation answer protocol (this overrides earlier answer wording):
1 = Option1
2 = Option2
3 = after the deletion, the remaining scenario does not determine either Option1 or Option2
Output only 1, 2, or 3.",2,-3.1354942159291497,-0.09097177820572676,-3.1354942159291497,0.043478260869565216,0.9130434782608695,0.043478260869565216,3.044522437723423,False,False,True,False,False,deletion neither uncertain nor option flip,False,,,,deletion neither uncertain nor option flip,,,,,,,,,,,,,,
27,1,-0.3184537311185346,-1.2992829841302609,0.7272727272727273,0.2727272727272727,sampling,4,0,0,0,0,False,no_informative_deletion,1,False,0,The repair quote is approved.,10,39,"Scenario The painter is at the bay with a color reader for the faded gelcoat beside the scratch on my boat hull. Should I bring the boat to the bay or walk to the bay without it?
Option1: Bring the boat to the bay
Option2: Walk to the bay without the boat
Question: Which one should I choose? Answer 1 for Option1 and 2 for Option2.

Evaluation answer protocol (this overrides earlier answer wording):
1 = Option1
2 = Option2
3 = after the deletion, the remaining scenario does not determine either Option1 or Option2
Output only 1, 2, or 3.",1,-0.496436886313891,-1.0560526742493137,-3.1354942159291497,0.6086956521739131,0.34782608695652173,0.043478260869565216,0.5596157879354227,False,False,True,False,False,deletion neither uncertain nor option flip,False,,,,deletion neither uncertain nor option flip,,,,,,,,,,,,,,
27,1,-0.3184537311185346,-1.2992829841302609,0.7272727272727273,0.2727272727272727,sampling,4,0,0,0,0,False,no_informative_deletion,1,False,1,The painter is at the bay,40,65,"Scenario: The repair quote is approved. with a color reader for the faded gelcoat beside the scratch on my boat hull. Should I bring the boat to the bay or walk to the bay without it?
Option1: Bring the boat to the bay
Option2: Walk to the bay without the boat
Question: Which one should I choose? Answer 1 for Option1 and 2 for Option2.

Evaluation answer protocol (this overrides earlier answer wording):
1 = Option1
2 = Option2
3 = after the deletion, the remaining scenario does not determine either Option1 or Option2
Output only 1, 2, or 3.",1,-0.570544858467613,-0.9382696385929302,-3.1354942159291497,0.5652173913043478,0.391304347826087,0.043478260869565216,0.3677247801253172,False,False,True,False,False,deletion neither uncertain nor option flip,False,,,,deletion neither uncertain nor option flip,,,,,,,,,,,,,,
27,1,-0.3184537311185346,-1.2992829841302609,0.7272727272727273,0.2727272727272727,sampling,4,0,0,0,0,False,no_informative_deletion,1,False,2,with a color reader for the faded gelcoat,66,107,"Scenario: The repair quote is approved. The painter is at the bay beside the scratch on my boat hull. Should I bring the boat to the bay or walk to the bay without it?
Option1: Bring the boat to the bay
Option2: Walk to the bay without the boat
Question: Which one should I choose? Answer 1 for Option1 and 2 for Option2.

Evaluation answer protocol (this overrides earlier answer wording):
1 = Option1
2 = Option2
3 = after the deletion, the remaining scenario does not determine either Option1 or Option2
Output only 1, 2, or 3.",1,-0.13976194237515874,-2.4423470353692043,-3.1354942159291497,0.8695652173913043,0.08695652173913043,0.043478260869565216,2.3025850929940455,False,False,True,False,False,deletion neither uncertain nor option flip,False,,,,deletion neither uncertain nor option flip,,,,,,,,,,,,,,
27,1,-0.3184537311185346,-1.2992829841302609,0.7272727272727273,0.2727272727272727,sampling,4,0,0,0,0,False,no_informative_deletion,1,False,3,beside the scratch on my boat hull.,108,143,"Scenario: The repair quote is approved. The painter is at the bay with a color reader for the faded gelcoat Should I bring the boat to the bay or walk to the bay without it?
Option1: Bring the boat to the bay
Option2: Walk to the bay without the boat
Question: Which one should I choose? Answer 1 for Option1 and 2 for Option2.

Evaluation answer protocol (this overrides earlier answer wording):
1 = Option1
2 = Option2
3 = after the deletion, the remaining scenario does not determine either Option1 or Option2
Output only 1, 2, or 3.",1,-0.09097177820572676,-3.1354942159291497,-3.1354942159291497,0.9130434782608695,0.043478260869565216,0.043478260869565216,3.044522437723423,False,False,True,False,False,deletion neither uncertain nor option flip,False,,,,deletion neither uncertain nor option flip,,,,,,,,,,,,,,
28,1,-0.04652001563489282,-3.0910424533583156,0.9545454545454546,0.045454545454545456,sampling,7,0,0,0,0,False,no_informative_deletion,1,False,0,The rental yard has a car dolly reserved,10,50,"Scenario for me, but they release it only after connecting it to my truck and watching the dolly lights respond. The contract counter is at the front office. Should I pull the truck into the hookup lane or walk to the counter?
Option1: Pull the truck into the hookup lane
Option2: Walk to the counter
Question: Which one should I choose? Answer 1 for Option1 and 2 for Option2.

Evaluation answer protocol (this overrides earlier answer wording):
1 = Option1
2 = Option2
3 = after the deletion, the remaining scenario does not determine either Option1 or Option2
Output only 1, 2, or 3.",1,-0.19105523676270922,-2.03688192726104,-3.1354942159291497,0.8260869565217391,0.13043478260869565,0.043478260869565216,1.845826690498331,False,False,True,False,False,deletion neither uncertain nor option flip,False,,,,deletion neither uncertain nor option flip,,,,,,,,,,,,,,
28,1,-0.04652001563489282,-3.0910424533583156,0.9545454545454546,0.045454545454545456,sampling,7,0,0,0,0,False,no_informative_deletion,1,False,1,for me,51,57,"Scenario: The rental yard has a car dolly reserved but they release it only after connecting it to my truck and watching the dolly lights respond. The contract counter is at the front office. Should I pull the truck into the hookup lane or walk to the counter?
Option1: Pull the truck into the hookup lane
Option2: Walk to the counter
Question: Which one should I choose? Answer 1 for Option1 and 2 for Option2.

Evaluation answer protocol (this overrides earlier answer wording):
1 = Option1
2 = Option2
3 = after the deletion, the remaining scenario does not determine either Option1 or Option2
Output only 1, 2, or 3.",1,-0.09097177820572676,-3.1354942159291497,-3.1354942159291497,0.9130434782608695,0.043478260869565216,0.043478260869565216,3.044522437723423,False,False,True,False,False,deletion neither uncertain nor option flip,False,,,,deletion neither uncertain nor option flip,,,,,,,,,,,,,,
28,1,-0.04652001563489282,-3.0910424533583156,0.9545454545454546,0.045454545454545456,sampling,7,0,0,0,0,False,no_informative_deletion,1,False,2,but they release it only,59,83,"Scenario: The rental yard has a car dolly reserved for me after connecting it to my truck and watching the dolly lights respond. The contract counter is at the front office. Should I pull the truck into the hookup lane or walk to the counter?
Option1: Pull the truck into the hookup lane
Option2: Walk to the counter
Question: Which one should I choose? Answer 1 for Option1 and 2 for Option2.

Evaluation answer protocol (this overrides earlier answer wording):
1 = Option1
2 = Option2
3 = after the deletion, the remaining scenario does not determine either Option1 or Option2
Output only 1, 2, or 3.",1,-0.09097177820572676,-3.1354942159291497,-3.1354942159291497,0.9130434782608695,0.043478260869565216,0.043478260869565216,3.044522437723423,False,False,True,False,False,deletion neither uncertain nor option flip,False,,,,deletion neither uncertain nor option flip,,,,,,,,,,,,,,
28,1,-0.04652001563489282,-3.0910424533583156,0.9545454545454546,0.045454545454545456,sampling,7,0,0,0,0,False,no_informative_deletion,1,False,3,after connecting it,84,103,"Scenario: The rental yard has a car dolly reserved for me, but they release it only to my truck and watching the dolly lights respond. The contract counter is at the front office. Should I pull the truck into the hookup lane or walk to the counter?
Option1: Pull the truck into the hookup lane
Option2: Walk to the counter
Question: Which one should I choose? Answer 1 for Option1 and 2 for Option2.

Evaluation answer protocol (this overrides earlier answer wording):
1 = Option1
2 = Option2
3 = after the deletion, the remaining scenario does not determine either Option1 or Option2
Output only 1, 2, or 3.",1,-0.09097177820572676,-3.1354942159291497,-3.1354942159291497,0.9130434782608695,0.043478260869565216,0.043478260869565216,3.044522437723423,False,False,True,False,False,deletion neither uncertain nor option flip,False,,,,deletion neither uncertain nor option flip,,,,,,,,,,,,,,
28,1,-0.04652001563489282,-3.0910424533583156,0.9545454545454546,0.045454545454545456,sampling,7,0,0,0,0,False,no_informative_deletion,1,False,4,to my truck,104,115,"Scenario: The rental yard has a car dolly reserved for me, but they release it only after connecting it watching the dolly lights respond. The contract counter is at the front office. Should I pull the truck into the hookup lane or walk to the counter?
Option1: Pull the truck into the hookup lane
Option2: Walk to the counter
Question: Which one should I choose? Answer 1 for Option1 and 2 for Option2.

Evaluation answer protocol (this overrides earlier answer wording):
1 = Option1
2 = Option2
3 = after the deletion, the remaining scenario does not determine either Option1 or Option2
Output only 1, 2, or 3.",1,-0.570544858467613,-0.9382696385929302,-3.1354942159291497,0.5652173913043478,0.391304347826087,0.043478260869565216,0.3677247801253172,False,False,True,False,False,deletion neither uncertain nor option flip,False,,,,deletion neither uncertain nor option flip,,,,,,,,,,,,,,
28,1,-0.04652001563489282,-3.0910424533583156,0.9545454545454546,0.045454545454545456,sampling,7,0,0,0,0,False,no_informative_deletion,1,False,5,and watching the dolly lights respond.,116,154,"Scenario: The rental yard has a car dolly reserved for me, but they release it only after connecting it to my truck The contract counter is at the front office. Should I pull the truck into the hookup lane or walk to the counter?
Option1: Pull the truck into the hookup lane
Option2: Walk to the counter
Question: Which one should I choose? Answer 1 for Option1 and 2 for Option2.

Evaluation answer protocol (this overrides earlier answer wording):
1 = Option1
2 = Option2
3 = after the deletion, the remaining scenario does not determine either Option1 or Option2
Output only 1, 2, or 3.",1,-0.09097177820572676,-3.1354942159291497,-3.1354942159291497,0.9130434782608695,0.043478260869565216,0.043478260869565216,3.044522437723423,False,False,True,False,False,deletion neither uncertain nor option flip,False,,,,deletion neither uncertain nor option flip,,,,,,,,,,,,,,
28,1,-0.04652001563489282,-3.0910424533583156,0.9545454545454546,0.045454545454545456,sampling,7,0,0,0,0,False,no_informative_deletion,1,False,6,The contract counter is at the front office.,155,199,"Scenario: The rental yard has a car dolly reserved for me, but they release it only after connecting it to my truck and watching the dolly lights respond. Should I pull the truck into the hookup lane or walk to the counter?
Option1: Pull the truck into the hookup lane
Option2: Walk to the counter
Question: Which one should I choose? Answer 1 for Option1 and 2 for Option2.

Evaluation answer protocol (this overrides earlier answer wording):
1 = Option1
2 = Option2
3 = after the deletion, the remaining scenario does not determine either Option1 or Option2
Output only 1, 2, or 3.",1,-0.09097177820572676,-3.1354942159291497,-3.1354942159291497,0.9130434782608695,0.043478260869565216,0.043478260869565216,3.044522437723423,False,False,True,False,False,deletion neither uncertain nor option flip,False,,,,deletion neither uncertain nor option flip,,,,,,,,,,,,,,
29,2,-3.0910424533583156,-0.04652001563489282,0.045454545454545456,0.9545454545454546,sampling,4,0,0,0,0,False,no_informative_deletion,2,False,0,The recovery report is filled out.,10,44,"Scenario The officer is at the evidence-lot gate to confirm the VIN on my dirt bike before closing the case. Should I bring the dirt bike to the gate or walk to the gate without it?
Option1: Walk to the gate without the dirt bike
Option2: Bring the dirt bike to the gate
Question: Which one should I choose? Answer 1 for Option1 and 2 for Option2.

Evaluation answer protocol (this overrides earlier answer wording):
1 = Option1
2 = Option2
3 = after the deletion, the remaining scenario does not determine either Option1 or Option2
Output only 1, 2, or 3.",2,-3.1354942159291497,-0.09097177820572676,-3.1354942159291497,0.043478260869565216,0.9130434782608695,0.043478260869565216,3.044522437723423,False,False,True,False,False,deletion neither uncertain nor option flip,False,,,,deletion neither uncertain nor option flip,,,,,,,,,,,,,,
29,2,-3.0910424533583156,-0.04652001563489282,0.045454545454545456,0.9545454545454546,sampling,4,0,0,0,0,False,no_informative_deletion,2,False,1,The officer is at the evidence-lot gate,45,84,"Scenario: The recovery report is filled out. to confirm the VIN on my dirt bike before closing the case. Should I bring the dirt bike to the gate or walk to the gate without it?
Option1: Walk to the gate without the dirt bike
Option2: Bring the dirt bike to the gate
Question: Which one should I choose? Answer 1 for Option1 and 2 for Option2.

Evaluation answer protocol (this overrides earlier answer wording):
1 = Option1
2 = Option2
3 = after the deletion, the remaining scenario does not determine either Option1 or Option2
Output only 1, 2, or 3.",2,-3.1354942159291497,-0.09097177820572676,-3.1354942159291497,0.043478260869565216,0.9130434782608695,0.043478260869565216,3.044522437723423,False,False,True,False,False,deletion neither uncertain nor option flip,False,,,,deletion neither uncertain nor option flip,,,,,,,,,,,,,,
29,2,-3.0910424533583156,-0.04652001563489282,0.045454545454545456,0.9545454545454546,sampling,4,0,0,0,0,False,no_informative_deletion,2,False,2,to confirm the VIN on my dirt bike,85,119,"Scenario: The recovery report is filled out. The officer is at the evidence-lot gate before closing the case. Should I bring the dirt bike to the gate or walk to the gate without it?
Option1: Walk to the gate without the dirt bike
Option2: Bring the dirt bike to the gate
Question: Which one should I choose? Answer 1 for Option1 and 2 for Option2.

Evaluation answer protocol (this overrides earlier answer wording):
1 = Option1
2 = Option2
3 = after the deletion, the remaining scenario does not determine either Option1 or Option2
Output only 1, 2, or 3.",2,-0.9382696385929302,-0.570544858467613,-3.1354942159291497,0.391304347826087,0.5652173913043478,0.043478260869565216,0.3677247801253172,False,False,True,False,False,deletion neither uncertain nor option flip,False,,,,deletion neither uncertain nor option flip,,,,,,,,,,,,,,
29,2,-3.0910424533583156,-0.04652001563489282,0.045454545454545456,0.9545454545454546,sampling,4,0,0,0,0,False,no_informative_deletion,2,False,3,before closing the case.,120,144,"Scenario: The recovery report is filled out. The officer is at the evidence-lot gate to confirm the VIN on my dirt bike Should I bring the dirt bike to the gate or walk to the gate without it?
Option1: Walk to the gate without the dirt bike
Option2: Bring the dirt bike to the gate
Question: Which one should I choose? Answer 1 for Option1 and 2 for Option2.

Evaluation answer protocol (this overrides earlier answer wording):
1 = Option1
2 = Option2
3 = after the deletion, the remaining scenario does not determine either Option1 or Option2
Output only 1, 2, or 3.",2,-3.1354942159291497,-0.09097177820572676,-3.1354942159291497,0.043478260869565216,0.9130434782608695,0.043478260869565216,3.044522437723423,False,False,True,False,False,deletion neither uncertain nor option flip,False,,,,deletion neither uncertain nor option flip,,,,,,,,,,,,,,
30,2,-3.0910424533583156,-0.04652001563489282,0.045454545454545456,0.9545454545454546,sampling,4,0,0,0,0,False,no_informative_deletion,2,False,0,I am adding a microphone stand,10,40,"Scenario to the equipment list. The barcode tag must wrap around the pole before staff scan it. What should I bring to equipment intake?
Option1: Only the barcode tag
Option2: The microphone stand with the tag attached
Question: Which one should I choose? Answer 1 for Option1 and 2 for Option2.

Evaluation answer protocol (this overrides earlier answer wording):
1 = Option1
2 = Option2
3 = after the deletion, the remaining scenario does not determine either Option1 or Option2
Output only 1, 2, or 3.",2,-3.1354942159291497,-0.09097177820572676,-3.1354942159291497,0.043478260869565216,0.9130434782608695,0.043478260869565216,3.044522437723423,False,False,True,False,False,deletion neither uncertain nor option flip,False,,,,deletion neither uncertain nor option flip,,,,,,,,,,,,,,
30,2,-3.0910424533583156,-0.04652001563489282,0.045454545454545456,0.9545454545454546,sampling,4,0,0,0,0,False,no_informative_deletion,2,False,1,to the equipment list.,41,63,"Scenario: I am adding a microphone stand The barcode tag must wrap around the pole before staff scan it. What should I bring to equipment intake?
Option1: Only the barcode tag
Option2: The microphone stand with the tag attached
Question: Which one should I choose? Answer 1 for Option1 and 2 for Option2.

Evaluation answer protocol (this overrides earlier answer wording):
1 = Option1
2 = Option2
3 = after the deletion, the remaining scenario does not determine either Option1 or Option2
Output only 1, 2, or 3.",2,-3.1354942159291497,-0.09097177820572676,-3.1354942159291497,0.043478260869565216,0.9130434782608695,0.043478260869565216,3.044522437723423,False,False,True,False,False,deletion neither uncertain nor option flip,False,,,,deletion neither uncertain nor option flip,,,,,,,,,,,,,,
30,2,-3.0910424533583156,-0.04652001563489282,0.045454545454545456,0.9545454545454546,sampling,4,0,0,0,0,False,no_informative_deletion,2,False,2,The barcode tag must wrap around the pole,64,105,"Scenario: I am adding a microphone stand to the equipment list. before staff scan it. What should I bring to equipment intake?
Option1: Only the barcode tag
Option2: The microphone stand with the tag attached
Question: Which one should I choose? Answer 1 for Option1 and 2 for Option2.

Evaluation answer protocol (this overrides earlier answer wording):
1 = Option1
2 = Option2
3 = after the deletion, the remaining scenario does not determine either Option1 or Option2
Output only 1, 2, or 3.",2,-3.1354942159291497,-0.09097177820572676,-3.1354942159291497,0.043478260869565216,0.9130434782608695,0.043478260869565216,3.044522437723423,False,False,True,False,False,deletion neither uncertain nor option flip,False,,,,deletion neither uncertain nor option flip,,,,,,,,,,,,,,
30,2,-3.0910424533583156,-0.04652001563489282,0.045454545454545456,0.9545454545454546,sampling,4,0,0,0,0,False,no_informative_deletion,2,False,3,before staff scan it.,106,127,"Scenario: I am adding a microphone stand to the equipment list. The barcode tag must wrap around the pole What should I bring to equipment intake?
Option1: Only the barcode tag
Option2: The microphone stand with the tag attached
Question: Which one should I choose? Answer 1 for Option1 and 2 for Option2.

Evaluation answer protocol (this overrides earlier answer wording):
1 = Option1
2 = Option2
3 = after the deletion, the remaining scenario does not determine either Option1 or Option2
Output only 1, 2, or 3.",2,-3.1354942159291497,-0.09097177820572676,-3.1354942159291497,0.043478260869565216,0.9130434782608695,0.043478260869565216,3.044522437723423,False,False,True,False,False,deletion neither uncertain nor option flip,False,,,,deletion neither uncertain nor option flip,,,,,,,,,,,,,,
31,2,-1.2992829841302609,-0.3184537311185346,0.2727272727272727,0.7272727272727273,sampling,5,0,2,2,2,True,negation_nonflip,1,True,0,The county lake office printed my annual trailer pass,10,63,"Scenario but the attendant puts the decal on only after comparing it to the trailer plate at the ramp lane. The cashier window is right by the parking lot. Should I tow the trailer to the ramp lane or walk to the cashier window?
Option1: Tow the trailer to the ramp lane
Option2: Walk to the cashier window
Question: Which one should I choose? Answer 1 for Option1 and 2 for Option2.

Evaluation answer protocol (this overrides earlier answer wording):
1 = Option1
2 = Option2
3 = after the deletion, the remaining scenario does not determine either Option1 or Option2
Output only 1, 2, or 3.",1,-0.3022808718729337,-1.5260563034950494,-3.1354942159291497,0.7391304347826086,0.21739130434782608,0.043478260869565216,1.2237754316221157,False,True,False,True,True,delete_person_flip,True,"Scenario: The county lake office did not print my annual trailer pass, but the attendant puts the decal on only after comparing it to the trailer plate at the ramp lane.","Scenario: The county lake office did not print my annual trailer pass, but the attendant puts the decal on only after comparing it to the trailer plate at the ramp lane. The cashier window is right by the parking lot. Should I tow the trailer to the ramp lane or walk to the cashier window?
Option1: Tow the trailer to the ramp lane
Option2: Walk to the cashier window
Question: Which one should I choose? Answer 1 for Option1 and 2 for Option2.

Evaluation answer protocol (this overrides earlier answer wording):
1 = Option1
2 = Option2
You must choose Option1 or Option2. Output only 1 or 2; never output 3.",True,"Negated the main verb 'printed' with 'did not print' while preserving the conjunction 'but' and the subsequent clause. Preserved all entities (county lake office, annual trailer pass, attendant, decal, trailer plate, ramp lane) and structural facts.",2,-1.7047480922384253,-0.2006706954621511,,0.18181818181818182,0.8181818181818182,,1.5040773967762742,False,False,True,False,True,
31,2,-1.2992829841302609,-0.3184537311185346,0.2727272727272727,0.7272727272727273,sampling,5,0,2,2,2,True,negation_nonflip,1,True,1,but the attendant puts the decal on only,65,105,"Scenario: The county lake office printed my annual trailer pass after comparing it to the trailer plate at the ramp lane. The cashier window is right by the parking lot. Should I tow the trailer to the ramp lane or walk to the cashier window?
Option1: Tow the trailer to the ramp lane
Option2: Walk to the cashier window
Question: Which one should I choose? Answer 1 for Option1 and 2 for Option2.

Evaluation answer protocol (this overrides earlier answer wording):
1 = Option1
2 = Option2
3 = after the deletion, the remaining scenario does not determine either Option1 or Option2
Output only 1, 2, or 3.",2,-0.9382696385929302,-0.570544858467613,-3.1354942159291497,0.391304347826087,0.5652173913043478,0.043478260869565216,0.3677247801253172,False,False,True,False,False,deletion neither uncertain nor option flip,False,,,,deletion neither uncertain nor option flip,,,,,,,,,,,,,,
31,2,-1.2992829841302609,-0.3184537311185346,0.2727272727272727,0.7272727272727273,sampling,5,0,2,2,2,True,negation_nonflip,1,True,2,after comparing it,106,124,"Scenario: The county lake office printed my annual trailer pass, but the attendant puts the decal on only to the trailer plate at the ramp lane. The cashier window is right by the parking lot. Should I tow the trailer to the ramp lane or walk to the cashier window?
Option1: Tow the trailer to the ramp lane
Option2: Walk to the cashier window
Question: Which one should I choose? Answer 1 for Option1 and 2 for Option2.

Evaluation answer protocol (this overrides earlier answer wording):
1 = Option1
2 = Option2
3 = after the deletion, the remaining scenario does not determine either Option1 or Option2
Output only 1, 2, or 3.",2,-1.0560526742493137,-0.496436886313891,-3.1354942159291497,0.34782608695652173,0.6086956521739131,0.043478260869565216,0.5596157879354227,False,False,True,False,False,deletion neither uncertain nor option flip,False,,,,deletion neither uncertain nor option flip,,,,,,,,,,,,,,
31,2,-1.2992829841302609,-0.3184537311185346,0.2727272727272727,0.7272727272727273,sampling,5,0,2,2,2,True,negation_nonflip,1,True,3,to the trailer plate at the ramp lane.,125,163,"Scenario: The county lake office printed my annual trailer pass, but the attendant puts the decal on only after comparing it The cashier window is right by the parking lot. Should I tow the trailer to the ramp lane or walk to the cashier window?
Option1: Tow the trailer to the ramp lane
Option2: Walk to the cashier window
Question: Which one should I choose? Answer 1 for Option1 and 2 for Option2.

Evaluation answer protocol (this overrides earlier answer wording):
1 = Option1
2 = Option2
3 = after the deletion, the remaining scenario does not determine either Option1 or Option2
Output only 1, 2, or 3.",2,-1.0560526742493137,-0.496436886313891,-3.1354942159291497,0.34782608695652173,0.6086956521739131,0.043478260869565216,0.5596157879354227,False,False,True,False,False,deletion neither uncertain nor option flip,False,,,,deletion neither uncertain nor option flip,,,,,,,,,,,,,,
31,2,-1.2992829841302609,-0.3184537311185346,0.2727272727272727,0.7272727272727273,sampling,5,0,2,2,2,True,negation_nonflip,1,True,4,The cashier window is right by the parking lot.,164,211,"Scenario: The county lake office printed my annual trailer pass, but the attendant puts the decal on only after comparing it to the trailer plate at the ramp lane. Should I tow the trailer to the ramp lane or walk to the cashier window?
Option1: Tow the trailer to the ramp lane
Option2: Walk to the cashier window
Question: Which one should I choose? Answer 1 for Option1 and 2 for Option2.

Evaluation answer protocol (this overrides earlier answer wording):
1 = Option1
2 = Option2
3 = after the deletion, the remaining scenario does not determine either Option1 or Option2
Output only 1, 2, or 3.",1,-0.4274440148269396,-1.1895840668738362,-3.1354942159291497,0.6521739130434783,0.30434782608695654,0.043478260869565216,0.7621400520468966,False,True,False,True,True,delete_person_flip,True,The cashier window is not right by the parking lot. Should I tow the trailer to the ramp lane or walk to the cashier window?,"Scenario: The county lake office printed my annual trailer pass, but the attendant puts the decal on only after comparing it to the trailer plate at the ramp lane. The cashier window is not right by the parking lot. Should I tow the trailer to the ramp lane or walk to the cashier window?
Option1: Tow the trailer to the ramp lane
Option2: Walk to the cashier window
Question: Which one should I choose? Answer 1 for Option1 and 2 for Option2.

Evaluation answer protocol (this overrides earlier answer wording):
1 = Option1
2 = Option2
You must choose Option1 or Option2. Output only 1 or 2; never output 3.",True,Negated the proposition that the cashier window's location is adjacent to the parking lot using minimal grammatical change (adding 'not').,1,-0.45198512374305727,-1.0116009116784799,,0.6363636363636364,0.36363636363636365,,0.5596157879354227,False,True,False,True,True,
32,1,-0.6061358035703156,-0.7884573603642702,0.5454545454545454,0.45454545454545453,sampling,5,0,0,0,0,False,no_informative_deletion,1,False,0,The parts store offered,10,33,"Scenario to print a code report for my rough idle, but the clerk said the reader has to be plugged in while the engine is running in their parking spot. Should I walk to the store or drive the car there?
Option1: Drive the car there
Option2: Walk to the store
Question: Which one should I choose? Answer 1 for Option1 and 2 for Option2.

Evaluation answer protocol (this overrides earlier answer wording):
1 = Option1
2 = Option2
3 = after the deletion, the remaining scenario does not determine either Option1 or Option2
Output only 1, 2, or 3.",1,-0.09097177820572676,-3.1354942159291497,-3.1354942159291497,0.9130434782608695,0.043478260869565216,0.043478260869565216,3.044522437723423,False,False,True,False,False,deletion neither uncertain nor option flip,False,,,,deletion neither uncertain nor option flip,,,,,,,,,,,,,,
32,1,-0.6061358035703156,-0.7884573603642702,0.5454545454545454,0.45454545454545453,sampling,5,0,0,0,0,False,no_informative_deletion,1,False,1,to print a code report for my rough idle,34,74,"Scenario: The parts store offered but the clerk said the reader has to be plugged in while the engine is running in their parking spot. Should I walk to the store or drive the car there?
Option1: Drive the car there
Option2: Walk to the store
Question: Which one should I choose? Answer 1 for Option1 and 2 for Option2.

Evaluation answer protocol (this overrides earlier answer wording):
1 = Option1
2 = Option2
3 = after the deletion, the remaining scenario does not determine either Option1 or Option2
Output only 1, 2, or 3.",1,-0.24512245803298496,-1.749199854809259,-3.1354942159291497,0.782608695652174,0.17391304347826086,0.043478260869565216,1.5040773967762742,False,False,True,False,False,deletion neither uncertain nor option flip,False,,,,deletion neither uncertain nor option flip,,,,,,,,,,,,,,
32,1,-0.6061358035703156,-0.7884573603642702,0.5454545454545454,0.45454545454545453,sampling,5,0,0,0,0,False,no_informative_deletion,1,False,2,but the clerk said the reader has,76,109,"Scenario: The parts store offered to print a code report for my rough idle to be plugged in while the engine is running in their parking spot. Should I walk to the store or drive the car there?
Option1: Drive the car there
Option2: Walk to the store
Question: Which one should I choose? Answer 1 for Option1 and 2 for Option2.

Evaluation answer protocol (this overrides earlier answer wording):
1 = Option1
2 = Option2
3 = after the deletion, the remaining scenario does not determine either Option1 or Option2
Output only 1, 2, or 3.",1,-0.19105523676270922,-2.03688192726104,-3.1354942159291497,0.8260869565217391,0.13043478260869565,0.043478260869565216,1.845826690498331,False,False,True,False,False,deletion neither uncertain nor option flip,False,,,,deletion neither uncertain nor option flip,,,,,,,,,,,,,,
32,1,-0.6061358035703156,-0.7884573603642702,0.5454545454545454,0.45454545454545453,sampling,5,0,0,0,0,False,no_informative_deletion,1,False,3,to be plugged in,110,126,"Scenario: The parts store offered to print a code report for my rough idle, but the clerk said the reader has while the engine is running in their parking spot. Should I walk to the store or drive the car there?
Option1: Drive the car there
Option2: Walk to the store
Question: Which one should I choose? Answer 1 for Option1 and 2 for Option2.

Evaluation answer protocol (this overrides earlier answer wording):
1 = Option1
2 = Option2
3 = after the deletion, the remaining scenario does not determine either Option1 or Option2
Output only 1, 2, or 3.",1,-0.13976194237515874,-2.4423470353692043,-3.1354942159291497,0.8695652173913043,0.08695652173913043,0.043478260869565216,2.3025850929940455,False,False,True,False,False,deletion neither uncertain nor option flip,False,,,,deletion neither uncertain nor option flip,,,,,,,,,,,,,,
32,1,-0.6061358035703156,-0.7884573603642702,0.5454545454545454,0.45454545454545453,sampling,5,0,0,0,0,False,no_informative_deletion,1,False,4,while the engine is running in their parking spot.,127,177,"Scenario: The parts store offered to print a code report for my rough idle, but the clerk said the reader has to be plugged in Should I walk to the store or drive the car there?
Option1: Drive the car there
Option2: Walk to the store
Question: Which one should I choose? Answer 1 for Option1 and 2 for Option2.

Evaluation answer protocol (this overrides earlier answer wording):
1 = Option1
2 = Option2
3 = after the deletion, the remaining scenario does not determine either Option1 or Option2
Output only 1, 2, or 3.",1,-0.6505875661411494,-0.832909122935104,-3.1354942159291497,0.5217391304347826,0.43478260869565216,0.043478260869565216,0.18232155679395456,False,False,True,False,False,deletion neither uncertain nor option flip,False,,,,deletion neither uncertain nor option flip,,,,,,,,,,,,,,
33,2,-3.0910424533583156,-0.04652001563489282,0.045454545454545456,0.9545454545454546,sampling,4,0,0,0,0,False,no_informative_deletion,2,False,0,I am checking in a display light stand.,10,49,"Scenario The fixture tag must be attached to the stand base before staff move it inside. What should I bring to tech intake?
Option1: Only the fixture tag
Option2: The display light stand with the fixture tag attached
Question: Which one should I choose? Answer 1 for Option1 and 2 for Option2.

Evaluation answer protocol (this overrides earlier answer wording):
1 = Option1
2 = Option2
3 = after the deletion, the remaining scenario does not determine either Option1 or Option2
Output only 1, 2, or 3.",2,-3.1354942159291497,-0.09097177820572676,-3.1354942159291497,0.043478260869565216,0.9130434782608695,0.043478260869565216,3.044522437723423,False,False,True,False,False,deletion neither uncertain nor option flip,False,,,,deletion neither uncertain nor option flip,,,,,,,,,,,,,,
33,2,-3.0910424533583156,-0.04652001563489282,0.045454545454545456,0.9545454545454546,sampling,4,0,0,0,0,False,no_informative_deletion,2,False,1,The fixture tag must be attached,50,82,"Scenario: I am checking in a display light stand. to the stand base before staff move it inside. What should I bring to tech intake?
Option1: Only the fixture tag
Option2: The display light stand with the fixture tag attached
Question: Which one should I choose? Answer 1 for Option1 and 2 for Option2.

Evaluation answer protocol (this overrides earlier answer wording):
1 = Option1
2 = Option2
3 = after the deletion, the remaining scenario does not determine either Option1 or Option2
Output only 1, 2, or 3.",2,-3.1354942159291497,-0.09097177820572676,-3.1354942159291497,0.043478260869565216,0.9130434782608695,0.043478260869565216,3.044522437723423,False,False,True,False,False,deletion neither uncertain nor option flip,False,,,,deletion neither uncertain nor option flip,,,,,,,,,,,,,,
33,2,-3.0910424533583156,-0.04652001563489282,0.045454545454545456,0.9545454545454546,sampling,4,0,0,0,0,False,no_informative_deletion,2,False,2,to the stand base,83,100,"Scenario: I am checking in a display light stand. The fixture tag must be attached before staff move it inside. What should I bring to tech intake?
Option1: Only the fixture tag
Option2: The display light stand with the fixture tag attached
Question: Which one should I choose? Answer 1 for Option1 and 2 for Option2.

Evaluation answer protocol (this overrides earlier answer wording):
1 = Option1
2 = Option2
3 = after the deletion, the remaining scenario does not determine either Option1 or Option2
Output only 1, 2, or 3.",2,-3.1354942159291497,-0.09097177820572676,-3.1354942159291497,0.043478260869565216,0.9130434782608695,0.043478260869565216,3.044522437723423,False,False,True,False,False,deletion neither uncertain nor option flip,False,,,,deletion neither uncertain nor option flip,,,,,,,,,,,,,,
33,2,-3.0910424533583156,-0.04652001563489282,0.045454545454545456,0.9545454545454546,sampling,4,0,0,0,0,False,no_informative_deletion,2,False,3,before staff move it inside.,101,129,"Scenario: I am checking in a display light stand. The fixture tag must be attached to the stand base What should I bring to tech intake?
Option1: Only the fixture tag
Option2: The display light stand with the fixture tag attached
Question: Which one should I choose? Answer 1 for Option1 and 2 for Option2.

Evaluation answer protocol (this overrides earlier answer wording):
1 = Option1
2 = Option2
3 = after the deletion, the remaining scenario does not determine either Option1 or Option2
Output only 1, 2, or 3.",2,-3.1354942159291497,-0.09097177820572676,-3.1354942159291497,0.043478260869565216,0.9130434782608695,0.043478260869565216,3.044522437723423,False,False,True,False,False,deletion neither uncertain nor option flip,False,,,,deletion neither uncertain nor option flip,,,,,,,,,,,,,,
34,1,-0.04652001563489282,-3.0910424533583156,0.9545454545454546,0.045454545454545456,sampling,3,0,0,0,0,False,no_informative_deletion,1,False,0,I am returning a museum pass pouch.,10,45,"Scenario The return label must be on the pouch before staff scan the return. What should I hand to staff?
Option1: The pouch with the label attached
Option2: Only the return label
Question: Which one should I choose? Answer 1 for Option1 and 2 for Option2.

Evaluation answer protocol (this overrides earlier answer wording):
1 = Option1
2 = Option2
3 = after the deletion, the remaining scenario does not determine either Option1 or Option2
Output only 1, 2, or 3.",1,-0.09097177820572676,-3.1354942159291497,-3.1354942159291497,0.9130434782608695,0.043478260869565216,0.043478260869565216,3.044522437723423,False,False,True,False,False,deletion neither uncertain nor option flip,False,,,,deletion neither uncertain nor option flip,,,,,,,,,,,,,,
34,1,-0.04652001563489282,-3.0910424533583156,0.9545454545454546,0.045454545454545456,sampling,3,0,0,0,0,False,no_informative_deletion,1,False,1,The return label must be on the pouch,46,83,"Scenario: I am returning a museum pass pouch. before staff scan the return. What should I hand to staff?
Option1: The pouch with the label attached
Option2: Only the return label
Question: Which one should I choose? Answer 1 for Option1 and 2 for Option2.

Evaluation answer protocol (this overrides earlier answer wording):
1 = Option1
2 = Option2
3 = after the deletion, the remaining scenario does not determine either Option1 or Option2
Output only 1, 2, or 3.",1,-0.09097177820572676,-3.1354942159291497,-3.1354942159291497,0.9130434782608695,0.043478260869565216,0.043478260869565216,3.044522437723423,False,False,True,False,False,deletion neither uncertain nor option flip,False,,,,deletion neither uncertain nor option flip,,,,,,,,,,,,,,
34,1,-0.04652001563489282,-3.0910424533583156,0.9545454545454546,0.045454545454545456,sampling,3,0,0,0,0,False,no_informative_deletion,1,False,2,before staff scan the return.,84,113,"Scenario: I am returning a museum pass pouch. The return label must be on the pouch What should I hand to staff?
Option1: The pouch with the label attached
Option2: Only the return label
Question: Which one should I choose? Answer 1 for Option1 and 2 for Option2.

Evaluation answer protocol (this overrides earlier answer wording):
1 = Option1
2 = Option2
3 = after the deletion, the remaining scenario does not determine either Option1 or Option2
Output only 1, 2, or 3.",1,-0.09097177820572676,-3.1354942159291497,-3.1354942159291497,0.9130434782608695,0.043478260869565216,0.043478260869565216,3.044522437723423,False,False,True,False,False,deletion neither uncertain nor option flip,False,,,,deletion neither uncertain nor option flip,,,,,,,,,,,,,,
35,1,-0.04652001563489282,-3.0910424533583156,0.9545454545454546,0.045454545454545456,sampling,4,0,0,0,0,False,no_informative_deletion,1,False,0,I am checking in a portable lectern.,10,46,"Scenario The room-number tag must be attached to the underside shelf before staff move it inside. What should I bring to conference intake?
Option1: The portable lectern with the room-number tag attached
Option2: Only the room-number tag
Question: Which one should I choose? Answer 1 for Option1 and 2 for Option2.

Evaluation answer protocol (this overrides earlier answer wording):
1 = Option1
2 = Option2
3 = after the deletion, the remaining scenario does not determine either Option1 or Option2
Output only 1, 2, or 3.",1,-0.09097177820572676,-3.1354942159291497,-3.1354942159291497,0.9130434782608695,0.043478260869565216,0.043478260869565216,3.044522437723423,False,False,True,False,False,deletion neither uncertain nor option flip,False,,,,deletion neither uncertain nor option flip,,,,,,,,,,,,,,
35,1,-0.04652001563489282,-3.0910424533583156,0.9545454545454546,0.045454545454545456,sampling,4,0,0,0,0,False,no_informative_deletion,1,False,1,The room-number tag must be attached,47,83,"Scenario: I am checking in a portable lectern. to the underside shelf before staff move it inside. What should I bring to conference intake?
Option1: The portable lectern with the room-number tag attached
Option2: Only the room-number tag
Question: Which one should I choose? Answer 1 for Option1 and 2 for Option2.

Evaluation answer protocol (this overrides earlier answer wording):
1 = Option1
2 = Option2
3 = after the deletion, the remaining scenario does not determine either Option1 or Option2
Output only 1, 2, or 3.",1,-0.09097177820572676,-3.1354942159291497,-3.1354942159291497,0.9130434782608695,0.043478260869565216,0.043478260869565216,3.044522437723423,False,False,True,False,False,deletion neither uncertain nor option flip,False,,,,deletion neither uncertain nor option flip,,,,,,,,,,,,,,
35,1,-0.04652001563489282,-3.0910424533583156,0.9545454545454546,0.045454545454545456,sampling,4,0,0,0,0,False,no_informative_deletion,1,False,2,to the underside shelf,84,106,"Scenario: I am checking in a portable lectern. The room-number tag must be attached before staff move it inside. What should I bring to conference intake?
Option1: The portable lectern with the room-number tag attached
Option2: Only the room-number tag
Question: Which one should I choose? Answer 1 for Option1 and 2 for Option2.

Evaluation answer protocol (this overrides earlier answer wording):
1 = Option1
2 = Option2
3 = after the deletion, the remaining scenario does not determine either Option1 or Option2
Output only 1, 2, or 3.",1,-0.09097177820572676,-3.1354942159291497,-3.1354942159291497,0.9130434782608695,0.043478260869565216,0.043478260869565216,3.044522437723423,False,False,True,False,False,deletion neither uncertain nor option flip,False,,,,deletion neither uncertain nor option flip,,,,,,,,,,,,,,
35,1,-0.04652001563489282,-3.0910424533583156,0.9545454545454546,0.045454545454545456,sampling,4,0,0,0,0,False,no_informative_deletion,1,False,3,before staff move it inside.,107,135,"Scenario: I am checking in a portable lectern. The room-number tag must be attached to the underside shelf What should I bring to conference intake?
Option1: The portable lectern with the room-number tag attached
Option2: Only the room-number tag
Question: Which one should I choose? Answer 1 for Option1 and 2 for Option2.

Evaluation answer protocol (this overrides earlier answer wording):
1 = Option1
2 = Option2
3 = after the deletion, the remaining scenario does not determine either Option1 or Option2
Output only 1, 2, or 3.",1,-0.09097177820572676,-3.1354942159291497,-3.1354942159291497,0.9130434782608695,0.043478260869565216,0.043478260869565216,3.044522437723423,False,False,True,False,False,deletion neither uncertain nor option flip,False,,,,deletion neither uncertain nor option flip,,,,,,,,,,,,,,
36,1,-0.04652001563489282,-3.0910424533583156,0.9545454545454546,0.045454545454545456,sampling,4,0,2,2,2,True,negation_nonflip,1,False,0,I am documenting a train cancellation for payroll.,10,60,"Scenario The office scans proof pages, while the rail agency requires the original paper ticket for the refund. What should I submit to payroll?
Option1: A copy of the paper ticket
Option2: The original paper ticket
Question: Which one should I choose? Answer 1 for Option1 and 2 for Option2.

Evaluation answer protocol (this overrides earlier answer wording):
1 = Option1
2 = Option2
3 = after the deletion, the remaining scenario does not determine either Option1 or Option2
Output only 1, 2, or 3.",2,-3.1354942159291497,-0.09097177820572676,-3.1354942159291497,0.043478260869565216,0.9130434782608695,0.043478260869565216,3.044522437723423,False,True,False,True,True,delete_person_flip,True,"Scenario: I am not documenting a train cancellation for payroll. The office scans proof pages, while the rail agency requires the original paper ticket for the refund.","Scenario: I am not documenting a train cancellation for payroll. The office scans proof pages, while the rail agency requires the original paper ticket for the refund. What should I submit to payroll?
Option1: A copy of the paper ticket
Option2: The original paper ticket
Question: Which one should I choose? Answer 1 for Option1 and 2 for Option2.

Evaluation answer protocol (this overrides earlier answer wording):
1 = Option1
2 = Option2
You must choose Option1 or Option2. Output only 1 or 2; never output 3.",True,The negation 'not' was inserted immediately before the verb 'documenting' to minimally negate the target proposition while preserving all other entities and facts.,1,-0.04652001563489282,-3.0910424533583156,,0.9545454545454546,0.045454545454545456,,3.044522437723423,False,False,True,False,True,
36,1,-0.04652001563489282,-3.0910424533583156,0.9545454545454546,0.045454545454545456,sampling,4,0,2,2,2,True,negation_nonflip,1,False,1,The office scans proof pages,61,89,"Scenario: I am documenting a train cancellation for payroll. while the rail agency requires the original paper ticket for the refund. What should I submit to payroll?
Option1: A copy of the paper ticket
Option2: The original paper ticket
Question: Which one should I choose? Answer 1 for Option1 and 2 for Option2.

Evaluation answer protocol (this overrides earlier answer wording):
1 = Option1
2 = Option2
3 = after the deletion, the remaining scenario does not determine either Option1 or Option2
Output only 1, 2, or 3.",1,-0.496436886313891,-1.0560526742493137,-3.1354942159291497,0.6086956521739131,0.34782608695652173,0.043478260869565216,0.5596157879354227,False,False,True,False,False,deletion neither uncertain nor option flip,False,,,,deletion neither uncertain nor option flip,,,,,,,,,,,,,,
36,1,-0.04652001563489282,-3.0910424533583156,0.9545454545454546,0.045454545454545456,sampling,4,0,2,2,2,True,negation_nonflip,1,False,2,while the rail agency requires the original paper,91,140,"Scenario: I am documenting a train cancellation for payroll. The office scans proof pages ticket for the refund. What should I submit to payroll?
Option1: A copy of the paper ticket
Option2: The original paper ticket
Question: Which one should I choose? Answer 1 for Option1 and 2 for Option2.

Evaluation answer protocol (this overrides earlier answer wording):
1 = Option1
2 = Option2
3 = after the deletion, the remaining scenario does not determine either Option1 or Option2
Output only 1, 2, or 3.",1,-0.24512245803298496,-1.749199854809259,-3.1354942159291497,0.782608695652174,0.17391304347826086,0.043478260869565216,1.5040773967762742,False,False,True,False,False,deletion neither uncertain nor option flip,False,,,,deletion neither uncertain nor option flip,,,,,,,,,,,,,,
36,1,-0.04652001563489282,-3.0910424533583156,0.9545454545454546,0.045454545454545456,sampling,4,0,2,2,2,True,negation_nonflip,1,False,3,ticket for the refund.,141,163,"Scenario: I am documenting a train cancellation for payroll. The office scans proof pages, while the rail agency requires the original paper What should I submit to payroll?
Option1: A copy of the paper ticket
Option2: The original paper ticket
Question: Which one should I choose? Answer 1 for Option1 and 2 for Option2.

Evaluation answer protocol (this overrides earlier answer wording):
1 = Option1
2 = Option2
3 = after the deletion, the remaining scenario does not determine either Option1 or Option2
Output only 1, 2, or 3.",2,-0.9382696385929302,-0.570544858467613,-3.1354942159291497,0.391304347826087,0.5652173913043478,0.043478260869565216,0.3677247801253172,False,True,False,True,True,delete_person_flip,True,"The office scans proof pages, while the rail agency requires the original paper ticket not for the refund.","Scenario: I am documenting a train cancellation for payroll. The office scans proof pages, while the rail agency requires the original paper ticket not for the refund.
Option1: A copy of the paper ticket
Option2: The original paper ticket
Question: Which one should I choose? Answer 1 for Option1 and 2 for Option2.

Evaluation answer protocol (this overrides earlier answer wording):
1 = Option1
2 = Option2
You must choose Option1 or Option2. Output only 1 or 2; never output 3.",True,Minimal negation applied to the prepositional phrase indicating purpose.,2,-1.2992829841302609,-0.3184537311185346,,0.2727272727272727,0.7272727272727273,,0.9808292530117263,False,True,False,True,True,
37,2,-0.8938178760220964,-0.5260930958967791,0.4090909090909091,0.5909090909090909,sampling,5,1,1,2,2,True,negation_nonflip,1,True,0,I am updating my film-editing suite account.,10,54,"Scenario The media manager scans paper proof and discards it, while the suite badge must remain active on my lanyard. What should I submit to the media manager?
Option1: A paper copy of the suite badge
Option2: The physical suite badge
Question: Which one should I choose? Answer 1 for Option1 and 2 for Option2.

Evaluation answer protocol (this overrides earlier answer wording):
1 = Option1
2 = Option2
3 = after the deletion, the remaining scenario does not determine either Option1 or Option2
Output only 1, 2, or 3.",2,-1.0560526742493137,-0.496436886313891,-3.1354942159291497,0.34782608695652173,0.6086956521739131,0.043478260869565216,0.5596157879354227,False,False,True,False,False,deletion neither uncertain nor option flip,False,,,,deletion neither uncertain nor option flip,,,,,,,,,,,,,,
37,2,-0.8938178760220964,-0.5260930958967791,0.4090909090909091,0.5909090909090909,sampling,5,1,1,2,2,True,negation_nonflip,1,True,1,The media manager scans paper proof,55,90,"Scenario: I am updating my film-editing suite account. discards it, while the suite badge must remain active on my lanyard. What should I submit to the media manager?
Option1: A paper copy of the suite badge
Option2: The physical suite badge
Question: Which one should I choose? Answer 1 for Option1 and 2 for Option2.

Evaluation answer protocol (this overrides earlier answer wording):
1 = Option1
2 = Option2
3 = after the deletion, the remaining scenario does not determine either Option1 or Option2
Output only 1, 2, or 3.",2,-3.1354942159291497,-0.3629054936893685,-1.3437347467010947,0.043478260869565216,0.6956521739130435,0.2608695652173913,0.9808292530117262,False,False,True,False,False,deletion neither uncertain nor option flip,False,,,,deletion neither uncertain nor option flip,,,,,,,,,,,,,,
37,2,-0.8938178760220964,-0.5260930958967791,0.4090909090909091,0.5909090909090909,sampling,5,1,1,2,2,True,negation_nonflip,1,True,2,and discards it,91,106,"Scenario: I am updating my film-editing suite account. The media manager scans paper proof while the suite badge must remain active on my lanyard. What should I submit to the media manager?
Option1: A paper copy of the suite badge
Option2: The physical suite badge
Question: Which one should I choose? Answer 1 for Option1 and 2 for Option2.

Evaluation answer protocol (this overrides earlier answer wording):
1 = Option1
2 = Option2
3 = after the deletion, the remaining scenario does not determine either Option1 or Option2
Output only 1, 2, or 3.",2,-1.749199854809259,-0.24512245803298496,-3.1354942159291497,0.17391304347826086,0.782608695652174,0.043478260869565216,1.5040773967762742,False,False,True,False,False,deletion neither uncertain nor option flip,False,,,,deletion neither uncertain nor option flip,,,,,,,,,,,,,,
37,2,-0.8938178760220964,-0.5260930958967791,0.4090909090909091,0.5909090909090909,sampling,5,1,1,2,2,True,negation_nonflip,1,True,3,while the suite badge must remain active on,108,151,"Scenario: I am updating my film-editing suite account. The media manager scans paper proof and discards it my lanyard. What should I submit to the media manager?
Option1: A paper copy of the suite badge
Option2: The physical suite badge
Question: Which one should I choose? Answer 1 for Option1 and 2 for Option2.

Evaluation answer protocol (this overrides earlier answer wording):
1 = Option1
2 = Option2
3 = after the deletion, the remaining scenario does not determine either Option1 or Option2
Output only 1, 2, or 3.",3,-1.0560526742493137,-2.4423470353692043,-0.570544858467613,0.34782608695652173,0.08695652173913043,0.5652173913043478,0.48550781578170066,True,False,False,True,True,delete_uncertain,True,"The media manager scans paper proof and discards it, while the suite badge must not remain active on my lanyard.","Scenario: I am updating my film-editing suite account. The media manager scans paper proof and discards it, while the suite badge must not remain active on my lanyard. What should I submit to the media manager?
Option1: A paper copy of the suite badge
Option2: The physical suite badge
Question: Which one should I choose? Answer 1 for Option1 and 2 for Option2.

Evaluation answer protocol (this overrides earlier answer wording):
1 = Option1
2 = Option2
You must choose Option1 or Option2. Output only 1 or 2; never output 3.",True,"Negated the modal verb 'must' to 'must not' to negate the proposition that the badge remains active, preserving all other entities and facts.",2,-3.0910424533583156,-0.04652001563489282,,0.045454545454545456,0.9545454545454546,,3.044522437723423,False,False,True,False,True,
37,2,-0.8938178760220964,-0.5260930958967791,0.4090909090909091,0.5909090909090909,sampling,5,1,1,2,2,True,negation_nonflip,1,True,4,my lanyard.,152,163,"Scenario: I am updating my film-editing suite account. The media manager scans paper proof and discards it, while the suite badge must remain active on What should I submit to the media manager?
Option1: A paper copy of the suite badge
Option2: The physical suite badge
Question: Which one should I choose? Answer 1 for Option1 and 2 for Option2.

Evaluation answer protocol (this overrides earlier answer wording):
1 = Option1
2 = Option2
3 = after the deletion, the remaining scenario does not determine either Option1 or Option2
Output only 1, 2, or 3.",1,-0.3629054936893685,-1.3437347467010947,-3.1354942159291497,0.6956521739130435,0.2608695652173913,0.043478260869565216,0.9808292530117262,False,True,False,True,True,delete_person_flip,True,"The media manager scans paper proof and discards it, while the suite badge must not remain active on my lanyard. What should I submit to the media manager?","Scenario: I am updating my film-editing suite account. The media manager scans paper proof and discards it, while the suite badge must not remain active on my lanyard. What should I submit to the media manager?
Option1: A paper copy of the suite badge
Option2: The physical suite badge
Question: Which one should I choose? Answer 1 for Option1 and 2 for Option2.

Evaluation answer protocol (this overrides earlier answer wording):
1 = Option1
2 = Option2
You must choose Option1 or Option2. Output only 1 or 2; never output 3.",True,"Negated 'must remain' to 'must not remain' to minimally negate the proposition that the badge stays on the lanyard, preserving all other entities and context.",2,-3.0910424533583156,-0.04652001563489282,,0.045454545454545456,0.9545454545454546,,3.044522437723423,False,False,True,False,True,
38,1,-0.04652001563489282,-3.0910424533583156,0.9545454545454546,0.045454545454545456,sampling,4,0,0,0,0,False,no_informative_deletion,1,False,0,The stone-shop receipt is checked.,10,44,"Scenario The loader is at the rear dock to place the countertop slab onto the padded rack in my truck. What should I bring to the rear dock?
Option1: Bring my truck to the rear dock
Option2: Walk to the rear dock without my truck
Question: Which one should I choose? Answer 1 for Option1 and 2 for Option2.

Evaluation answer protocol (this overrides earlier answer wording):
1 = Option1
2 = Option2
3 = after the deletion, the remaining scenario does not determine either Option1 or Option2
Output only 1, 2, or 3.",1,-0.09097177820572676,-3.1354942159291497,-3.1354942159291497,0.9130434782608695,0.043478260869565216,0.043478260869565216,3.044522437723423,False,False,True,False,False,deletion neither uncertain nor option flip,False,,,,deletion neither uncertain nor option flip,,,,,,,,,,,,,,
38,1,-0.04652001563489282,-3.0910424533583156,0.9545454545454546,0.045454545454545456,sampling,4,0,0,0,0,False,no_informative_deletion,1,False,1,The loader is at the rear dock,45,75,"Scenario: The stone-shop receipt is checked. to place the countertop slab onto the padded rack in my truck. What should I bring to the rear dock?
Option1: Bring my truck to the rear dock
Option2: Walk to the rear dock without my truck
Question: Which one should I choose? Answer 1 for Option1 and 2 for Option2.

Evaluation answer protocol (this overrides earlier answer wording):
1 = Option1
2 = Option2
3 = after the deletion, the remaining scenario does not determine either Option1 or Option2
Output only 1, 2, or 3.",1,-0.09097177820572676,-3.1354942159291497,-3.1354942159291497,0.9130434782608695,0.043478260869565216,0.043478260869565216,3.044522437723423,False,False,True,False,False,deletion neither uncertain nor option flip,False,,,,deletion neither uncertain nor option flip,,,,,,,,,,,,,,
38,1,-0.04652001563489282,-3.0910424533583156,0.9545454545454546,0.045454545454545456,sampling,4,0,0,0,0,False,no_informative_deletion,1,False,2,to place the countertop slab,76,104,"Scenario: The stone-shop receipt is checked. The loader is at the rear dock onto the padded rack in my truck. What should I bring to the rear dock?
Option1: Bring my truck to the rear dock
Option2: Walk to the rear dock without my truck
Question: Which one should I choose? Answer 1 for Option1 and 2 for Option2.

Evaluation answer protocol (this overrides earlier answer wording):
1 = Option1
2 = Option2
3 = after the deletion, the remaining scenario does not determine either Option1 or Option2
Output only 1, 2, or 3.",1,-0.570544858467613,-0.9382696385929302,-3.1354942159291497,0.5652173913043478,0.391304347826087,0.043478260869565216,0.3677247801253172,False,False,True,False,False,deletion neither uncertain nor option flip,False,,,,deletion neither uncertain nor option flip,,,,,,,,,,,,,,
38,1,-0.04652001563489282,-3.0910424533583156,0.9545454545454546,0.045454545454545456,sampling,4,0,0,0,0,False,no_informative_deletion,1,False,3,onto the padded rack in my truck.,105,138,"Scenario: The stone-shop receipt is checked. The loader is at the rear dock to place the countertop slab What should I bring to the rear dock?
Option1: Bring my truck to the rear dock
Option2: Walk to the rear dock without my truck
Question: Which one should I choose? Answer 1 for Option1 and 2 for Option2.

Evaluation answer protocol (this overrides earlier answer wording):
1 = Option1
2 = Option2
3 = after the deletion, the remaining scenario does not determine either Option1 or Option2
Output only 1, 2, or 3.",1,-0.09097177820572676,-3.1354942159291497,-3.1354942159291497,0.9130434782608695,0.043478260869565216,0.043478260869565216,3.044522437723423,False,False,True,False,False,deletion neither uncertain nor option flip,False,,,,deletion neither uncertain nor option flip,,,,,,,,,,,,,,
39,2,-3.0910424533583156,-0.04652001563489282,0.045454545454545456,0.9545454545454546,sampling,4,0,0,0,0,False,no_informative_deletion,2,False,0,The reclaimed boards are approved for pickup.,10,55,"Scenario The site lead is at the exit gate to check the straps after the boards are on my truck. What should I bring to the exit gate?
Option1: Walk to the exit gate without the truck
Option2: Bring the loaded truck to the exit gate
Question: Which one should I choose? Answer 1 for Option1 and 2 for Option2.

Evaluation answer protocol (this overrides earlier answer wording):
1 = Option1
2 = Option2
3 = after the deletion, the remaining scenario does not determine either Option1 or Option2
Output only 1, 2, or 3.",2,-3.1354942159291497,-0.09097177820572676,-3.1354942159291497,0.043478260869565216,0.9130434782608695,0.043478260869565216,3.044522437723423,False,False,True,False,False,deletion neither uncertain nor option flip,False,,,,deletion neither uncertain nor option flip,,,,,,,,,,,,,,
39,2,-3.0910424533583156,-0.04652001563489282,0.045454545454545456,0.9545454545454546,sampling,4,0,0,0,0,False,no_informative_deletion,2,False,1,The site lead is at the exit gate,56,89,"Scenario: The reclaimed boards are approved for pickup. to check the straps after the boards are on my truck. What should I bring to the exit gate?
Option1: Walk to the exit gate without the truck
Option2: Bring the loaded truck to the exit gate
Question: Which one should I choose? Answer 1 for Option1 and 2 for Option2.

Evaluation answer protocol (this overrides earlier answer wording):
1 = Option1
2 = Option2
3 = after the deletion, the remaining scenario does not determine either Option1 or Option2
Output only 1, 2, or 3.",2,-3.1354942159291497,-0.09097177820572676,-3.1354942159291497,0.043478260869565216,0.9130434782608695,0.043478260869565216,3.044522437723423,False,False,True,False,False,deletion neither uncertain nor option flip,False,,,,deletion neither uncertain nor option flip,,,,,,,,,,,,,,
39,2,-3.0910424533583156,-0.04652001563489282,0.045454545454545456,0.9545454545454546,sampling,4,0,0,0,0,False,no_informative_deletion,2,False,2,to check the straps,90,109,"Scenario: The reclaimed boards are approved for pickup. The site lead is at the exit gate after the boards are on my truck. What should I bring to the exit gate?
Option1: Walk to the exit gate without the truck
Option2: Bring the loaded truck to the exit gate
Question: Which one should I choose? Answer 1 for Option1 and 2 for Option2.

Evaluation answer protocol (this overrides earlier answer wording):
1 = Option1
2 = Option2
3 = after the deletion, the remaining scenario does not determine either Option1 or Option2
Output only 1, 2, or 3.",2,-3.1354942159291497,-0.09097177820572676,-3.1354942159291497,0.043478260869565216,0.9130434782608695,0.043478260869565216,3.044522437723423,False,False,True,False,False,deletion neither uncertain nor option flip,False,,,,deletion neither uncertain nor option flip,,,,,,,,,,,,,,
39,2,-3.0910424533583156,-0.04652001563489282,0.045454545454545456,0.9545454545454546,sampling,4,0,0,0,0,False,no_informative_deletion,2,False,3,after the boards are on my truck.,110,143,"Scenario: The reclaimed boards are approved for pickup. The site lead is at the exit gate to check the straps What should I bring to the exit gate?
Option1: Walk to the exit gate without the truck
Option2: Bring the loaded truck to the exit gate
Question: Which one should I choose? Answer 1 for Option1 and 2 for Option2.

Evaluation answer protocol (this overrides earlier answer wording):
1 = Option1
2 = Option2
3 = after the deletion, the remaining scenario does not determine either Option1 or Option2
Output only 1, 2, or 3.",2,-3.1354942159291497,-0.09097177820572676,-3.1354942159291497,0.043478260869565216,0.9130434782608695,0.043478260869565216,3.044522437723423,False,False,True,False,False,deletion neither uncertain nor option flip,False,,,,deletion neither uncertain nor option flip,,,,,,,,,,,,,,
40,1,-0.0953101798043249,-2.3978952727983707,0.9090909090909091,0.09090909090909091,sampling,6,0,3,3,3,True,negation_nonflip,1,False,0,I am giving recording-support clerk proof for a,10,57,"Scenario USB microphone. The clerk stores a scan and returns no paper, while the microphone service file asks me to keep the original receipt. What should I give recording-support clerk?
Option1: A printed copy of the receipt
Option2: The original receipt
Question: Which one should I choose? Answer 1 for Option1 and 2 for Option2.

Evaluation answer protocol (this overrides earlier answer wording):
1 = Option1
2 = Option2
3 = after the deletion, the remaining scenario does not determine either Option1 or Option2
Output only 1, 2, or 3.",2,-3.1354942159291497,-0.09097177820572676,-3.1354942159291497,0.043478260869565216,0.9130434782608695,0.043478260869565216,3.044522437723423,False,True,False,True,True,delete_person_flip,True,Scenario: I am not giving recording-support clerk proof for a USB microphone.,"Scenario: I am not giving recording-support clerk proof for a USB microphone. The clerk stores a scan and returns no paper, while the microphone service file asks me to keep the original receipt. What should I give recording-support clerk?
Option1: A printed copy of the receipt
Option2: The original receipt
Question: Which one should I choose? Answer 1 for Option1 and 2 for Option2.

Evaluation answer protocol (this overrides earlier answer wording):
1 = Option1
2 = Option2
You must choose Option1 or Option2. Output only 1 or 2; never output 3.",True,Negated the main verb phrase 'am giving' to negate the proposition while preserving the rest of the sentence structure and entities.,2,-0.7884573603642702,-0.6061358035703156,,0.45454545454545453,0.5454545454545454,,0.18232155679395456,False,True,False,True,True,
40,1,-0.0953101798043249,-2.3978952727983707,0.9090909090909091,0.09090909090909091,sampling,6,0,3,3,3,True,negation_nonflip,1,False,1,USB microphone.,58,73,"Scenario: I am giving recording-support clerk proof for a The clerk stores a scan and returns no paper, while the microphone service file asks me to keep the original receipt. What should I give recording-support clerk?
Option1: A printed copy of the receipt
Option2: The original receipt
Question: Which one should I choose? Answer 1 for Option1 and 2 for Option2.

Evaluation answer protocol (this overrides earlier answer wording):
1 = Option1
2 = Option2
3 = after the deletion, the remaining scenario does not determine either Option1 or Option2
Output only 1, 2, or 3.",1,-0.570544858467613,-0.9382696385929302,-3.1354942159291497,0.5652173913043478,0.391304347826087,0.043478260869565216,0.3677247801253172,False,False,True,False,False,deletion neither uncertain nor option flip,False,,,,deletion neither uncertain nor option flip,,,,,,,,,,,,,,
40,1,-0.0953101798043249,-2.3978952727983707,0.9090909090909091,0.09090909090909091,sampling,6,0,3,3,3,True,negation_nonflip,1,False,2,The clerk stores a scan,74,97,"Scenario: I am giving recording-support clerk proof for a USB microphone. returns no paper, while the microphone service file asks me to keep the original receipt. What should I give recording-support clerk?
Option1: A printed copy of the receipt
Option2: The original receipt
Question: Which one should I choose? Answer 1 for Option1 and 2 for Option2.

Evaluation answer protocol (this overrides earlier answer wording):
1 = Option1
2 = Option2
3 = after the deletion, the remaining scenario does not determine either Option1 or Option2
Output only 1, 2, or 3.",2,-2.4423470353692043,-0.13976194237515874,-3.1354942159291497,0.08695652173913043,0.8695652173913043,0.043478260869565216,2.3025850929940455,False,True,False,True,True,delete_person_flip,True,"The clerk does not store a scan and returns no paper, while the microphone service file asks me to keep the original receipt.","Scenario: I am giving recording-support clerk proof for a USB microphone. The clerk does not store a scan and returns no paper, while the microphone service file asks me to keep the original receipt. What should I give recording-support clerk?
Option1: A printed copy of the receipt
Option2: The original receipt
Question: Which one should I choose? Answer 1 for Option1 and 2 for Option2.

Evaluation answer protocol (this overrides earlier answer wording):
1 = Option1
2 = Option2
You must choose Option1 or Option2. Output only 1 or 2; never output 3.",True,"Negation applied to the verb 'stores' in the target span using 'does not store'. The conjunction 'and' is preserved to maintain the structure of the compound predicate within the sentence. Other unrelated facts (returns no paper, microphone service file request) are preserved.",1,-0.2578291093020998,-1.4816045409242156,,0.7727272727272727,0.22727272727272727,,1.2237754316221157,False,False,True,False,True,
40,1,-0.0953101798043249,-2.3978952727983707,0.9090909090909091,0.09090909090909091,sampling,6,0,3,3,3,True,negation_nonflip,1,False,3,and returns no paper,98,118,"Scenario: I am giving recording-support clerk proof for a USB microphone. The clerk stores a scan while the microphone service file asks me to keep the original receipt. What should I give recording-support clerk?
Option1: A printed copy of the receipt
Option2: The original receipt
Question: Which one should I choose? Answer 1 for Option1 and 2 for Option2.

Evaluation answer protocol (this overrides earlier answer wording):
1 = Option1
2 = Option2
3 = after the deletion, the remaining scenario does not determine either Option1 or Option2
Output only 1, 2, or 3.",2,-1.3437347467010947,-0.3629054936893685,-3.1354942159291497,0.2608695652173913,0.6956521739130435,0.043478260869565216,0.9808292530117262,False,True,False,True,True,delete_person_flip,True,"The clerk stores a scan and does not return no paper, while the microphone service file asks me to keep the original receipt.","Scenario: I am giving recording-support clerk proof for a USB microphone. The clerk stores a scan and does not return no paper, while the microphone service file asks me to keep the original receipt. What should I give recording-support clerk?
Option1: A printed copy of the receipt
Option2: The original receipt
Question: Which one should I choose? Answer 1 for Option1 and 2 for Option2.

Evaluation answer protocol (this overrides earlier answer wording):
1 = Option1
2 = Option2
You must choose Option1 or Option2. Output only 1 or 2; never output 3.",True,"Minimal negation applied to the verb phrase 'returns' by adding 'does not'. The double negative 'not ... no' is grammatically preserved from the source structure to minimize rewrite size, although semantically it implies returning something. Strict adherence to 'smallest grammatical rewrite' of the target span dictates this form.",1,-0.04652001563489282,-3.0910424533583156,,0.9545454545454546,0.045454545454545456,,3.044522437723423,False,False,True,False,True,
40,1,-0.0953101798043249,-2.3978952727983707,0.9090909090909091,0.09090909090909091,sampling,6,0,3,3,3,True,negation_nonflip,1,False,4,while the microphone service file asks me,120,161,"Scenario: I am giving recording-support clerk proof for a USB microphone. The clerk stores a scan and returns no paper to keep the original receipt. What should I give recording-support clerk?
Option1: A printed copy of the receipt
Option2: The original receipt
Question: Which one should I choose? Answer 1 for Option1 and 2 for Option2.

Evaluation answer protocol (this overrides earlier answer wording):
1 = Option1
2 = Option2
3 = after the deletion, the remaining scenario does not determine either Option1 or Option2
Output only 1, 2, or 3.",1,-0.496436886313891,-1.0560526742493137,-3.1354942159291497,0.6086956521739131,0.34782608695652173,0.043478260869565216,0.5596157879354227,False,False,True,False,False,deletion neither uncertain nor option flip,False,,,,deletion neither uncertain nor option flip,,,,,,,,,,,,,,
40,1,-0.0953101798043249,-2.3978952727983707,0.9090909090909091,0.09090909090909091,sampling,6,0,3,3,3,True,negation_nonflip,1,False,5,to keep the original receipt.,162,191,"Scenario: I am giving recording-support clerk proof for a USB microphone. The clerk stores a scan and returns no paper, while the microphone service file asks me What should I give recording-support clerk?
Option1: A printed copy of the receipt
Option2: The original receipt
Question: Which one should I choose? Answer 1 for Option1 and 2 for Option2.

Evaluation answer protocol (this overrides earlier answer wording):
1 = Option1
2 = Option2
3 = after the deletion, the remaining scenario does not determine either Option1 or Option2
Output only 1, 2, or 3.",,-0.7375989431307791,-0.7375989431307791,-3.1354942159291497,0.4782608695652174,0.4782608695652174,0.043478260869565216,0.0,False,False,False,,False,deletion neither uncertain nor option flip,False,,,,deletion neither uncertain nor option flip,,,,,,,,,,,,,,
41,1,-0.04652001563489282,-3.0910424533583156,0.9545454545454546,0.045454545454545456,sampling,4,0,0,0,0,False,no_informative_deletion,1,False,0,The glove repair ticket is open.,10,42,"Scenario The equipment tech is at the bench to inspect the broken web and thread new lace through it. What should I bring to the bench?
Option1: The baseball glove
Option2: Only the repair ticket
Question: Which one should I choose? Answer 1 for Option1 and 2 for Option2.

Evaluation answer protocol (this overrides earlier answer wording):
1 = Option1
2 = Option2
3 = after the deletion, the remaining scenario does not determine either Option1 or Option2
Output only 1, 2, or 3.",1,-0.496436886313891,-1.0560526742493137,-3.1354942159291497,0.6086956521739131,0.34782608695652173,0.043478260869565216,0.5596157879354227,False,False,True,False,False,deletion neither uncertain nor option flip,False,,,,deletion neither uncertain nor option flip,,,,,,,,,,,,,,
41,1,-0.04652001563489282,-3.0910424533583156,0.9545454545454546,0.045454545454545456,sampling,4,0,0,0,0,False,no_informative_deletion,1,False,1,The equipment tech is at the bench,43,77,"Scenario: The glove repair ticket is open. to inspect the broken web and thread new lace through it. What should I bring to the bench?
Option1: The baseball glove
Option2: Only the repair ticket
Question: Which one should I choose? Answer 1 for Option1 and 2 for Option2.

Evaluation answer protocol (this overrides earlier answer wording):
1 = Option1
2 = Option2
3 = after the deletion, the remaining scenario does not determine either Option1 or Option2
Output only 1, 2, or 3.",1,-0.09097177820572676,-3.1354942159291497,-3.1354942159291497,0.9130434782608695,0.043478260869565216,0.043478260869565216,3.044522437723423,False,False,True,False,False,deletion neither uncertain nor option flip,False,,,,deletion neither uncertain nor option flip,,,,,,,,,,,,,,
41,1,-0.04652001563489282,-3.0910424533583156,0.9545454545454546,0.045454545454545456,sampling,4,0,0,0,0,False,no_informative_deletion,1,False,2,to inspect the broken web,78,103,"Scenario: The glove repair ticket is open. The equipment tech is at the bench thread new lace through it. What should I bring to the bench?
Option1: The baseball glove
Option2: Only the repair ticket
Question: Which one should I choose? Answer 1 for Option1 and 2 for Option2.

Evaluation answer protocol (this overrides earlier answer wording):
1 = Option1
2 = Option2
3 = after the deletion, the remaining scenario does not determine either Option1 or Option2
Output only 1, 2, or 3.",1,-0.09097177820572676,-3.1354942159291497,-3.1354942159291497,0.9130434782608695,0.043478260869565216,0.043478260869565216,3.044522437723423,False,False,True,False,False,deletion neither uncertain nor option flip,False,,,,deletion neither uncertain nor option flip,,,,,,,,,,,,,,
41,1,-0.04652001563489282,-3.0910424533583156,0.9545454545454546,0.045454545454545456,sampling,4,0,0,0,0,False,no_informative_deletion,1,False,3,and thread new lace through it.,104,135,"Scenario: The glove repair ticket is open. The equipment tech is at the bench to inspect the broken web What should I bring to the bench?
Option1: The baseball glove
Option2: Only the repair ticket
Question: Which one should I choose? Answer 1 for Option1 and 2 for Option2.

Evaluation answer protocol (this overrides earlier answer wording):
1 = Option1
2 = Option2
3 = after the deletion, the remaining scenario does not determine either Option1 or Option2
Output only 1, 2, or 3.",1,-0.09097177820572676,-3.1354942159291497,-3.1354942159291497,0.9130434782608695,0.043478260869565216,0.043478260869565216,3.044522437723423,False,False,True,False,False,deletion neither uncertain nor option flip,False,,,,deletion neither uncertain nor option flip,,,,,,,,,,,,,,
42,2,-1.7047480922384253,-0.2006706954621511,0.18181818181818182,0.8181818181818182,sampling,5,0,0,0,0,False,no_informative_deletion,2,False,0,The pallet-jack load test is approved.,10,48,"Scenario The mechanic is at the aisle to watch it lift and roll with a standard pallet. Should I bring the pallet jack to the aisle or walk there without it?
Option1: Walk to the aisle without the pallet jack
Option2: Bring the pallet jack to the aisle
Question: Which one should I choose? Answer 1 for Option1 and 2 for Option2.

Evaluation answer protocol (this overrides earlier answer wording):
1 = Option1
2 = Option2
3 = after the deletion, the remaining scenario does not determine either Option1 or Option2
Output only 1, 2, or 3.",2,-0.9382696385929302,-0.570544858467613,-3.1354942159291497,0.391304347826087,0.5652173913043478,0.043478260869565216,0.3677247801253172,False,False,True,False,False,deletion neither uncertain nor option flip,False,,,,deletion neither uncertain nor option flip,,,,,,,,,,,,,,
42,2,-1.7047480922384253,-0.2006706954621511,0.18181818181818182,0.8181818181818182,sampling,5,0,0,0,0,False,no_informative_deletion,2,False,1,The mechanic is at the aisle,49,77,"Scenario: The pallet-jack load test is approved. to watch it lift and roll with a standard pallet. Should I bring the pallet jack to the aisle or walk there without it?
Option1: Walk to the aisle without the pallet jack
Option2: Bring the pallet jack to the aisle
Question: Which one should I choose? Answer 1 for Option1 and 2 for Option2.

Evaluation answer protocol (this overrides earlier answer wording):
1 = Option1
2 = Option2
3 = after the deletion, the remaining scenario does not determine either Option1 or Option2
Output only 1, 2, or 3.",2,-3.1354942159291497,-0.09097177820572676,-3.1354942159291497,0.043478260869565216,0.9130434782608695,0.043478260869565216,3.044522437723423,False,False,True,False,False,deletion neither uncertain nor option flip,False,,,,deletion neither uncertain nor option flip,,,,,,,,,,,,,,
42,2,-1.7047480922384253,-0.2006706954621511,0.18181818181818182,0.8181818181818182,sampling,5,0,0,0,0,False,no_informative_deletion,2,False,2,to watch it lift,78,94,"Scenario: The pallet-jack load test is approved. The mechanic is at the aisle roll with a standard pallet. Should I bring the pallet jack to the aisle or walk there without it?
Option1: Walk to the aisle without the pallet jack
Option2: Bring the pallet jack to the aisle
Question: Which one should I choose? Answer 1 for Option1 and 2 for Option2.

Evaluation answer protocol (this overrides earlier answer wording):
1 = Option1
2 = Option2
3 = after the deletion, the remaining scenario does not determine either Option1 or Option2
Output only 1, 2, or 3.",2,-3.1354942159291497,-0.09097177820572676,-3.1354942159291497,0.043478260869565216,0.9130434782608695,0.043478260869565216,3.044522437723423,False,False,True,False,False,deletion neither uncertain nor option flip,False,,,,deletion neither uncertain nor option flip,,,,,,,,,,,,,,
42,2,-1.7047480922384253,-0.2006706954621511,0.18181818181818182,0.8181818181818182,sampling,5,0,0,0,0,False,no_informative_deletion,2,False,3,and roll,95,103,"Scenario: The pallet-jack load test is approved. The mechanic is at the aisle to watch it lift with a standard pallet. Should I bring the pallet jack to the aisle or walk there without it?
Option1: Walk to the aisle without the pallet jack
Option2: Bring the pallet jack to the aisle
Question: Which one should I choose? Answer 1 for Option1 and 2 for Option2.

Evaluation answer protocol (this overrides earlier answer wording):
1 = Option1
2 = Option2
3 = after the deletion, the remaining scenario does not determine either Option1 or Option2
Output only 1, 2, or 3.",2,-3.1354942159291497,-0.09097177820572676,-3.1354942159291497,0.043478260869565216,0.9130434782608695,0.043478260869565216,3.044522437723423,False,False,True,False,False,deletion neither uncertain nor option flip,False,,,,deletion neither uncertain nor option flip,,,,,,,,,,,,,,
42,2,-1.7047480922384253,-0.2006706954621511,0.18181818181818182,0.8181818181818182,sampling,5,0,0,0,0,False,no_informative_deletion,2,False,4,with a standard pallet.,104,127,"Scenario: The pallet-jack load test is approved. The mechanic is at the aisle to watch it lift and roll Should I bring the pallet jack to the aisle or walk there without it?
Option1: Walk to the aisle without the pallet jack
Option2: Bring the pallet jack to the aisle
Question: Which one should I choose? Answer 1 for Option1 and 2 for Option2.

Evaluation answer protocol (this overrides earlier answer wording):
1 = Option1
2 = Option2
3 = after the deletion, the remaining scenario does not determine either Option1 or Option2
Output only 1, 2, or 3.",2,-1.5260563034950494,-0.3022808718729337,-3.1354942159291497,0.21739130434782608,0.7391304347826086,0.043478260869565216,1.2237754316221157,False,False,True,False,False,deletion neither uncertain nor option flip,False,,,,deletion neither uncertain nor option flip,,,,,,,,,,,,,,
43,1,-0.04652001563489282,-3.0910424533583156,0.9545454545454546,0.045454545454545456,sampling,4,0,0,0,0,False,no_informative_deletion,1,False,0,The outboard shifting complaint is checked in.,10,56,"Scenario The marina mechanic is at the dock to observe neutral-to-forward engagement with the engine running. Should I bring the boat to the dock or walk there without it?
Option1: Bring the boat to the dock
Option2: Walk to the dock without the boat
Question: Which one should I choose? Answer 1 for Option1 and 2 for Option2.

Evaluation answer protocol (this overrides earlier answer wording):
1 = Option1
2 = Option2
3 = after the deletion, the remaining scenario does not determine either Option1 or Option2
Output only 1, 2, or 3.",1,-0.09097177820572676,-3.1354942159291497,-3.1354942159291497,0.9130434782608695,0.043478260869565216,0.043478260869565216,3.044522437723423,False,False,True,False,False,deletion neither uncertain nor option flip,False,,,,deletion neither uncertain nor option flip,,,,,,,,,,,,,,
43,1,-0.04652001563489282,-3.0910424533583156,0.9545454545454546,0.045454545454545456,sampling,4,0,0,0,0,False,no_informative_deletion,1,False,1,The marina mechanic is at the dock,57,91,"Scenario: The outboard shifting complaint is checked in. to observe neutral-to-forward engagement with the engine running. Should I bring the boat to the dock or walk there without it?
Option1: Bring the boat to the dock
Option2: Walk to the dock without the boat
Question: Which one should I choose? Answer 1 for Option1 and 2 for Option2.

Evaluation answer protocol (this overrides earlier answer wording):
1 = Option1
2 = Option2
3 = after the deletion, the remaining scenario does not determine either Option1 or Option2
Output only 1, 2, or 3.",1,-0.09097177820572676,-3.1354942159291497,-3.1354942159291497,0.9130434782608695,0.043478260869565216,0.043478260869565216,3.044522437723423,False,False,True,False,False,deletion neither uncertain nor option flip,False,,,,deletion neither uncertain nor option flip,,,,,,,,,,,,,,
43,1,-0.04652001563489282,-3.0910424533583156,0.9545454545454546,0.045454545454545456,sampling,4,0,0,0,0,False,no_informative_deletion,1,False,2,to observe neutral-to-forward engagement,92,132,"Scenario: The outboard shifting complaint is checked in. The marina mechanic is at the dock with the engine running. Should I bring the boat to the dock or walk there without it?
Option1: Bring the boat to the dock
Option2: Walk to the dock without the boat
Question: Which one should I choose? Answer 1 for Option1 and 2 for Option2.

Evaluation answer protocol (this overrides earlier answer wording):
1 = Option1
2 = Option2
3 = after the deletion, the remaining scenario does not determine either Option1 or Option2
Output only 1, 2, or 3.",1,-0.09097177820572676,-3.1354942159291497,-3.1354942159291497,0.9130434782608695,0.043478260869565216,0.043478260869565216,3.044522437723423,False,False,True,False,False,deletion neither uncertain nor option flip,False,,,,deletion neither uncertain nor option flip,,,,,,,,,,,,,,
43,1,-0.04652001563489282,-3.0910424533583156,0.9545454545454546,0.045454545454545456,sampling,4,0,0,0,0,False,no_informative_deletion,1,False,3,with the engine running.,133,157,"Scenario: The outboard shifting complaint is checked in. The marina mechanic is at the dock to observe neutral-to-forward engagement Should I bring the boat to the dock or walk there without it?
Option1: Bring the boat to the dock
Option2: Walk to the dock without the boat
Question: Which one should I choose? Answer 1 for Option1 and 2 for Option2.

Evaluation answer protocol (this overrides earlier answer wording):
1 = Option1
2 = Option2
3 = after the deletion, the remaining scenario does not determine either Option1 or Option2
Output only 1, 2, or 3.",1,-0.09097177820572676,-3.1354942159291497,-3.1354942159291497,0.9130434782608695,0.043478260869565216,0.043478260869565216,3.044522437723423,False,False,True,False,False,deletion neither uncertain nor option flip,False,,,,deletion neither uncertain nor option flip,,,,,,,,,,,,,,
44,2,-0.7884573603642702,-0.6061358035703156,0.45454545454545453,0.5454545454545454,sampling,8,0,5,5,5,True,negation_nonflip,1,True,0,My rideshare account is locked,10,40,"Scenario because the inspection sticker in the app does not match the vehicle profile. The partner garage can clear it only after photographing the plate and sticker on the car. Their office is a short walk from my apartment. Should I walk to the office or drive the car there?
Option1: Drive the car there
Option2: Walk to the office
Question: Which one should I choose? Answer 1 for Option1 and 2 for Option2.

Evaluation answer protocol (this overrides earlier answer wording):
1 = Option1
2 = Option2
3 = after the deletion, the remaining scenario does not determine either Option1 or Option2
Output only 1, 2, or 3.",1,-0.24512245803298496,-1.749199854809259,-3.1354942159291497,0.782608695652174,0.17391304347826086,0.043478260869565216,1.5040773967762742,False,True,False,True,True,delete_person_flip,True,Scenario: My rideshare account is not locked because the inspection sticker in the app does not match the vehicle profile.,"Scenario: My rideshare account is not locked because the inspection sticker in the app does not match the vehicle profile. The partner garage can clear it only after photographing the plate and sticker on the car. Their office is a short walk from my apartment. Should I walk to the office or drive the car there?
Option1: Drive the car there
Option2: Walk to the office
Question: Which one should I choose? Answer 1 for Option1 and 2 for Option2.

Evaluation answer protocol (this overrides earlier answer wording):
1 = Option1
2 = Option2
You must choose Option1 or Option2. Output only 1 or 2; never output 3.",True,Negation applied to 'is' becoming 'is not'. The rest of the sentence structure and facts remain unchanged.,1,-0.2578291093020998,-1.4816045409242156,,0.7727272727272727,0.22727272727272727,,1.2237754316221157,False,True,False,True,True,
44,2,-0.7884573603642702,-0.6061358035703156,0.45454545454545453,0.5454545454545454,sampling,8,0,5,5,5,True,negation_nonflip,1,True,1,because the inspection sticker in the app does,41,87,"Scenario: My rideshare account is locked not match the vehicle profile. The partner garage can clear it only after photographing the plate and sticker on the car. Their office is a short walk from my apartment. Should I walk to the office or drive the car there?
Option1: Drive the car there
Option2: Walk to the office
Question: Which one should I choose? Answer 1 for Option1 and 2 for Option2.

Evaluation answer protocol (this overrides earlier answer wording):
1 = Option1
2 = Option2
3 = after the deletion, the remaining scenario does not determine either Option1 or Option2
Output only 1, 2, or 3.",1,-0.496436886313891,-1.0560526742493137,-3.1354942159291497,0.6086956521739131,0.34782608695652173,0.043478260869565216,0.5596157879354227,False,True,False,True,True,delete_person_flip,True,Scenario: My rideshare account is locked because the inspection sticker in the app does match the vehicle profile.,"Scenario: My rideshare account is locked because the inspection sticker in the app does match the vehicle profile. The partner garage can clear it only after photographing the plate and sticker on the car. Their office is a short walk from my apartment. Should I walk to the office or drive the car there?
Option1: Drive the car there
Option2: Walk to the office
Question: Which one should I choose? Answer 1 for Option1 and 2 for Option2.

Evaluation answer protocol (this overrides earlier answer wording):
1 = Option1
2 = Option2
You must choose Option1 or Option2. Output only 1 or 2; never output 3.",True,"The target span 'does' was modified to 'does' but the negation was applied to the verb phrase 'does not match' by removing 'not' and keeping the auxiliary 'does' as part of the minimal rewrite structure requested, effectively changing 'does not match' to 'does match'. However, the prompt asks to negate the proposition expressed by the target span. The target span ends at 'does'. To minimize grammatical rewrite while negating the core meaning introduced by that span, we change 'does not match' to 'does match'. Since the target span is 'because the inspection sticker in the app does', the most direct minimization is to ensure the resulting sentence reflects the opposite truth value of the original condition relative to the lock status context, or simply negate the predicate implied. Actually, strictly negating the proposition 'the inspection sticker in the app does [not match]' requires inserting 'not' if it wasn't there, or removing 'not' if it was. The original says 'does not match'. Negating this means 'does match'. The target span includes 'does'. So we keep 'does' and remove 'not' from the following token 'not' which is outside the span? No, the span is 'because the inspection sticker in the app does'. The next word is 'not'. If I only change words within the span, I can't remove 'not'. I must add a negation to the span itself? No, 'minimally negate one specified proposition'. The proposition is usually the main clause or predicate. Here the span cuts off before 'not'. Let's look at the constraint: 'Negate only the proposition expressed by the target span.' The span is 'because the inspection sticker in the app does'. This is an incomplete clause. It likely refers to the action 'does [not match]'. To negate the idea that it matches (or doesn't), we have to be careful. Original: Sticker does NOT match. Negation: Sticker DOES match. Target span: ...does. Next word: not. If I change 'does' to 'doesn't', it becomes 'doesn't not match' (double negative). If I change 'does' to 'does' and assume the 'not' is removed? But I can only edit the target span? Or can I edit the sentence minimally? 'Smallest grammatical rewrite'. Usually implies editing the sentence. If I change 'does' to 'matches', I am rewriting. If I change 'does' to 'did', no. Let's look at the standard interpretation: Negate the fact. Fact: A != B. Negation: A == B. Sentence: ...sticker ... does match. Target span ends at 'does'. The word 'not' is immediately after. If I replace 'does' with 'matches', I eliminate the need for 'not'. '...sticker in the app matches the vehicle profile.' This is a valid negation of 'does not match'. Is 'matches' a smaller rewrite than 'does'? 'does' is 4 chars, 'matches' is 7. 'does not' is 8. 'matches' replaces 'does not'. But the target span is only up to 'does'. If I am allowed to touch surrounding words for minimality: 'does not' -> 'matches'. This changes 2 tokens to 1. If I must stay within the span: I can't remove 'not'. I could change 'does' to 'did'? No. I will assume 'smallest grammatical rewrite' allows modifying the immediate context if necessary to form a valid negation, OR it implies that the target span contains the key operator. Here the operator is 'does not'. The span has 'does'. I will replace 'does' with 'matches' and remove 'not'? No, the output should just be the sentence. Let's try replacing 'does' with 'matches' and assuming 'not' is dropped? Or replace 'does' with 'matches' and keep 'not'? 'does not match' -> 'matches'. This removes 'does not'. The span includes 'does'. So I am changing 'does' to 'matches'. And deleting 'not'. This seems like a valid minimal rewrite of the proposition. 

Alternative: Change 'does' to 'didn't'? No. 
Let's go with: 'because the inspection sticker in the app matches the vehicle profile.' This negates 'does not match'.",2,-1.2992829841302609,-0.3184537311185346,,0.2727272727272727,0.7272727272727273,,0.9808292530117263,False,False,True,False,True,
44,2,-0.7884573603642702,-0.6061358035703156,0.45454545454545453,0.5454545454545454,sampling,8,0,5,5,5,True,negation_nonflip,1,True,2,not match the vehicle profile.,88,118,"Scenario: My rideshare account is locked because the inspection sticker in the app does The partner garage can clear it only after photographing the plate and sticker on the car. Their office is a short walk from my apartment. Should I walk to the office or drive the car there?
Option1: Drive the car there
Option2: Walk to the office
Question: Which one should I choose? Answer 1 for Option1 and 2 for Option2.

Evaluation answer protocol (this overrides earlier answer wording):
1 = Option1
2 = Option2
3 = after the deletion, the remaining scenario does not determine either Option1 or Option2
Output only 1, 2, or 3.",1,-0.19105523676270922,-2.03688192726104,-3.1354942159291497,0.8260869565217391,0.13043478260869565,0.043478260869565216,1.845826690498331,False,True,False,True,True,delete_person_flip,True,Scenario: My rideshare account is locked because the inspection sticker in the app matches the vehicle profile. The partner garage can clear it only after photographing the plate and sticker on the car.,"Scenario: My rideshare account is locked because the inspection sticker in the app matches the vehicle profile. The partner garage can clear it only after photographing the plate and sticker on the car. Their office is a short walk from my apartment. Should I walk to the office or drive the car there?
Option1: Drive the car there
Option2: Walk to the office
Question: Which one should I choose? Answer 1 for Option1 and 2 for Option2.

Evaluation answer protocol (this overrides earlier answer wording):
1 = Option1
2 = Option2
You must choose Option1 or Option2. Output only 1 or 2; never output 3.",True,The target span 'not match' was minimally rewritten to 'match' to negate the proposition while preserving all other entities and facts.,2,-0.7884573603642702,-0.6061358035703156,,0.45454545454545453,0.5454545454545454,,0.18232155679395456,False,False,True,False,True,
44,2,-0.7884573603642702,-0.6061358035703156,0.45454545454545453,0.5454545454545454,sampling,8,0,5,5,5,True,negation_nonflip,1,True,3,The partner garage can clear it only,119,155,"Scenario: My rideshare account is locked because the inspection sticker in the app does not match the vehicle profile. after photographing the plate and sticker on the car. Their office is a short walk from my apartment. Should I walk to the office or drive the car there?
Option1: Drive the car there
Option2: Walk to the office
Question: Which one should I choose? Answer 1 for Option1 and 2 for Option2.

Evaluation answer protocol (this overrides earlier answer wording):
1 = Option1
2 = Option2
3 = after the deletion, the remaining scenario does not determine either Option1 or Option2
Output only 1, 2, or 3.",2,-1.3437347467010947,-0.3629054936893685,-3.1354942159291497,0.2608695652173913,0.6956521739130435,0.043478260869565216,0.9808292530117262,False,False,True,False,False,deletion neither uncertain nor option flip,False,,,,deletion neither uncertain nor option flip,,,,,,,,,,,,,,
44,2,-0.7884573603642702,-0.6061358035703156,0.45454545454545453,0.5454545454545454,sampling,8,0,5,5,5,True,negation_nonflip,1,True,4,after photographing the plate,156,185,"Scenario: My rideshare account is locked because the inspection sticker in the app does not match the vehicle profile. The partner garage can clear it only sticker on the car. Their office is a short walk from my apartment. Should I walk to the office or drive the car there?
Option1: Drive the car there
Option2: Walk to the office
Question: Which one should I choose? Answer 1 for Option1 and 2 for Option2.

Evaluation answer protocol (this overrides earlier answer wording):
1 = Option1
2 = Option2
3 = after the deletion, the remaining scenario does not determine either Option1 or Option2
Output only 1, 2, or 3.",2,-2.4423470353692043,-0.13976194237515874,-3.1354942159291497,0.08695652173913043,0.8695652173913043,0.043478260869565216,2.3025850929940455,False,False,True,False,False,deletion neither uncertain nor option flip,False,,,,deletion neither uncertain nor option flip,,,,,,,,,,,,,,
44,2,-0.7884573603642702,-0.6061358035703156,0.45454545454545453,0.5454545454545454,sampling,8,0,5,5,5,True,negation_nonflip,1,True,5,and sticker on the car.,186,209,"Scenario: My rideshare account is locked because the inspection sticker in the app does not match the vehicle profile. The partner garage can clear it only after photographing the plate Their office is a short walk from my apartment. Should I walk to the office or drive the car there?
Option1: Drive the car there
Option2: Walk to the office
Question: Which one should I choose? Answer 1 for Option1 and 2 for Option2.

Evaluation answer protocol (this overrides earlier answer wording):
1 = Option1
2 = Option2
3 = after the deletion, the remaining scenario does not determine either Option1 or Option2
Output only 1, 2, or 3.",2,-1.749199854809259,-0.24512245803298496,-3.1354942159291497,0.17391304347826086,0.782608695652174,0.043478260869565216,1.5040773967762742,False,False,True,False,False,deletion neither uncertain nor option flip,False,,,,deletion neither uncertain nor option flip,,,,,,,,,,,,,,
44,2,-0.7884573603642702,-0.6061358035703156,0.45454545454545453,0.5454545454545454,sampling,8,0,5,5,5,True,negation_nonflip,1,True,6,Their office is a short walk,210,238,"Scenario: My rideshare account is locked because the inspection sticker in the app does not match the vehicle profile. The partner garage can clear it only after photographing the plate and sticker on the car. from my apartment. Should I walk to the office or drive the car there?
Option1: Drive the car there
Option2: Walk to the office
Question: Which one should I choose? Answer 1 for Option1 and 2 for Option2.

Evaluation answer protocol (this overrides earlier answer wording):
1 = Option1
2 = Option2
3 = after the deletion, the remaining scenario does not determine either Option1 or Option2
Output only 1, 2, or 3.",1,-0.19105523676270922,-2.03688192726104,-3.1354942159291497,0.8260869565217391,0.13043478260869565,0.043478260869565216,1.845826690498331,False,True,False,True,True,delete_person_flip,True,Their office is not a short walk from my apartment.,"Scenario: My rideshare account is locked because the inspection sticker in the app does not match the vehicle profile. The partner garage can clear it only after photographing the plate and sticker on the car. Their office is not a short walk from my apartment. Should I walk to the office or drive the car there?
Option1: Drive the car there
Option2: Walk to the office
Question: Which one should I choose? Answer 1 for Option1 and 2 for Option2.

Evaluation answer protocol (this overrides earlier answer wording):
1 = Option1
2 = Option2
You must choose Option1 or Option2. Output only 1 or 2; never output 3.",True,Negated the predicate 'is a short walk' using 'is not a short walk' to minimally negate the proposition while preserving all other entities and facts.,1,-0.1466034741918754,-1.9924301646902063,,0.8636363636363636,0.13636363636363635,,1.845826690498331,False,True,False,True,True,
44,2,-0.7884573603642702,-0.6061358035703156,0.45454545454545453,0.5454545454545454,sampling,8,0,5,5,5,True,negation_nonflip,1,True,7,from my apartment.,239,257,"Scenario: My rideshare account is locked because the inspection sticker in the app does not match the vehicle profile. The partner garage can clear it only after photographing the plate and sticker on the car. Their office is a short walk Should I walk to the office or drive the car there?
Option1: Drive the car there
Option2: Walk to the office
Question: Which one should I choose? Answer 1 for Option1 and 2 for Option2.

Evaluation answer protocol (this overrides earlier answer wording):
1 = Option1
2 = Option2
3 = after the deletion, the remaining scenario does not determine either Option1 or Option2
Output only 1, 2, or 3.",1,-0.09097177820572676,-3.1354942159291497,-3.1354942159291497,0.9130434782608695,0.043478260869565216,0.043478260869565216,3.044522437723423,False,True,False,True,True,delete_person_flip,True,Their office is a short walk not from my apartment. Should I walk to the office or drive the car there?,"Scenario: My rideshare account is locked because the inspection sticker in the app does not match the vehicle profile. The partner garage can clear it only after photographing the plate and sticker on the car. Their office is a short walk not from my apartment. Should I walk to the office or drive the car there?
Option1: Drive the car there
Option2: Walk to the office
Question: Which one should I choose? Answer 1 for Option1 and 2 for Option2.

Evaluation answer protocol (this overrides earlier answer wording):
1 = Option1
2 = Option2
You must choose Option1 or Option2. Output only 1 or 2; never output 3.",True,Minimal negation applied to the prepositional phrase 'from my apartment' by inserting 'not' immediately after 'walk'. Preserved all other entities and context.,1,-0.5260930958967791,-0.8938178760220964,,0.5909090909090909,0.4090909090909091,,0.3677247801253173,False,True,False,True,True,
45,2,-3.0910424533583156,-0.04652001563489282,0.045454545454545456,0.9545454545454546,sampling,4,0,3,3,3,True,negation_nonflip,2,False,0,I am filing a bus-delay note at work.,10,47,"Scenario The payroll clerk scans proof pages, while the transit office requires the original fare ticket for the refund. What should I give the payroll clerk?
Option1: The original fare ticket
Option2: A printed copy of the fare ticket
Question: Which one should I choose? Answer 1 for Option1 and 2 for Option2.

Evaluation answer protocol (this overrides earlier answer wording):
1 = Option1
2 = Option2
3 = after the deletion, the remaining scenario does not determine either Option1 or Option2
Output only 1, 2, or 3.",1,-0.496436886313891,-1.0560526742493137,-3.1354942159291497,0.6086956521739131,0.34782608695652173,0.043478260869565216,0.5596157879354227,False,True,False,True,True,delete_person_flip,True,"Scenario: I am not filing a bus-delay note at work. The payroll clerk scans proof pages, while the transit office requires the original fare ticket for the refund.","Scenario: I am not filing a bus-delay note at work. The payroll clerk scans proof pages, while the transit office requires the original fare ticket for the refund. What should I give the payroll clerk?
Option1: The original fare ticket
Option2: A printed copy of the fare ticket
Question: Which one should I choose? Answer 1 for Option1 and 2 for Option2.

Evaluation answer protocol (this overrides earlier answer wording):
1 = Option1
2 = Option2
You must choose Option1 or Option2. Output only 1 or 2; never output 3.",True,Negated the main verb 'am filing' with 'am not filing' to minimize grammatical changes while preserving all other entities and facts.,1,-0.5260930958967791,-0.8938178760220964,,0.5909090909090909,0.4090909090909091,,0.3677247801253173,False,True,False,True,True,
45,2,-3.0910424533583156,-0.04652001563489282,0.045454545454545456,0.9545454545454546,sampling,4,0,3,3,3,True,negation_nonflip,2,False,1,The payroll clerk scans proof pages,48,83,"Scenario: I am filing a bus-delay note at work. while the transit office requires the original fare ticket for the refund. What should I give the payroll clerk?
Option1: The original fare ticket
Option2: A printed copy of the fare ticket
Question: Which one should I choose? Answer 1 for Option1 and 2 for Option2.

Evaluation answer protocol (this overrides earlier answer wording):
1 = Option1
2 = Option2
3 = after the deletion, the remaining scenario does not determine either Option1 or Option2
Output only 1, 2, or 3.",1,-0.09097177820572676,-3.1354942159291497,-3.1354942159291497,0.9130434782608695,0.043478260869565216,0.043478260869565216,3.044522437723423,False,True,False,True,True,delete_person_flip,True,"The payroll clerk does not scan proof pages, while the transit office requires the original fare ticket for the refund.","Scenario: I am filing a bus-delay note at work. The payroll clerk does not scan proof pages, while the transit office requires the original fare ticket for the refund. What should I give the payroll clerk?
Option1: The original fare ticket
Option2: A printed copy of the fare ticket
Question: Which one should I choose? Answer 1 for Option1 and 2 for Option2.

Evaluation answer protocol (this overrides earlier answer wording):
1 = Option1
2 = Option2
You must choose Option1 or Option2. Output only 1 or 2; never output 3.",True,Negated the verb phrase 'scans' to 'does not scan' to minimally negate the target proposition while preserving the rest of the sentence structure and meaning.,2,-1.9924301646902063,-0.1466034741918754,,0.13636363636363635,0.8636363636363636,,1.845826690498331,False,False,True,False,True,
45,2,-3.0910424533583156,-0.04652001563489282,0.045454545454545456,0.9545454545454546,sampling,4,0,3,3,3,True,negation_nonflip,2,False,2,while the transit office requires the original fare,85,136,"Scenario: I am filing a bus-delay note at work. The payroll clerk scans proof pages ticket for the refund. What should I give the payroll clerk?
Option1: The original fare ticket
Option2: A printed copy of the fare ticket
Question: Which one should I choose? Answer 1 for Option1 and 2 for Option2.

Evaluation answer protocol (this overrides earlier answer wording):
1 = Option1
2 = Option2
3 = after the deletion, the remaining scenario does not determine either Option1 or Option2
Output only 1, 2, or 3.",1,-0.6505875661411494,-0.832909122935104,-3.1354942159291497,0.5217391304347826,0.43478260869565216,0.043478260869565216,0.18232155679395456,False,True,False,True,True,delete_person_flip,True,"The payroll clerk scans proof pages, while the transit office does not require the original fare ticket for the refund.","Scenario: I am filing a bus-delay note at work. The payroll clerk scans proof pages, while the transit office does not require the original fare ticket for the refund. What should I give the payroll clerk?
Option1: The original fare ticket
Option2: A printed copy of the fare ticket
Question: Which one should I choose? Answer 1 for Option1 and 2 for Option2.

Evaluation answer protocol (this overrides earlier answer wording):
1 = Option1
2 = Option2
You must choose Option1 or Option2. Output only 1 or 2; never output 3.",True,"Negation applied to the verb 'requires' within the target span context. The phrase 'original fare ticket' is preserved as part of the object being negated in terms of requirement, but the entity itself remains intact as per instructions to preserve entities and descriptions. The grammatical change is minimal (adding 'does not' before the verb).",2,-3.0910424533583156,-0.04652001563489282,,0.045454545454545456,0.9545454545454546,,3.044522437723423,False,False,True,False,True,
45,2,-3.0910424533583156,-0.04652001563489282,0.045454545454545456,0.9545454545454546,sampling,4,0,3,3,3,True,negation_nonflip,2,False,3,ticket for the refund.,137,159,"Scenario: I am filing a bus-delay note at work. The payroll clerk scans proof pages, while the transit office requires the original fare What should I give the payroll clerk?
Option1: The original fare ticket
Option2: A printed copy of the fare ticket
Question: Which one should I choose? Answer 1 for Option1 and 2 for Option2.

Evaluation answer protocol (this overrides earlier answer wording):
1 = Option1
2 = Option2
3 = after the deletion, the remaining scenario does not determine either Option1 or Option2
Output only 1, 2, or 3.",2,-2.4423470353692043,-0.13976194237515874,-3.1354942159291497,0.08695652173913043,0.8695652173913043,0.043478260869565216,2.3025850929940455,False,False,True,False,False,deletion neither uncertain nor option flip,False,,,,deletion neither uncertain nor option flip,,,,,,,,,,,,,,
46,1,-0.3184537311185346,-1.2992829841302609,0.7272727272727273,0.2727272727272727,sampling,6,0,2,2,2,True,negation_nonflip,2,True,0,The airport baggage cart bounces,10,42,"Scenario after a curb hit, and fleet maintenance wants it driven slowly through a turn so they can compare wheel movement. The fleet office is across the apron. Should I walk to the office or drive the cart over?
Option1: Walk to the office
Option2: Drive the cart over
Question: Which one should I choose? Answer 1 for Option1 and 2 for Option2.

Evaluation answer protocol (this overrides earlier answer wording):
1 = Option1
2 = Option2
3 = after the deletion, the remaining scenario does not determine either Option1 or Option2
Output only 1, 2, or 3.",1,-0.3629054936893685,-1.3437347467010947,-3.1354942159291497,0.6956521739130435,0.2608695652173913,0.043478260869565216,0.9808292530117262,False,False,True,False,False,deletion neither uncertain nor option flip,False,,,,deletion neither uncertain nor option flip,,,,,,,,,,,,,,
46,1,-0.3184537311185346,-1.2992829841302609,0.7272727272727273,0.2727272727272727,sampling,6,0,2,2,2,True,negation_nonflip,2,True,1,after a curb hit,43,59,"Scenario: The airport baggage cart bounces and fleet maintenance wants it driven slowly through a turn so they can compare wheel movement. The fleet office is across the apron. Should I walk to the office or drive the cart over?
Option1: Walk to the office
Option2: Drive the cart over
Question: Which one should I choose? Answer 1 for Option1 and 2 for Option2.

Evaluation answer protocol (this overrides earlier answer wording):
1 = Option1
2 = Option2
3 = after the deletion, the remaining scenario does not determine either Option1 or Option2
Output only 1, 2, or 3.",1,-0.13976194237515874,-2.4423470353692043,-3.1354942159291497,0.8695652173913043,0.08695652173913043,0.043478260869565216,2.3025850929940455,False,False,True,False,False,deletion neither uncertain nor option flip,False,,,,deletion neither uncertain nor option flip,,,,,,,,,,,,,,
46,1,-0.3184537311185346,-1.2992829841302609,0.7272727272727273,0.2727272727272727,sampling,6,0,2,2,2,True,negation_nonflip,2,True,2,and fleet maintenance wants it driven slowly through,61,113,"Scenario: The airport baggage cart bounces after a curb hit a turn so they can compare wheel movement. The fleet office is across the apron. Should I walk to the office or drive the cart over?
Option1: Walk to the office
Option2: Drive the cart over
Question: Which one should I choose? Answer 1 for Option1 and 2 for Option2.

Evaluation answer protocol (this overrides earlier answer wording):
1 = Option1
2 = Option2
3 = after the deletion, the remaining scenario does not determine either Option1 or Option2
Output only 1, 2, or 3.",1,-0.09097177820572676,-3.1354942159291497,-3.1354942159291497,0.9130434782608695,0.043478260869565216,0.043478260869565216,3.044522437723423,False,False,True,False,False,deletion neither uncertain nor option flip,False,,,,deletion neither uncertain nor option flip,,,,,,,,,,,,,,
46,1,-0.3184537311185346,-1.2992829841302609,0.7272727272727273,0.2727272727272727,sampling,6,0,2,2,2,True,negation_nonflip,2,True,3,a turn,114,120,"Scenario: The airport baggage cart bounces after a curb hit, and fleet maintenance wants it driven slowly through they can compare wheel movement. The fleet office is across the apron. Should I walk to the office or drive the cart over?
Option1: Walk to the office
Option2: Drive the cart over
Question: Which one should I choose? Answer 1 for Option1 and 2 for Option2.

Evaluation answer protocol (this overrides earlier answer wording):
1 = Option1
2 = Option2
3 = after the deletion, the remaining scenario does not determine either Option1 or Option2
Output only 1, 2, or 3.",1,-0.4274440148269396,-1.1895840668738362,-3.1354942159291497,0.6521739130434783,0.30434782608695654,0.043478260869565216,0.7621400520468966,False,False,True,False,False,deletion neither uncertain nor option flip,False,,,,deletion neither uncertain nor option flip,,,,,,,,,,,,,,
46,1,-0.3184537311185346,-1.2992829841302609,0.7272727272727273,0.2727272727272727,sampling,6,0,2,2,2,True,negation_nonflip,2,True,4,so they can compare wheel movement.,121,156,"Scenario: The airport baggage cart bounces after a curb hit, and fleet maintenance wants it driven slowly through a turn The fleet office is across the apron. Should I walk to the office or drive the cart over?
Option1: Walk to the office
Option2: Drive the cart over
Question: Which one should I choose? Answer 1 for Option1 and 2 for Option2.

Evaluation answer protocol (this overrides earlier answer wording):
1 = Option1
2 = Option2
3 = after the deletion, the remaining scenario does not determine either Option1 or Option2
Output only 1, 2, or 3.",2,-0.9382696385929302,-0.570544858467613,-3.1354942159291497,0.391304347826087,0.5652173913043478,0.043478260869565216,0.3677247801253172,False,True,False,True,True,delete_person_flip,True,"Scenario: The airport baggage cart bounces after a curb hit, and fleet maintenance wants it driven slowly through a turn so they cannot compare wheel movement. The fleet office is across the apron.","Scenario: The airport baggage cart bounces after a curb hit, and fleet maintenance wants it driven slowly through a turn so they cannot compare wheel movement. The fleet office is across the apron. Should I walk to the office or drive the cart over?
Option1: Walk to the office
Option2: Drive the cart over
Question: Which one should I choose? Answer 1 for Option1 and 2 for Option2.

Evaluation answer protocol (this overrides earlier answer wording):
1 = Option1
2 = Option2
You must choose Option1 or Option2. Output only 1 or 2; never output 3.",True,"Negated the target span 'so they can compare wheel movement' by changing 'can' to 'cannot'. Preserved all entities (airport baggage cart, fleet maintenance, fleet office), descriptions (bounces after a curb hit, driven slowly through a turn, across the apron), and unrelated facts.",2,-1.1451323043030026,-0.38299225225610584,,0.3181818181818182,0.6818181818181818,,0.7621400520468968,False,True,False,True,True,
46,1,-0.3184537311185346,-1.2992829841302609,0.7272727272727273,0.2727272727272727,sampling,6,0,2,2,2,True,negation_nonflip,2,True,5,The fleet office is across the apron.,157,194,"Scenario: The airport baggage cart bounces after a curb hit, and fleet maintenance wants it driven slowly through a turn so they can compare wheel movement. Should I walk to the office or drive the cart over?
Option1: Walk to the office
Option2: Drive the cart over
Question: Which one should I choose? Answer 1 for Option1 and 2 for Option2.

Evaluation answer protocol (this overrides earlier answer wording):
1 = Option1
2 = Option2
3 = after the deletion, the remaining scenario does not determine either Option1 or Option2
Output only 1, 2, or 3.",2,-1.3437347467010947,-0.3629054936893685,-3.1354942159291497,0.2608695652173913,0.6956521739130435,0.043478260869565216,0.9808292530117262,False,True,False,True,True,delete_person_flip,True,The fleet office is not across the apron. Should I walk to the office or drive the cart over?,"Scenario: The airport baggage cart bounces after a curb hit, and fleet maintenance wants it driven slowly through a turn so they can compare wheel movement. The fleet office is not across the apron. Should I walk to the office or drive the cart over?
Option1: Walk to the office
Option2: Drive the cart over
Question: Which one should I choose? Answer 1 for Option1 and 2 for Option2.

Evaluation answer protocol (this overrides earlier answer wording):
1 = Option1
2 = Option2
You must choose Option1 or Option2. Output only 1 or 2; never output 3.",True,"Negated the predicate 'is' to 'is not' within the target span sentence. The context implies a short distance (across the apron), making walking plausible. Negating it increases the perceived distance/difficulty of walking, but does not make driving impossible. However, in binary choice questions where one option is clearly dangerous/impossible and the other is safe/feasible, negating a factual premise that supports the feasible option might shift preference. Here, driving a damaged cart is unsafe. Walking is the safe option regardless of exact distance. Negating the distance fact doesn't make driving safe. Thus, Option1 remains the correct safety choice. The question asks for the choice, not the reasoning. Since the prompt requires outputting only 1 or 2 based on the evaluation protocol, and the scenario dictates walking is safer due to vehicle damage, the answer is 1.",1,-0.5260930958967791,-0.8938178760220964,,0.5909090909090909,0.4090909090909091,,0.3677247801253173,False,False,True,False,True,
47,1,-0.04652001563489282,-3.0910424533583156,0.9545454545454546,0.045454545454545456,sampling,5,0,2,2,2,True,negation_nonflip,1,False,0,I am updating my resort cart file.,10,44,"Scenario The cart-barn clerk scans paper proof and discards it, while the cart permit must remain active on the steering column. What should I submit to the cart-barn clerk?
Option1: A paper copy of the cart permit
Option2: The physical cart permit
Question: Which one should I choose? Answer 1 for Option1 and 2 for Option2.

Evaluation answer protocol (this overrides earlier answer wording):
1 = Option1
2 = Option2
3 = after the deletion, the remaining scenario does not determine either Option1 or Option2
Output only 1, 2, or 3.",1,-0.4274440148269396,-1.1895840668738362,-3.1354942159291497,0.6521739130434783,0.30434782608695654,0.043478260869565216,0.7621400520468966,False,False,True,False,False,deletion neither uncertain nor option flip,False,,,,deletion neither uncertain nor option flip,,,,,,,,,,,,,,
47,1,-0.04652001563489282,-3.0910424533583156,0.9545454545454546,0.045454545454545456,sampling,5,0,2,2,2,True,negation_nonflip,1,False,1,The cart-barn clerk scans paper proof,45,82,"Scenario: I am updating my resort cart file. discards it, while the cart permit must remain active on the steering column. What should I submit to the cart-barn clerk?
Option1: A paper copy of the cart permit
Option2: The physical cart permit
Question: Which one should I choose? Answer 1 for Option1 and 2 for Option2.

Evaluation answer protocol (this overrides earlier answer wording):
1 = Option1
2 = Option2
3 = after the deletion, the remaining scenario does not determine either Option1 or Option2
Output only 1, 2, or 3.",2,-1.0560526742493137,-0.6505875661411494,-2.03688192726104,0.34782608695652173,0.5217391304347826,0.13043478260869565,0.4054651081081643,False,True,False,True,True,delete_person_flip,True,"The cart-barn clerk does not scan paper proof and discards it, while the cart permit must remain active on the steering column.","Scenario: I am updating my resort cart file. The cart-barn clerk does not scan paper proof and discards it, while the cart permit must remain active on the steering column. What should I submit to the cart-barn clerk?
Option1: A paper copy of the cart permit
Option2: The physical cart permit
Question: Which one should I choose? Answer 1 for Option1 and 2 for Option2.

Evaluation answer protocol (this overrides earlier answer wording):
1 = Option1
2 = Option2
You must choose Option1 or Option2. Output only 1 or 2; never output 3.",True,Negation applied to the target span 'scans' using auxiliary 'does not'. The conjunction 'and' is preserved as part of the original sentence structure to maintain minimal rewrite scope relative to the specific verb action negated.,2,-1.7047480922384253,-0.2006706954621511,,0.18181818181818182,0.8181818181818182,,1.5040773967762742,False,True,False,True,True,
47,1,-0.04652001563489282,-3.0910424533583156,0.9545454545454546,0.045454545454545456,sampling,5,0,2,2,2,True,negation_nonflip,1,False,2,and discards it,83,98,"Scenario: I am updating my resort cart file. The cart-barn clerk scans paper proof while the cart permit must remain active on the steering column. What should I submit to the cart-barn clerk?
Option1: A paper copy of the cart permit
Option2: The physical cart permit
Question: Which one should I choose? Answer 1 for Option1 and 2 for Option2.

Evaluation answer protocol (this overrides earlier answer wording):
1 = Option1
2 = Option2
3 = after the deletion, the remaining scenario does not determine either Option1 or Option2
Output only 1, 2, or 3.",1,-0.09097177820572676,-3.1354942159291497,-3.1354942159291497,0.9130434782608695,0.043478260869565216,0.043478260869565216,3.044522437723423,False,False,True,False,False,deletion neither uncertain nor option flip,False,,,,deletion neither uncertain nor option flip,,,,,,,,,,,,,,
47,1,-0.04652001563489282,-3.0910424533583156,0.9545454545454546,0.045454545454545456,sampling,5,0,2,2,2,True,negation_nonflip,1,False,3,while the cart permit must remain active on,100,143,"Scenario: I am updating my resort cart file. The cart-barn clerk scans paper proof and discards it the steering column. What should I submit to the cart-barn clerk?
Option1: A paper copy of the cart permit
Option2: The physical cart permit
Question: Which one should I choose? Answer 1 for Option1 and 2 for Option2.

Evaluation answer protocol (this overrides earlier answer wording):
1 = Option1
2 = Option2
3 = after the deletion, the remaining scenario does not determine either Option1 or Option2
Output only 1, 2, or 3.",2,-0.9382696385929302,-0.570544858467613,-3.1354942159291497,0.391304347826087,0.5652173913043478,0.043478260869565216,0.3677247801253172,False,True,False,True,True,delete_person_flip,True,"The cart-barn clerk scans paper proof and discards it, while the cart permit does not have to remain active on the steering column.","Scenario: I am updating my resort cart file. The cart-barn clerk scans paper proof and discards it, while the cart permit does not have to remain active on the steering column. What should I submit to the cart-barn clerk?
Option1: A paper copy of the cart permit
Option2: The physical cart permit
Question: Which one should I choose? Answer 1 for Option1 and 2 for Option2.

Evaluation answer protocol (this overrides earlier answer wording):
1 = Option1
2 = Option2
You must choose Option1 or Option2. Output only 1 or 2; never output 3.",True,"Negated the modal 'must' with 'does not have to' to minimally negate the proposition that the permit is required to stay active. Preserved all other entities, numbers, and context.",1,-0.04652001563489282,-3.0910424533583156,,0.9545454545454546,0.045454545454545456,,3.044522437723423,False,False,True,False,True,
47,1,-0.04652001563489282,-3.0910424533583156,0.9545454545454546,0.045454545454545456,sampling,5,0,2,2,2,True,negation_nonflip,1,False,4,the steering column.,144,164,"Scenario: I am updating my resort cart file. The cart-barn clerk scans paper proof and discards it, while the cart permit must remain active on What should I submit to the cart-barn clerk?
Option1: A paper copy of the cart permit
Option2: The physical cart permit
Question: Which one should I choose? Answer 1 for Option1 and 2 for Option2.

Evaluation answer protocol (this overrides earlier answer wording):
1 = Option1
2 = Option2
3 = after the deletion, the remaining scenario does not determine either Option1 or Option2
Output only 1, 2, or 3.",1,-0.3629054936893685,-1.3437347467010947,-3.1354942159291497,0.6956521739130435,0.2608695652173913,0.043478260869565216,0.9808292530117262,False,False,True,False,False,deletion neither uncertain nor option flip,False,,,,deletion neither uncertain nor option flip,,,,,,,,,,,,,,
48,1,-0.04652001563489282,-3.0910424533583156,0.9545454545454546,0.045454545454545456,sampling,3,0,0,0,0,False,no_informative_deletion,1,False,0,I am submitting a course add card.,10,44,"Scenario The department says signed paper cards must be put in the registrar's drop box. What should I do?
Option1: Put the signed card in the drop box
Option2: Email a picture of the signed card
Question: Which one should I choose? Answer 1 for Option1 and 2 for Option2.

Evaluation answer protocol (this overrides earlier answer wording):
1 = Option1
2 = Option2
3 = after the deletion, the remaining scenario does not determine either Option1 or Option2
Output only 1, 2, or 3.",1,-0.09097177820572676,-3.1354942159291497,-3.1354942159291497,0.9130434782608695,0.043478260869565216,0.043478260869565216,3.044522437723423,False,False,True,False,False,deletion neither uncertain nor option flip,False,,,,deletion neither uncertain nor option flip,,,,,,,,,,,,,,
48,1,-0.04652001563489282,-3.0910424533583156,0.9545454545454546,0.045454545454545456,sampling,3,0,0,0,0,False,no_informative_deletion,1,False,1,The department says signed paper cards must be,45,91,"Scenario: I am submitting a course add card. put in the registrar's drop box. What should I do?
Option1: Put the signed card in the drop box
Option2: Email a picture of the signed card
Question: Which one should I choose? Answer 1 for Option1 and 2 for Option2.

Evaluation answer protocol (this overrides earlier answer wording):
1 = Option1
2 = Option2
3 = after the deletion, the remaining scenario does not determine either Option1 or Option2
Output only 1, 2, or 3.",1,-0.09097177820572676,-3.1354942159291497,-3.1354942159291497,0.9130434782608695,0.043478260869565216,0.043478260869565216,3.044522437723423,False,False,True,False,False,deletion neither uncertain nor option flip,False,,,,deletion neither uncertain nor option flip,,,,,,,,,,,,,,
48,1,-0.04652001563489282,-3.0910424533583156,0.9545454545454546,0.045454545454545456,sampling,3,0,0,0,0,False,no_informative_deletion,1,False,2,put in the registrar's drop box.,92,124,"Scenario: I am submitting a course add card. The department says signed paper cards must be What should I do?
Option1: Put the signed card in the drop box
Option2: Email a picture of the signed card
Question: Which one should I choose? Answer 1 for Option1 and 2 for Option2.

Evaluation answer protocol (this overrides earlier answer wording):
1 = Option1
2 = Option2
3 = after the deletion, the remaining scenario does not determine either Option1 or Option2
Output only 1, 2, or 3.",1,-0.09097177820572676,-3.1354942159291497,-3.1354942159291497,0.9130434782608695,0.043478260869565216,0.043478260869565216,3.044522437723423,False,False,True,False,False,deletion neither uncertain nor option flip,False,,,,deletion neither uncertain nor option flip,,,,,,,,,,,,,,
49,1,-0.04652001563489282,-3.0910424533583156,0.9545454545454546,0.045454545454545456,sampling,5,0,0,0,0,False,no_informative_deletion,1,False,0,The garage permit form is finished.,10,45,"Scenario The attendant is waiting at the entry arm to make one test pass with the windshield tag before marking it active. Should I drive the car through the reader or walk to the reader without it?
Option1: Drive the car through the reader
Option2: Walk to the reader without the car
Question: Which one should I choose? Answer 1 for Option1 and 2 for Option2.

Evaluation answer protocol (this overrides earlier answer wording):
1 = Option1
2 = Option2
3 = after the deletion, the remaining scenario does not determine either Option1 or Option2
Output only 1, 2, or 3.",1,-0.09097177820572676,-3.1354942159291497,-3.1354942159291497,0.9130434782608695,0.043478260869565216,0.043478260869565216,3.044522437723423,False,False,True,False,False,deletion neither uncertain nor option flip,False,,,,deletion neither uncertain nor option flip,,,,,,,,,,,,,,
49,1,-0.04652001563489282,-3.0910424533583156,0.9545454545454546,0.045454545454545456,sampling,5,0,0,0,0,False,no_informative_deletion,1,False,1,The attendant is waiting at the entry arm,46,87,"Scenario: The garage permit form is finished. to make one test pass with the windshield tag before marking it active. Should I drive the car through the reader or walk to the reader without it?
Option1: Drive the car through the reader
Option2: Walk to the reader without the car
Question: Which one should I choose? Answer 1 for Option1 and 2 for Option2.

Evaluation answer protocol (this overrides earlier answer wording):
1 = Option1
2 = Option2
3 = after the deletion, the remaining scenario does not determine either Option1 or Option2
Output only 1, 2, or 3.",1,-0.09097177820572676,-3.1354942159291497,-3.1354942159291497,0.9130434782608695,0.043478260869565216,0.043478260869565216,3.044522437723423,False,False,True,False,False,deletion neither uncertain nor option flip,False,,,,deletion neither uncertain nor option flip,,,,,,,,,,,,,,
49,1,-0.04652001563489282,-3.0910424533583156,0.9545454545454546,0.045454545454545456,sampling,5,0,0,0,0,False,no_informative_deletion,1,False,2,to make one test pass,88,109,"Scenario: The garage permit form is finished. The attendant is waiting at the entry arm with the windshield tag before marking it active. Should I drive the car through the reader or walk to the reader without it?
Option1: Drive the car through the reader
Option2: Walk to the reader without the car
Question: Which one should I choose? Answer 1 for Option1 and 2 for Option2.

Evaluation answer protocol (this overrides earlier answer wording):
1 = Option1
2 = Option2
3 = after the deletion, the remaining scenario does not determine either Option1 or Option2
Output only 1, 2, or 3.",1,-0.09097177820572676,-3.1354942159291497,-3.1354942159291497,0.9130434782608695,0.043478260869565216,0.043478260869565216,3.044522437723423,False,False,True,False,False,deletion neither uncertain nor option flip,False,,,,deletion neither uncertain nor option flip,,,,,,,,,,,,,,
49,1,-0.04652001563489282,-3.0910424533583156,0.9545454545454546,0.045454545454545456,sampling,5,0,0,0,0,False,no_informative_deletion,1,False,3,with the windshield tag,110,133,"Scenario: The garage permit form is finished. The attendant is waiting at the entry arm to make one test pass before marking it active. Should I drive the car through the reader or walk to the reader without it?
Option1: Drive the car through the reader
Option2: Walk to the reader without the car
Question: Which one should I choose? Answer 1 for Option1 and 2 for Option2.

Evaluation answer protocol (this overrides earlier answer wording):
1 = Option1
2 = Option2
3 = after the deletion, the remaining scenario does not determine either Option1 or Option2
Output only 1, 2, or 3.",1,-0.09097177820572676,-3.1354942159291497,-3.1354942159291497,0.9130434782608695,0.043478260869565216,0.043478260869565216,3.044522437723423,False,False,True,False,False,deletion neither uncertain nor option flip,False,,,,deletion neither uncertain nor option flip,,,,,,,,,,,,,,
49,1,-0.04652001563489282,-3.0910424533583156,0.9545454545454546,0.045454545454545456,sampling,5,0,0,0,0,False,no_informative_deletion,1,False,4,before marking it active.,134,159,"Scenario: The garage permit form is finished. The attendant is waiting at the entry arm to make one test pass with the windshield tag Should I drive the car through the reader or walk to the reader without it?
Option1: Drive the car through the reader
Option2: Walk to the reader without the car
Question: Which one should I choose? Answer 1 for Option1 and 2 for Option2.

Evaluation answer protocol (this overrides earlier answer wording):
1 = Option1
2 = Option2
3 = after the deletion, the remaining scenario does not determine either Option1 or Option2
Output only 1, 2, or 3.",1,-0.09097177820572676,-3.1354942159291497,-3.1354942159291497,0.9130434782608695,0.043478260869565216,0.043478260869565216,3.044522437723423,False,False,True,False,False,deletion neither uncertain nor option flip,False,,,,deletion neither uncertain nor option flip,,,,,,,,,,,,,,
50,2,-3.0910424533583156,-0.04652001563489282,0.045454545454545456,0.9545454545454546,sampling,4,0,0,0,0,False,no_informative_deletion,2,False,0,I am checking a paddleboard into rental storage.,10,58,"Scenario The fin tag must be attached to the board before the rack scan. What should I bring to the rack?
Option1: Only the fin tag
Option2: The paddleboard with the tag attached
Question: Which one should I choose? Answer 1 for Option1 and 2 for Option2.

Evaluation answer protocol (this overrides earlier answer wording):
1 = Option1
2 = Option2
3 = after the deletion, the remaining scenario does not determine either Option1 or Option2
Output only 1, 2, or 3.",2,-3.1354942159291497,-0.09097177820572676,-3.1354942159291497,0.043478260869565216,0.9130434782608695,0.043478260869565216,3.044522437723423,False,False,True,False,False,deletion neither uncertain nor option flip,False,,,,deletion neither uncertain nor option flip,,,,,,,,,,,,,,
50,2,-3.0910424533583156,-0.04652001563489282,0.045454545454545456,0.9545454545454546,sampling,4,0,0,0,0,False,no_informative_deletion,2,False,1,The fin tag must be attached,59,87,"Scenario: I am checking a paddleboard into rental storage. to the board before the rack scan. What should I bring to the rack?
Option1: Only the fin tag
Option2: The paddleboard with the tag attached
Question: Which one should I choose? Answer 1 for Option1 and 2 for Option2.

Evaluation answer protocol (this overrides earlier answer wording):
1 = Option1
2 = Option2
3 = after the deletion, the remaining scenario does not determine either Option1 or Option2
Output only 1, 2, or 3.",2,-3.1354942159291497,-0.09097177820572676,-3.1354942159291497,0.043478260869565216,0.9130434782608695,0.043478260869565216,3.044522437723423,False,False,True,False,False,deletion neither uncertain nor option flip,False,,,,deletion neither uncertain nor option flip,,,,,,,,,,,,,,
50,2,-3.0910424533583156,-0.04652001563489282,0.045454545454545456,0.9545454545454546,sampling,4,0,0,0,0,False,no_informative_deletion,2,False,2,to the board,88,100,"Scenario: I am checking a paddleboard into rental storage. The fin tag must be attached before the rack scan. What should I bring to the rack?
Option1: Only the fin tag
Option2: The paddleboard with the tag attached
Question: Which one should I choose? Answer 1 for Option1 and 2 for Option2.

Evaluation answer protocol (this overrides earlier answer wording):
1 = Option1
2 = Option2
3 = after the deletion, the remaining scenario does not determine either Option1 or Option2
Output only 1, 2, or 3.",2,-3.1354942159291497,-0.09097177820572676,-3.1354942159291497,0.043478260869565216,0.9130434782608695,0.043478260869565216,3.044522437723423,False,False,True,False,False,deletion neither uncertain nor option flip,False,,,,deletion neither uncertain nor option flip,,,,,,,,,,,,,,
50,2,-3.0910424533583156,-0.04652001563489282,0.045454545454545456,0.9545454545454546,sampling,4,0,0,0,0,False,no_informative_deletion,2,False,3,before the rack scan.,101,122,"Scenario: I am checking a paddleboard into rental storage. The fin tag must be attached to the board What should I bring to the rack?
Option1: Only the fin tag
Option2: The paddleboard with the tag attached
Question: Which one should I choose? Answer 1 for Option1 and 2 for Option2.

Evaluation answer protocol (this overrides earlier answer wording):
1 = Option1
2 = Option2
3 = after the deletion, the remaining scenario does not determine either Option1 or Option2
Output only 1, 2, or 3.",2,-3.1354942159291497,-0.09097177820572676,-3.1354942159291497,0.043478260869565216,0.9130434782608695,0.043478260869565216,3.044522437723423,False,False,True,False,False,deletion neither uncertain nor option flip,False,,,,deletion neither uncertain nor option flip,,,,,,,,,,,,,,
51,1,-0.04652001563489282,-3.0910424533583156,0.9545454545454546,0.045454545454545456,sampling,5,2,1,3,3,True,negation_nonflip,2,True,0,The assembled basketball hoop base is ready.,10,54,"Scenario Staff are at the back lot to load it into the truck bed with a cart. For this step, what should I do?
Option1: Bring only the order slip to the back lot
Option2: Move the truck to the back lot
Question: Which one should I choose? Answer 1 for Option1 and 2 for Option2.

Evaluation answer protocol (this overrides earlier answer wording):
1 = Option1
2 = Option2
3 = after the deletion, the remaining scenario does not determine either Option1 or Option2
Output only 1, 2, or 3.",1,-0.09097177820572676,-3.1354942159291497,-3.1354942159291497,0.9130434782608695,0.043478260869565216,0.043478260869565216,3.044522437723423,False,False,True,False,False,deletion neither uncertain nor option flip,False,,,,deletion neither uncertain nor option flip,,,,,,,,,,,,,,
51,1,-0.04652001563489282,-3.0910424533583156,0.9545454545454546,0.045454545454545456,sampling,5,2,1,3,3,True,negation_nonflip,2,True,1,Staff are at the back lot,55,80,"Scenario: The assembled basketball hoop base is ready. to load it into the truck bed with a cart. For this step, what should I do?
Option1: Bring only the order slip to the back lot
Option2: Move the truck to the back lot
Question: Which one should I choose? Answer 1 for Option1 and 2 for Option2.

Evaluation answer protocol (this overrides earlier answer wording):
1 = Option1
2 = Option2
3 = after the deletion, the remaining scenario does not determine either Option1 or Option2
Output only 1, 2, or 3.",3,-1.5260563034950494,-3.1354942159291497,-0.3022808718729337,0.21739130434782608,0.043478260869565216,0.7391304347826086,1.2237754316221157,True,False,False,True,True,delete_uncertain,True,Staff are not at the back lot to load it into the truck bed with a cart.,"Scenario: The assembled basketball hoop base is ready. Staff are not at the back lot to load it into the truck bed with a cart. For this step, what should I do?
Option1: Bring only the order slip to the back lot
Option2: Move the truck to the back lot
Question: Which one should I choose? Answer 1 for Option1 and 2 for Option2.

Evaluation answer protocol (this overrides earlier answer wording):
1 = Option1
2 = Option2
You must choose Option1 or Option2. Output only 1 or 2; never output 3.",True,"Minimal negation applied by inserting 'not' after the verb 'are'. Entities, numbers, and unrelated facts preserved.",2,-3.0910424533583156,-0.04652001563489282,,0.045454545454545456,0.9545454545454546,,3.044522437723423,False,True,False,True,True,
51,1,-0.04652001563489282,-3.0910424533583156,0.9545454545454546,0.045454545454545456,sampling,5,2,1,3,3,True,negation_nonflip,2,True,2,to load it,81,91,"Scenario: The assembled basketball hoop base is ready. Staff are at the back lot into the truck bed with a cart. For this step, what should I do?
Option1: Bring only the order slip to the back lot
Option2: Move the truck to the back lot
Question: Which one should I choose? Answer 1 for Option1 and 2 for Option2.

Evaluation answer protocol (this overrides earlier answer wording):
1 = Option1
2 = Option2
3 = after the deletion, the remaining scenario does not determine either Option1 or Option2
Output only 1, 2, or 3.",3,-0.832909122935104,-3.1354942159291497,-0.6505875661411494,0.43478260869565216,0.043478260869565216,0.5217391304347826,0.18232155679395456,True,False,False,True,True,delete_uncertain,True,Staff are at the back lot not to load it into the truck bed with a cart.,"Scenario: The assembled basketball hoop base is ready. Staff are at the back lot not to load it into the truck bed with a cart. For this step, what should I do?
Option1: Bring only the order slip to the back lot
Option2: Move the truck to the back lot
Question: Which one should I choose? Answer 1 for Option1 and 2 for Option2.

Evaluation answer protocol (this overrides earlier answer wording):
1 = Option1
2 = Option2
You must choose Option1 or Option2. Output only 1 or 2; never output 3.",True,Minimal negation added via 'not' immediately preceding the infinitive verb phrase 'to load'. All other entities and facts preserved.,1,-0.2578291093020998,-1.4816045409242156,,0.7727272727272727,0.22727272727272727,,1.2237754316221157,False,False,True,False,True,
51,1,-0.04652001563489282,-3.0910424533583156,0.9545454545454546,0.045454545454545456,sampling,5,2,1,3,3,True,negation_nonflip,2,True,3,into the truck bed,92,110,"Scenario: The assembled basketball hoop base is ready. Staff are at the back lot to load it with a cart. For this step, what should I do?
Option1: Bring only the order slip to the back lot
Option2: Move the truck to the back lot
Question: Which one should I choose? Answer 1 for Option1 and 2 for Option2.

Evaluation answer protocol (this overrides earlier answer wording):
1 = Option1
2 = Option2
3 = after the deletion, the remaining scenario does not determine either Option1 or Option2
Output only 1, 2, or 3.",1,-0.6505875661411494,-1.749199854809259,-1.1895840668738362,0.5217391304347826,0.17391304347826086,0.30434782608695654,0.5389965007326868,False,False,True,False,False,deletion neither uncertain nor option flip,False,,,,deletion neither uncertain nor option flip,,,,,,,,,,,,,,
51,1,-0.04652001563489282,-3.0910424533583156,0.9545454545454546,0.045454545454545456,sampling,5,2,1,3,3,True,negation_nonflip,2,True,4,with a cart.,111,123,"Scenario: The assembled basketball hoop base is ready. Staff are at the back lot to load it into the truck bed For this step, what should I do?
Option1: Bring only the order slip to the back lot
Option2: Move the truck to the back lot
Question: Which one should I choose? Answer 1 for Option1 and 2 for Option2.

Evaluation answer protocol (this overrides earlier answer wording):
1 = Option1
2 = Option2
3 = after the deletion, the remaining scenario does not determine either Option1 or Option2
Output only 1, 2, or 3.",2,-3.1354942159291497,-0.6505875661411494,-0.832909122935104,0.043478260869565216,0.5217391304347826,0.43478260869565216,0.18232155679395456,False,True,False,True,True,delete_person_flip,True,Staff are at the back lot to load it into the truck bed without a cart.,"Scenario: The assembled basketball hoop base is ready. Staff are at the back lot to load it into the truck bed without a cart.
Option1: Bring only the order slip to the back lot
Option2: Move the truck to the back lot
Question: Which one should I choose? Answer 1 for Option1 and 2 for Option2.

Evaluation answer protocol (this overrides earlier answer wording):
1 = Option1
2 = Option2
You must choose Option1 or Option2. Output only 1 or 2; never output 3.",True,Negated the prepositional phrase 'with a cart' by replacing it with 'without a cart' to minimally negate the proposition while preserving all other entities and facts.,1,-0.45198512374305727,-1.0116009116784799,,0.6363636363636364,0.36363636363636365,,0.5596157879354227,False,False,True,False,True,
52,1,-0.3184537311185346,-1.2992829841302609,0.7272727272727273,0.2727272727272727,sampling,4,0,0,0,0,False,no_informative_deletion,1,False,0,The scooter shop can order the safety-recall part,10,59,"Scenario but the service writer must scan the frame number and note the odometer at intake. The front counter is easy to reach. Should I bring the scooter to intake or walk to the front counter?
Option1: Bring the scooter to intake
Option2: Walk to the front counter
Question: Which one should I choose? Answer 1 for Option1 and 2 for Option2.

Evaluation answer protocol (this overrides earlier answer wording):
1 = Option1
2 = Option2
3 = after the deletion, the remaining scenario does not determine either Option1 or Option2
Output only 1, 2, or 3.",1,-0.3629054936893685,-1.3437347467010947,-3.1354942159291497,0.6956521739130435,0.2608695652173913,0.043478260869565216,0.9808292530117262,False,False,True,False,False,deletion neither uncertain nor option flip,False,,,,deletion neither uncertain nor option flip,,,,,,,,,,,,,,
52,1,-0.3184537311185346,-1.2992829841302609,0.7272727272727273,0.2727272727272727,sampling,4,0,0,0,0,False,no_informative_deletion,1,False,1,but the service writer must scan the frame number,61,110,"Scenario: The scooter shop can order the safety-recall part note the odometer at intake. The front counter is easy to reach. Should I bring the scooter to intake or walk to the front counter?
Option1: Bring the scooter to intake
Option2: Walk to the front counter
Question: Which one should I choose? Answer 1 for Option1 and 2 for Option2.

Evaluation answer protocol (this overrides earlier answer wording):
1 = Option1
2 = Option2
3 = after the deletion, the remaining scenario does not determine either Option1 or Option2
Output only 1, 2, or 3.",1,-0.3022808718729337,-1.5260563034950494,-3.1354942159291497,0.7391304347826086,0.21739130434782608,0.043478260869565216,1.2237754316221157,False,False,True,False,False,deletion neither uncertain nor option flip,False,,,,deletion neither uncertain nor option flip,,,,,,,,,,,,,,
52,1,-0.3184537311185346,-1.2992829841302609,0.7272727272727273,0.2727272727272727,sampling,4,0,0,0,0,False,no_informative_deletion,1,False,2,and note the odometer at intake.,111,143,"Scenario: The scooter shop can order the safety-recall part, but the service writer must scan the frame number The front counter is easy to reach. Should I bring the scooter to intake or walk to the front counter?
Option1: Bring the scooter to intake
Option2: Walk to the front counter
Question: Which one should I choose? Answer 1 for Option1 and 2 for Option2.

Evaluation answer protocol (this overrides earlier answer wording):
1 = Option1
2 = Option2
3 = after the deletion, the remaining scenario does not determine either Option1 or Option2
Output only 1, 2, or 3.",1,-0.570544858467613,-0.9382696385929302,-3.1354942159291497,0.5652173913043478,0.391304347826087,0.043478260869565216,0.3677247801253172,False,False,True,False,False,deletion neither uncertain nor option flip,False,,,,deletion neither uncertain nor option flip,,,,,,,,,,,,,,
52,1,-0.3184537311185346,-1.2992829841302609,0.7272727272727273,0.2727272727272727,sampling,4,0,0,0,0,False,no_informative_deletion,1,False,3,The front counter is easy to reach.,144,179,"Scenario: The scooter shop can order the safety-recall part, but the service writer must scan the frame number and note the odometer at intake. Should I bring the scooter to intake or walk to the front counter?
Option1: Bring the scooter to intake
Option2: Walk to the front counter
Question: Which one should I choose? Answer 1 for Option1 and 2 for Option2.

Evaluation answer protocol (this overrides earlier answer wording):
1 = Option1
2 = Option2
3 = after the deletion, the remaining scenario does not determine either Option1 or Option2
Output only 1, 2, or 3.",1,-0.24512245803298496,-1.749199854809259,-3.1354942159291497,0.782608695652174,0.17391304347826086,0.043478260869565216,1.5040773967762742,False,False,True,False,False,deletion neither uncertain nor option flip,False,,,,deletion neither uncertain nor option flip,,,,,,,,,,,,,,
53,2,-3.0910424533583156,-0.04652001563489282,0.045454545454545456,0.9545454545454546,sampling,5,0,0,0,0,False,no_informative_deletion,2,False,0,The donated washer pickup is authorized.,10,50,"Scenario The crew is at the alley gate to load it straight into my pickup and photograph the secured load. For this step, what should I do?
Option1: Walk to the alley gate without the pickup
Option2: Drive the pickup to the alley gate
Question: Which one should I choose? Answer 1 for Option1 and 2 for Option2.

Evaluation answer protocol (this overrides earlier answer wording):
1 = Option1
2 = Option2
3 = after the deletion, the remaining scenario does not determine either Option1 or Option2
Output only 1, 2, or 3.",2,-3.1354942159291497,-0.09097177820572676,-3.1354942159291497,0.043478260869565216,0.9130434782608695,0.043478260869565216,3.044522437723423,False,False,True,False,False,deletion neither uncertain nor option flip,False,,,,deletion neither uncertain nor option flip,,,,,,,,,,,,,,
53,2,-3.0910424533583156,-0.04652001563489282,0.045454545454545456,0.9545454545454546,sampling,5,0,0,0,0,False,no_informative_deletion,2,False,1,The crew is at the alley gate,51,80,"Scenario: The donated washer pickup is authorized. to load it straight into my pickup and photograph the secured load. For this step, what should I do?
Option1: Walk to the alley gate without the pickup
Option2: Drive the pickup to the alley gate
Question: Which one should I choose? Answer 1 for Option1 and 2 for Option2.

Evaluation answer protocol (this overrides earlier answer wording):
1 = Option1
2 = Option2
3 = after the deletion, the remaining scenario does not determine either Option1 or Option2
Output only 1, 2, or 3.",2,-3.1354942159291497,-0.09097177820572676,-3.1354942159291497,0.043478260869565216,0.9130434782608695,0.043478260869565216,3.044522437723423,False,False,True,False,False,deletion neither uncertain nor option flip,False,,,,deletion neither uncertain nor option flip,,,,,,,,,,,,,,
53,2,-3.0910424533583156,-0.04652001563489282,0.045454545454545456,0.9545454545454546,sampling,5,0,0,0,0,False,no_informative_deletion,2,False,2,to load it straight,81,100,"Scenario: The donated washer pickup is authorized. The crew is at the alley gate into my pickup and photograph the secured load. For this step, what should I do?
Option1: Walk to the alley gate without the pickup
Option2: Drive the pickup to the alley gate
Question: Which one should I choose? Answer 1 for Option1 and 2 for Option2.

Evaluation answer protocol (this overrides earlier answer wording):
1 = Option1
2 = Option2
3 = after the deletion, the remaining scenario does not determine either Option1 or Option2
Output only 1, 2, or 3.",2,-0.832909122935104,-0.6505875661411494,-3.1354942159291497,0.43478260869565216,0.5217391304347826,0.043478260869565216,0.18232155679395456,False,False,True,False,False,deletion neither uncertain nor option flip,False,,,,deletion neither uncertain nor option flip,,,,,,,,,,,,,,
53,2,-3.0910424533583156,-0.04652001563489282,0.045454545454545456,0.9545454545454546,sampling,5,0,0,0,0,False,no_informative_deletion,2,False,3,into my pickup,101,115,"Scenario: The donated washer pickup is authorized. The crew is at the alley gate to load it straight photograph the secured load. For this step, what should I do?
Option1: Walk to the alley gate without the pickup
Option2: Drive the pickup to the alley gate
Question: Which one should I choose? Answer 1 for Option1 and 2 for Option2.

Evaluation answer protocol (this overrides earlier answer wording):
1 = Option1
2 = Option2
3 = after the deletion, the remaining scenario does not determine either Option1 or Option2
Output only 1, 2, or 3.",2,-1.749199854809259,-0.24512245803298496,-3.1354942159291497,0.17391304347826086,0.782608695652174,0.043478260869565216,1.5040773967762742,False,False,True,False,False,deletion neither uncertain nor option flip,False,,,,deletion neither uncertain nor option flip,,,,,,,,,,,,,,
53,2,-3.0910424533583156,-0.04652001563489282,0.045454545454545456,0.9545454545454546,sampling,5,0,0,0,0,False,no_informative_deletion,2,False,4,and photograph the secured load.,116,148,"Scenario: The donated washer pickup is authorized. The crew is at the alley gate to load it straight into my pickup For this step, what should I do?
Option1: Walk to the alley gate without the pickup
Option2: Drive the pickup to the alley gate
Question: Which one should I choose? Answer 1 for Option1 and 2 for Option2.

Evaluation answer protocol (this overrides earlier answer wording):
1 = Option1
2 = Option2
3 = after the deletion, the remaining scenario does not determine either Option1 or Option2
Output only 1, 2, or 3.",2,-3.1354942159291497,-0.09097177820572676,-3.1354942159291497,0.043478260869565216,0.9130434782608695,0.043478260869565216,3.044522437723423,False,False,True,False,False,deletion neither uncertain nor option flip,False,,,,deletion neither uncertain nor option flip,,,,,,,,,,,,,,
54,1,-0.5260930958967791,-0.8938178760220964,0.5909090909090909,0.4090909090909091,sampling,6,0,1,1,1,True,negation_nonflip,2,True,0,I am giving renovation clerk proof for a,10,50,"Scenario tile saw. The clerk stores a scan and returns no paper, while the motor warranty packet asks me to keep the original receipt. What should I give renovation clerk?
Option1: The original receipt
Option2: A printed copy of the receipt
Question: Which one should I choose? Answer 1 for Option1 and 2 for Option2.

Evaluation answer protocol (this overrides earlier answer wording):
1 = Option1
2 = Option2
3 = after the deletion, the remaining scenario does not determine either Option1 or Option2
Output only 1, 2, or 3.",1,-0.09097177820572676,-3.1354942159291497,-3.1354942159291497,0.9130434782608695,0.043478260869565216,0.043478260869565216,3.044522437723423,False,False,True,False,False,deletion neither uncertain nor option flip,False,,,,deletion neither uncertain nor option flip,,,,,,,,,,,,,,
54,1,-0.5260930958967791,-0.8938178760220964,0.5909090909090909,0.4090909090909091,sampling,6,0,1,1,1,True,negation_nonflip,2,True,1,tile saw.,51,60,"Scenario: I am giving renovation clerk proof for a The clerk stores a scan and returns no paper, while the motor warranty packet asks me to keep the original receipt. What should I give renovation clerk?
Option1: The original receipt
Option2: A printed copy of the receipt
Question: Which one should I choose? Answer 1 for Option1 and 2 for Option2.

Evaluation answer protocol (this overrides earlier answer wording):
1 = Option1
2 = Option2
3 = after the deletion, the remaining scenario does not determine either Option1 or Option2
Output only 1, 2, or 3.",1,-0.570544858467613,-0.9382696385929302,-3.1354942159291497,0.5652173913043478,0.391304347826087,0.043478260869565216,0.3677247801253172,False,False,True,False,False,deletion neither uncertain nor option flip,False,,,,deletion neither uncertain nor option flip,,,,,,,,,,,,,,
54,1,-0.5260930958967791,-0.8938178760220964,0.5909090909090909,0.4090909090909091,sampling,6,0,1,1,1,True,negation_nonflip,2,True,2,The clerk stores a scan,61,84,"Scenario: I am giving renovation clerk proof for a tile saw. returns no paper, while the motor warranty packet asks me to keep the original receipt. What should I give renovation clerk?
Option1: The original receipt
Option2: A printed copy of the receipt
Question: Which one should I choose? Answer 1 for Option1 and 2 for Option2.

Evaluation answer protocol (this overrides earlier answer wording):
1 = Option1
2 = Option2
3 = after the deletion, the remaining scenario does not determine either Option1 or Option2
Output only 1, 2, or 3.",1,-0.19105523676270922,-2.03688192726104,-3.1354942159291497,0.8260869565217391,0.13043478260869565,0.043478260869565216,1.845826690498331,False,False,True,False,False,deletion neither uncertain nor option flip,False,,,,deletion neither uncertain nor option flip,,,,,,,,,,,,,,
54,1,-0.5260930958967791,-0.8938178760220964,0.5909090909090909,0.4090909090909091,sampling,6,0,1,1,1,True,negation_nonflip,2,True,3,and returns no paper,85,105,"Scenario: I am giving renovation clerk proof for a tile saw. The clerk stores a scan while the motor warranty packet asks me to keep the original receipt. What should I give renovation clerk?
Option1: The original receipt
Option2: A printed copy of the receipt
Question: Which one should I choose? Answer 1 for Option1 and 2 for Option2.

Evaluation answer protocol (this overrides earlier answer wording):
1 = Option1
2 = Option2
3 = after the deletion, the remaining scenario does not determine either Option1 or Option2
Output only 1, 2, or 3.",1,-0.496436886313891,-1.0560526742493137,-3.1354942159291497,0.6086956521739131,0.34782608695652173,0.043478260869565216,0.5596157879354227,False,False,True,False,False,deletion neither uncertain nor option flip,False,,,,deletion neither uncertain nor option flip,,,,,,,,,,,,,,
54,1,-0.5260930958967791,-0.8938178760220964,0.5909090909090909,0.4090909090909091,sampling,6,0,1,1,1,True,negation_nonflip,2,True,4,while the motor warranty packet asks me,107,146,"Scenario: I am giving renovation clerk proof for a tile saw. The clerk stores a scan and returns no paper to keep the original receipt. What should I give renovation clerk?
Option1: The original receipt
Option2: A printed copy of the receipt
Question: Which one should I choose? Answer 1 for Option1 and 2 for Option2.

Evaluation answer protocol (this overrides earlier answer wording):
1 = Option1
2 = Option2
3 = after the deletion, the remaining scenario does not determine either Option1 or Option2
Output only 1, 2, or 3.",2,-1.0560526742493137,-0.496436886313891,-3.1354942159291497,0.34782608695652173,0.6086956521739131,0.043478260869565216,0.5596157879354227,False,True,False,True,True,delete_person_flip,True,"The clerk stores a scan and returns no paper, while the motor warranty packet does not ask me to keep the original receipt.","Scenario: I am giving renovation clerk proof for a tile saw. The clerk stores a scan and returns no paper, while the motor warranty packet does not ask me to keep the original receipt. What should I give renovation clerk?
Option1: The original receipt
Option2: A printed copy of the receipt
Question: Which one should I choose? Answer 1 for Option1 and 2 for Option2.

Evaluation answer protocol (this overrides earlier answer wording):
1 = Option1
2 = Option2
You must choose Option1 or Option2. Output only 1 or 2; never output 3.",True,Negated 'asks' with 'does not ask' to minimally negate the proposition within the target span while preserving the rest of the sentence structure.,1,-0.6061358035703156,-0.7884573603642702,,0.5454545454545454,0.45454545454545453,,0.18232155679395456,False,False,True,False,True,
54,1,-0.5260930958967791,-0.8938178760220964,0.5909090909090909,0.4090909090909091,sampling,6,0,1,1,1,True,negation_nonflip,2,True,5,to keep the original receipt.,147,176,"Scenario: I am giving renovation clerk proof for a tile saw. The clerk stores a scan and returns no paper, while the motor warranty packet asks me What should I give renovation clerk?
Option1: The original receipt
Option2: A printed copy of the receipt
Question: Which one should I choose? Answer 1 for Option1 and 2 for Option2.

Evaluation answer protocol (this overrides earlier answer wording):
1 = Option1
2 = Option2
3 = after the deletion, the remaining scenario does not determine either Option1 or Option2
Output only 1, 2, or 3.",1,-0.3022808718729337,-1.5260563034950494,-3.1354942159291497,0.7391304347826086,0.21739130434782608,0.043478260869565216,1.2237754316221157,False,False,True,False,False,deletion neither uncertain nor option flip,False,,,,deletion neither uncertain nor option flip,,,,,,,,,,,,,,
55,2,-3.0910424533583156,-0.04652001563489282,0.045454545454545456,0.9545454545454546,sampling,4,0,1,1,1,False,all_negations_flip,1,True,0,I am documenting a dehumidifier purchase,10,50,"Scenario with the tenant-support clerk. The clerk scans proof pages and discards them, while the manufacturer rebate requires the original dated receipt. What should I hand to the tenant-support clerk?
Option1: A printed copy of the dated receipt
Option2: The original dated receipt
Question: Which one should I choose? Answer 1 for Option1 and 2 for Option2.

Evaluation answer protocol (this overrides earlier answer wording):
1 = Option1
2 = Option2
3 = after the deletion, the remaining scenario does not determine either Option1 or Option2
Output only 1, 2, or 3.",2,-1.5260563034950494,-0.3022808718729337,-3.1354942159291497,0.21739130434782608,0.7391304347826086,0.043478260869565216,1.2237754316221157,False,False,True,False,False,deletion neither uncertain nor option flip,False,,,,deletion neither uncertain nor option flip,,,,,,,,,,,,,,
55,2,-3.0910424533583156,-0.04652001563489282,0.045454545454545456,0.9545454545454546,sampling,4,0,1,1,1,False,all_negations_flip,1,True,1,with the tenant-support clerk.,51,81,"Scenario: I am documenting a dehumidifier purchase The clerk scans proof pages and discards them, while the manufacturer rebate requires the original dated receipt. What should I hand to the tenant-support clerk?
Option1: A printed copy of the dated receipt
Option2: The original dated receipt
Question: Which one should I choose? Answer 1 for Option1 and 2 for Option2.

Evaluation answer protocol (this overrides earlier answer wording):
1 = Option1
2 = Option2
3 = after the deletion, the remaining scenario does not determine either Option1 or Option2
Output only 1, 2, or 3.",2,-3.1354942159291497,-0.09097177820572676,-3.1354942159291497,0.043478260869565216,0.9130434782608695,0.043478260869565216,3.044522437723423,False,False,True,False,False,deletion neither uncertain nor option flip,False,,,,deletion neither uncertain nor option flip,,,,,,,,,,,,,,
55,2,-3.0910424533583156,-0.04652001563489282,0.045454545454545456,0.9545454545454546,sampling,4,0,1,1,1,False,all_negations_flip,1,True,2,The clerk scans proof pages and discards them,82,127,"Scenario: I am documenting a dehumidifier purchase with the tenant-support clerk. while the manufacturer rebate requires the original dated receipt. What should I hand to the tenant-support clerk?
Option1: A printed copy of the dated receipt
Option2: The original dated receipt
Question: Which one should I choose? Answer 1 for Option1 and 2 for Option2.

Evaluation answer protocol (this overrides earlier answer wording):
1 = Option1
2 = Option2
3 = after the deletion, the remaining scenario does not determine either Option1 or Option2
Output only 1, 2, or 3.",2,-3.1354942159291497,-0.09097177820572676,-3.1354942159291497,0.043478260869565216,0.9130434782608695,0.043478260869565216,3.044522437723423,False,False,True,False,False,deletion neither uncertain nor option flip,False,,,,deletion neither uncertain nor option flip,,,,,,,,,,,,,,
55,2,-3.0910424533583156,-0.04652001563489282,0.045454545454545456,0.9545454545454546,sampling,4,0,1,1,1,False,all_negations_flip,1,True,3,while the manufacturer rebate requires the original dated receipt.,129,195,"Scenario: I am documenting a dehumidifier purchase with the tenant-support clerk. The clerk scans proof pages and discards them What should I hand to the tenant-support clerk?
Option1: A printed copy of the dated receipt
Option2: The original dated receipt
Question: Which one should I choose? Answer 1 for Option1 and 2 for Option2.

Evaluation answer protocol (this overrides earlier answer wording):
1 = Option1
2 = Option2
3 = after the deletion, the remaining scenario does not determine either Option1 or Option2
Output only 1, 2, or 3.",1,-0.570544858467613,-0.9382696385929302,-3.1354942159291497,0.5652173913043478,0.391304347826087,0.043478260869565216,0.3677247801253172,False,True,False,True,True,delete_person_flip,True,"The clerk scans proof pages and discards them, while the manufacturer rebate does not require the original dated receipt. What should I hand to the tenant-support clerk?","Scenario: I am documenting a dehumidifier purchase with the tenant-support clerk. The clerk scans proof pages and discards them, while the manufacturer rebate does not require the original dated receipt. What should I hand to the tenant-support clerk?
Option1: A printed copy of the dated receipt
Option2: The original dated receipt
Question: Which one should I choose? Answer 1 for Option1 and 2 for Option2.

Evaluation answer protocol (this overrides earlier answer wording):
1 = Option1
2 = Option2
You must choose Option1 or Option2. Output only 1 or 2; never output 3.",True,"Minimal negation applied to the verb phrase 'requires' within the target span. All other entities (clerk, proof pages, manufacturer rebate, original dated receipt) and structural elements are preserved.",1,-0.04652001563489282,-3.0910424533583156,,0.9545454545454546,0.045454545454545456,,3.044522437723423,False,True,False,True,True,
56,1,-0.04652001563489282,-3.0910424533583156,0.9545454545454546,0.045454545454545456,sampling,4,0,1,1,1,False,all_negations_flip,2,True,0,I am adding a washer purchase,10,39,"Scenario to my building file. The office scans sheets and shreds them, while the rebate form asks for the original receipt. What should I hand to the building office?
Option1: The original washer receipt
Option2: A copy of the washer receipt
Question: Which one should I choose? Answer 1 for Option1 and 2 for Option2.

Evaluation answer protocol (this overrides earlier answer wording):
1 = Option1
2 = Option2
3 = after the deletion, the remaining scenario does not determine either Option1 or Option2
Output only 1, 2, or 3.",1,-0.09097177820572676,-3.1354942159291497,-3.1354942159291497,0.9130434782608695,0.043478260869565216,0.043478260869565216,3.044522437723423,False,False,True,False,False,deletion neither uncertain nor option flip,False,,,,deletion neither uncertain nor option flip,,,,,,,,,,,,,,
56,1,-0.04652001563489282,-3.0910424533583156,0.9545454545454546,0.045454545454545456,sampling,4,0,1,1,1,False,all_negations_flip,2,True,1,to my building file.,40,60,"Scenario: I am adding a washer purchase The office scans sheets and shreds them, while the rebate form asks for the original receipt. What should I hand to the building office?
Option1: The original washer receipt
Option2: A copy of the washer receipt
Question: Which one should I choose? Answer 1 for Option1 and 2 for Option2.

Evaluation answer protocol (this overrides earlier answer wording):
1 = Option1
2 = Option2
3 = after the deletion, the remaining scenario does not determine either Option1 or Option2
Output only 1, 2, or 3.",1,-0.19105523676270922,-2.03688192726104,-3.1354942159291497,0.8260869565217391,0.13043478260869565,0.043478260869565216,1.845826690498331,False,False,True,False,False,deletion neither uncertain nor option flip,False,,,,deletion neither uncertain nor option flip,,,,,,,,,,,,,,
56,1,-0.04652001563489282,-3.0910424533583156,0.9545454545454546,0.045454545454545456,sampling,4,0,1,1,1,False,all_negations_flip,2,True,2,The office scans sheets and shreds them,61,100,"Scenario: I am adding a washer purchase to my building file. while the rebate form asks for the original receipt. What should I hand to the building office?
Option1: The original washer receipt
Option2: A copy of the washer receipt
Question: Which one should I choose? Answer 1 for Option1 and 2 for Option2.

Evaluation answer protocol (this overrides earlier answer wording):
1 = Option1
2 = Option2
3 = after the deletion, the remaining scenario does not determine either Option1 or Option2
Output only 1, 2, or 3.",1,-0.09097177820572676,-3.1354942159291497,-3.1354942159291497,0.9130434782608695,0.043478260869565216,0.043478260869565216,3.044522437723423,False,False,True,False,False,deletion neither uncertain nor option flip,False,,,,deletion neither uncertain nor option flip,,,,,,,,,,,,,,
56,1,-0.04652001563489282,-3.0910424533583156,0.9545454545454546,0.045454545454545456,sampling,4,0,1,1,1,False,all_negations_flip,2,True,3,while the rebate form asks for the original receipt.,102,154,"Scenario: I am adding a washer purchase to my building file. The office scans sheets and shreds them What should I hand to the building office?
Option1: The original washer receipt
Option2: A copy of the washer receipt
Question: Which one should I choose? Answer 1 for Option1 and 2 for Option2.

Evaluation answer protocol (this overrides earlier answer wording):
1 = Option1
2 = Option2
3 = after the deletion, the remaining scenario does not determine either Option1 or Option2
Output only 1, 2, or 3.",2,-1.0560526742493137,-0.496436886313891,-3.1354942159291497,0.34782608695652173,0.6086956521739131,0.043478260869565216,0.5596157879354227,False,True,False,True,True,delete_person_flip,True,"The office scans sheets and shreds them, while the rebate form does not ask for the original receipt. What should I hand to the building office?","Scenario: I am adding a washer purchase to my building file. The office scans sheets and shreds them, while the rebate form does not ask for the original receipt. What should I hand to the building office?
Option1: The original washer receipt
Option2: A copy of the washer receipt
Question: Which one should I choose? Answer 1 for Option1 and 2 for Option2.

Evaluation answer protocol (this overrides earlier answer wording):
1 = Option1
2 = Option2
You must choose Option1 or Option2. Output only 1 or 2; never output 3.",True,Added 'not' before 'ask' to negate the proposition within the target span.,2,-3.0910424533583156,-0.04652001563489282,,0.045454545454545456,0.9545454545454546,,3.044522437723423,False,True,False,True,True,
57,1,-0.04652001563489282,-3.0910424533583156,0.9545454545454546,0.045454545454545456,sampling,6,0,2,2,2,True,negation_nonflip,1,False,0,The marina approved my jet-ski repair,10,47,"Scenario but intake has to scan the hull number and record engine hours before opening the bay ticket. The counter is near the launch ramp. Should I bring the jet ski to intake or walk to the counter?
Option1: Bring the jet ski to intake
Option2: Walk to the counter
Question: Which one should I choose? Answer 1 for Option1 and 2 for Option2.

Evaluation answer protocol (this overrides earlier answer wording):
1 = Option1
2 = Option2
3 = after the deletion, the remaining scenario does not determine either Option1 or Option2
Output only 1, 2, or 3.",1,-0.24512245803298496,-1.749199854809259,-3.1354942159291497,0.782608695652174,0.17391304347826086,0.043478260869565216,1.5040773967762742,False,False,True,False,False,deletion neither uncertain nor option flip,False,,,,deletion neither uncertain nor option flip,,,,,,,,,,,,,,
57,1,-0.04652001563489282,-3.0910424533583156,0.9545454545454546,0.045454545454545456,sampling,6,0,2,2,2,True,negation_nonflip,1,False,1,but intake has,49,63,"Scenario: The marina approved my jet-ski repair to scan the hull number and record engine hours before opening the bay ticket. The counter is near the launch ramp. Should I bring the jet ski to intake or walk to the counter?
Option1: Bring the jet ski to intake
Option2: Walk to the counter
Question: Which one should I choose? Answer 1 for Option1 and 2 for Option2.

Evaluation answer protocol (this overrides earlier answer wording):
1 = Option1
2 = Option2
3 = after the deletion, the remaining scenario does not determine either Option1 or Option2
Output only 1, 2, or 3.",2,-1.3437347467010947,-0.3629054936893685,-3.1354942159291497,0.2608695652173913,0.6956521739130435,0.043478260869565216,0.9808292530117262,False,True,False,True,True,delete_person_flip,True,"Scenario: The marina approved my jet-ski repair, but intake does not have to scan the hull number and record engine hours before opening the bay ticket.","Scenario: The marina approved my jet-ski repair, but intake does not have to scan the hull number and record engine hours before opening the bay ticket. The counter is near the launch ramp. Should I bring the jet ski to intake or walk to the counter?
Option1: Bring the jet ski to intake
Option2: Walk to the counter
Question: Which one should I choose? Answer 1 for Option1 and 2 for Option2.

Evaluation answer protocol (this overrides earlier answer wording):
1 = Option1
2 = Option2
You must choose Option1 or Option2. Output only 1 or 2; never output 3.",True,Negated 'has' with 'does not have' to minimally negate the obligation expressed in the target span while preserving all other facts.,1,-0.3184537311185346,-1.2992829841302609,,0.7272727272727273,0.2727272727272727,,0.9808292530117263,False,False,True,False,True,
57,1,-0.04652001563489282,-3.0910424533583156,0.9545454545454546,0.045454545454545456,sampling,6,0,2,2,2,True,negation_nonflip,1,False,2,to scan the hull number,64,87,"Scenario: The marina approved my jet-ski repair, but intake has record engine hours before opening the bay ticket. The counter is near the launch ramp. Should I bring the jet ski to intake or walk to the counter?
Option1: Bring the jet ski to intake
Option2: Walk to the counter
Question: Which one should I choose? Answer 1 for Option1 and 2 for Option2.

Evaluation answer protocol (this overrides earlier answer wording):
1 = Option1
2 = Option2
3 = after the deletion, the remaining scenario does not determine either Option1 or Option2
Output only 1, 2, or 3.",2,-0.832909122935104,-0.6505875661411494,-3.1354942159291497,0.43478260869565216,0.5217391304347826,0.043478260869565216,0.18232155679395456,False,True,False,True,True,delete_person_flip,True,"Scenario: The marina approved my jet-ski repair, but intake has to not scan the hull number and record engine hours before opening the bay ticket.","Scenario: The marina approved my jet-ski repair, but intake has to not scan the hull number and record engine hours before opening the bay ticket. The counter is near the launch ramp. Should I bring the jet ski to intake or walk to the counter?
Option1: Bring the jet ski to intake
Option2: Walk to the counter
Question: Which one should I choose? Answer 1 for Option1 and 2 for Option2.

Evaluation answer protocol (this overrides earlier answer wording):
1 = Option1
2 = Option2
You must choose Option1 or Option2. Output only 1 or 2; never output 3.",True,Negation added via 'not' directly preceding the target verb phrase 'scan the hull number' to minimally negate the proposition while preserving surrounding entities and facts.,1,-0.3184537311185346,-1.2992829841302609,,0.7272727272727273,0.2727272727272727,,0.9808292530117263,False,False,True,False,True,
57,1,-0.04652001563489282,-3.0910424533583156,0.9545454545454546,0.045454545454545456,sampling,6,0,2,2,2,True,negation_nonflip,1,False,3,and record engine hours,88,111,"Scenario: The marina approved my jet-ski repair, but intake has to scan the hull number before opening the bay ticket. The counter is near the launch ramp. Should I bring the jet ski to intake or walk to the counter?
Option1: Bring the jet ski to intake
Option2: Walk to the counter
Question: Which one should I choose? Answer 1 for Option1 and 2 for Option2.

Evaluation answer protocol (this overrides earlier answer wording):
1 = Option1
2 = Option2
3 = after the deletion, the remaining scenario does not determine either Option1 or Option2
Output only 1, 2, or 3.",1,-0.09097177820572676,-3.1354942159291497,-3.1354942159291497,0.9130434782608695,0.043478260869565216,0.043478260869565216,3.044522437723423,False,False,True,False,False,deletion neither uncertain nor option flip,False,,,,deletion neither uncertain nor option flip,,,,,,,,,,,,,,
57,1,-0.04652001563489282,-3.0910424533583156,0.9545454545454546,0.045454545454545456,sampling,6,0,2,2,2,True,negation_nonflip,1,False,4,before opening the bay ticket.,112,142,"Scenario: The marina approved my jet-ski repair, but intake has to scan the hull number and record engine hours The counter is near the launch ramp. Should I bring the jet ski to intake or walk to the counter?
Option1: Bring the jet ski to intake
Option2: Walk to the counter
Question: Which one should I choose? Answer 1 for Option1 and 2 for Option2.

Evaluation answer protocol (this overrides earlier answer wording):
1 = Option1
2 = Option2
3 = after the deletion, the remaining scenario does not determine either Option1 or Option2
Output only 1, 2, or 3.",1,-0.09097177820572676,-3.1354942159291497,-3.1354942159291497,0.9130434782608695,0.043478260869565216,0.043478260869565216,3.044522437723423,False,False,True,False,False,deletion neither uncertain nor option flip,False,,,,deletion neither uncertain nor option flip,,,,,,,,,,,,,,
57,1,-0.04652001563489282,-3.0910424533583156,0.9545454545454546,0.045454545454545456,sampling,6,0,2,2,2,True,negation_nonflip,1,False,5,The counter is near the launch ramp.,143,179,"Scenario: The marina approved my jet-ski repair, but intake has to scan the hull number and record engine hours before opening the bay ticket. Should I bring the jet ski to intake or walk to the counter?
Option1: Bring the jet ski to intake
Option2: Walk to the counter
Question: Which one should I choose? Answer 1 for Option1 and 2 for Option2.

Evaluation answer protocol (this overrides earlier answer wording):
1 = Option1
2 = Option2
3 = after the deletion, the remaining scenario does not determine either Option1 or Option2
Output only 1, 2, or 3.",1,-0.09097177820572676,-3.1354942159291497,-3.1354942159291497,0.9130434782608695,0.043478260869565216,0.043478260869565216,3.044522437723423,False,False,True,False,False,deletion neither uncertain nor option flip,False,,,,deletion neither uncertain nor option flip,,,,,,,,,,,,,,
58,2,-3.0910424533583156,-0.04652001563489282,0.045454545454545456,0.9545454545454546,sampling,3,0,0,0,0,False,no_informative_deletion,2,False,0,I need to enter a supply closet.,10,42,"Scenario The manager says the door logs entries only through the assigned badge scan. What should I use?
Option1: Show a printed authorization note
Option2: Scan the assigned badge
Question: Which one should I choose? Answer 1 for Option1 and 2 for Option2.

Evaluation answer protocol (this overrides earlier answer wording):
1 = Option1
2 = Option2
3 = after the deletion, the remaining scenario does not determine either Option1 or Option2
Output only 1, 2, or 3.",2,-3.1354942159291497,-0.09097177820572676,-3.1354942159291497,0.043478260869565216,0.9130434782608695,0.043478260869565216,3.044522437723423,False,False,True,False,False,deletion neither uncertain nor option flip,False,,,,deletion neither uncertain nor option flip,,,,,,,,,,,,,,
58,2,-3.0910424533583156,-0.04652001563489282,0.045454545454545456,0.9545454545454546,sampling,3,0,0,0,0,False,no_informative_deletion,2,False,1,The manager says the door logs entries only,43,86,"Scenario: I need to enter a supply closet. through the assigned badge scan. What should I use?
Option1: Show a printed authorization note
Option2: Scan the assigned badge
Question: Which one should I choose? Answer 1 for Option1 and 2 for Option2.

Evaluation answer protocol (this overrides earlier answer wording):
1 = Option1
2 = Option2
3 = after the deletion, the remaining scenario does not determine either Option1 or Option2
Output only 1, 2, or 3.",2,-3.1354942159291497,-0.09097177820572676,-3.1354942159291497,0.043478260869565216,0.9130434782608695,0.043478260869565216,3.044522437723423,False,False,True,False,False,deletion neither uncertain nor option flip,False,,,,deletion neither uncertain nor option flip,,,,,,,,,,,,,,
58,2,-3.0910424533583156,-0.04652001563489282,0.045454545454545456,0.9545454545454546,sampling,3,0,0,0,0,False,no_informative_deletion,2,False,2,through the assigned badge scan.,87,119,"Scenario: I need to enter a supply closet. The manager says the door logs entries only What should I use?
Option1: Show a printed authorization note
Option2: Scan the assigned badge
Question: Which one should I choose? Answer 1 for Option1 and 2 for Option2.

Evaluation answer protocol (this overrides earlier answer wording):
1 = Option1
2 = Option2
3 = after the deletion, the remaining scenario does not determine either Option1 or Option2
Output only 1, 2, or 3.",2,-3.1354942159291497,-0.09097177820572676,-3.1354942159291497,0.043478260869565216,0.9130434782608695,0.043478260869565216,3.044522437723423,False,False,True,False,False,deletion neither uncertain nor option flip,False,,,,deletion neither uncertain nor option flip,,,,,,,,,,,,,,
59,2,-1.0116009116784799,-0.45198512374305727,0.36363636363636365,0.6363636363636364,sampling,7,0,3,3,3,True,negation_nonflip,1,True,0,My boat trailer lights flicker when braking,10,53,"Scenario and the shop wants to plug the trailer into their tester and load the circuit. The marina store is a short walk from my dock. Should I walk to the store or tow the trailer there?
Option1: Tow the trailer there
Option2: Walk to the store
Question: Which one should I choose? Answer 1 for Option1 and 2 for Option2.

Evaluation answer protocol (this overrides earlier answer wording):
1 = Option1
2 = Option2
3 = after the deletion, the remaining scenario does not determine either Option1 or Option2
Output only 1, 2, or 3.",2,-2.4423470353692043,-0.13976194237515874,-3.1354942159291497,0.08695652173913043,0.8695652173913043,0.043478260869565216,2.3025850929940455,False,False,True,False,False,deletion neither uncertain nor option flip,False,,,,deletion neither uncertain nor option flip,,,,,,,,,,,,,,
59,2,-1.0116009116784799,-0.45198512374305727,0.36363636363636365,0.6363636363636364,sampling,7,0,3,3,3,True,negation_nonflip,1,True,1,and the shop wants,55,73,"Scenario: My boat trailer lights flicker when braking to plug the trailer into their tester and load the circuit. The marina store is a short walk from my dock. Should I walk to the store or tow the trailer there?
Option1: Tow the trailer there
Option2: Walk to the store
Question: Which one should I choose? Answer 1 for Option1 and 2 for Option2.

Evaluation answer protocol (this overrides earlier answer wording):
1 = Option1
2 = Option2
3 = after the deletion, the remaining scenario does not determine either Option1 or Option2
Output only 1, 2, or 3.",2,-3.1354942159291497,-0.09097177820572676,-3.1354942159291497,0.043478260869565216,0.9130434782608695,0.043478260869565216,3.044522437723423,False,False,True,False,False,deletion neither uncertain nor option flip,False,,,,deletion neither uncertain nor option flip,,,,,,,,,,,,,,
59,2,-1.0116009116784799,-0.45198512374305727,0.36363636363636365,0.6363636363636364,sampling,7,0,3,3,3,True,negation_nonflip,1,True,2,to plug the trailer,74,93,"Scenario: My boat trailer lights flicker when braking, and the shop wants into their tester and load the circuit. The marina store is a short walk from my dock. Should I walk to the store or tow the trailer there?
Option1: Tow the trailer there
Option2: Walk to the store
Question: Which one should I choose? Answer 1 for Option1 and 2 for Option2.

Evaluation answer protocol (this overrides earlier answer wording):
1 = Option1
2 = Option2
3 = after the deletion, the remaining scenario does not determine either Option1 or Option2
Output only 1, 2, or 3.",2,-3.1354942159291497,-0.09097177820572676,-3.1354942159291497,0.043478260869565216,0.9130434782608695,0.043478260869565216,3.044522437723423,False,False,True,False,False,deletion neither uncertain nor option flip,False,,,,deletion neither uncertain nor option flip,,,,,,,,,,,,,,
59,2,-1.0116009116784799,-0.45198512374305727,0.36363636363636365,0.6363636363636364,sampling,7,0,3,3,3,True,negation_nonflip,1,True,3,into their tester,94,111,"Scenario: My boat trailer lights flicker when braking, and the shop wants to plug the trailer load the circuit. The marina store is a short walk from my dock. Should I walk to the store or tow the trailer there?
Option1: Tow the trailer there
Option2: Walk to the store
Question: Which one should I choose? Answer 1 for Option1 and 2 for Option2.

Evaluation answer protocol (this overrides earlier answer wording):
1 = Option1
2 = Option2
3 = after the deletion, the remaining scenario does not determine either Option1 or Option2
Output only 1, 2, or 3.",2,-3.1354942159291497,-0.09097177820572676,-3.1354942159291497,0.043478260869565216,0.9130434782608695,0.043478260869565216,3.044522437723423,False,False,True,False,False,deletion neither uncertain nor option flip,False,,,,deletion neither uncertain nor option flip,,,,,,,,,,,,,,
59,2,-1.0116009116784799,-0.45198512374305727,0.36363636363636365,0.6363636363636364,sampling,7,0,3,3,3,True,negation_nonflip,1,True,4,and load the circuit.,112,133,"Scenario: My boat trailer lights flicker when braking, and the shop wants to plug the trailer into their tester The marina store is a short walk from my dock. Should I walk to the store or tow the trailer there?
Option1: Tow the trailer there
Option2: Walk to the store
Question: Which one should I choose? Answer 1 for Option1 and 2 for Option2.

Evaluation answer protocol (this overrides earlier answer wording):
1 = Option1
2 = Option2
3 = after the deletion, the remaining scenario does not determine either Option1 or Option2
Output only 1, 2, or 3.",1,-0.4274440148269396,-1.1895840668738362,-3.1354942159291497,0.6521739130434783,0.30434782608695654,0.043478260869565216,0.7621400520468966,False,True,False,True,True,delete_person_flip,True,"Scenario: My boat trailer lights flicker when braking, and the shop wants to plug the trailer into their tester but not load the circuit. The marina store is a short walk from my dock.","Scenario: My boat trailer lights flicker when braking, and the shop wants to plug the trailer into their tester but not load the circuit. The marina store is a short walk from my dock. Should I walk to the store or tow the trailer there?
Option1: Tow the trailer there
Option2: Walk to the store
Question: Which one should I choose? Answer 1 for Option1 and 2 for Option2.

Evaluation answer protocol (this overrides earlier answer wording):
1 = Option1
2 = Option2
You must choose Option1 or Option2. Output only 1 or 2; never output 3.",True,Negated 'load the circuit' with 'but not load the circuit' to minimally negate the action while preserving the preceding clause and entities.,2,-1.1451323043030026,-0.38299225225610584,,0.3181818181818182,0.6818181818181818,,0.7621400520468968,False,False,True,False,True,
59,2,-1.0116009116784799,-0.45198512374305727,0.36363636363636365,0.6363636363636364,sampling,7,0,3,3,3,True,negation_nonflip,1,True,5,The marina store is a short walk,134,166,"Scenario: My boat trailer lights flicker when braking, and the shop wants to plug the trailer into their tester and load the circuit. from my dock. Should I walk to the store or tow the trailer there?
Option1: Tow the trailer there
Option2: Walk to the store
Question: Which one should I choose? Answer 1 for Option1 and 2 for Option2.

Evaluation answer protocol (this overrides earlier answer wording):
1 = Option1
2 = Option2
3 = after the deletion, the remaining scenario does not determine either Option1 or Option2
Output only 1, 2, or 3.",1,-0.09097177820572676,-3.1354942159291497,-3.1354942159291497,0.9130434782608695,0.043478260869565216,0.043478260869565216,3.044522437723423,False,True,False,True,True,delete_person_flip,True,The marina store is not a short walk from my dock.,"Scenario: My boat trailer lights flicker when braking, and the shop wants to plug the trailer into their tester and load the circuit. The marina store is not a short walk from my dock. Should I walk to the store or tow the trailer there?
Option1: Tow the trailer there
Option2: Walk to the store
Question: Which one should I choose? Answer 1 for Option1 and 2 for Option2.

Evaluation answer protocol (this overrides earlier answer wording):
1 = Option1
2 = Option2
You must choose Option1 or Option2. Output only 1 or 2; never output 3.",True,Negated the predicate 'is' to 'is not' to minimally negate the proposition that the distance is short.,1,-0.2578291093020998,-1.4816045409242156,,0.7727272727272727,0.22727272727272727,,1.2237754316221157,False,True,False,True,True,
59,2,-1.0116009116784799,-0.45198512374305727,0.36363636363636365,0.6363636363636364,sampling,7,0,3,3,3,True,negation_nonflip,1,True,6,from my dock.,167,180,"Scenario: My boat trailer lights flicker when braking, and the shop wants to plug the trailer into their tester and load the circuit. The marina store is a short walk Should I walk to the store or tow the trailer there?
Option1: Tow the trailer there
Option2: Walk to the store
Question: Which one should I choose? Answer 1 for Option1 and 2 for Option2.

Evaluation answer protocol (this overrides earlier answer wording):
1 = Option1
2 = Option2
3 = after the deletion, the remaining scenario does not determine either Option1 or Option2
Output only 1, 2, or 3.",1,-0.24512245803298496,-1.749199854809259,-3.1354942159291497,0.782608695652174,0.17391304347826086,0.043478260869565216,1.5040773967762742,False,True,False,True,True,delete_person_flip,True,The marina store is not a short walk from my dock. Should I walk to the store or tow the trailer there?,"Scenario: My boat trailer lights flicker when braking, and the shop wants to plug the trailer into their tester and load the circuit. The marina store is not a short walk from my dock. Should I walk to the store or tow the trailer there?
Option1: Tow the trailer there
Option2: Walk to the store
Question: Which one should I choose? Answer 1 for Option1 and 2 for Option2.

Evaluation answer protocol (this overrides earlier answer wording):
1 = Option1
2 = Option2
You must choose Option1 or Option2. Output only 1 or 2; never output 3.",True,Negated the predicate 'is' with 'is not' within the target span's context to minimize grammatical change while preserving all other entities and facts.,1,-0.2578291093020998,-1.4816045409242156,,0.7727272727272727,0.22727272727272727,,1.2237754316221157,False,True,False,True,True,
60,1,-0.38299225225610584,-1.1451323043030026,0.6818181818181818,0.3181818181818182,sampling,5,0,1,1,1,True,negation_nonflip,2,True,0,The outboard campaign is listed as eligible.,10,54,"Scenario The technician is at the service slip to scan the motor serial plate and read hours from the boat display. Should I bring the boat to the slip or walk there without it?
Option1: Walk to the slip without the boat
Option2: Bring the boat to the slip
Question: Which one should I choose? Answer 1 for Option1 and 2 for Option2.

Evaluation answer protocol (this overrides earlier answer wording):
1 = Option1
2 = Option2
3 = after the deletion, the remaining scenario does not determine either Option1 or Option2
Output only 1, 2, or 3.",2,-1.0560526742493137,-0.496436886313891,-3.1354942159291497,0.34782608695652173,0.6086956521739131,0.043478260869565216,0.5596157879354227,False,True,False,True,True,delete_person_flip,True,Scenario: The outboard campaign is not listed as eligible. The technician is at the service slip to scan the motor serial plate and read hours from the boat display.,"Scenario: The outboard campaign is not listed as eligible. The technician is at the service slip to scan the motor serial plate and read hours from the boat display. Should I bring the boat to the slip or walk there without it?
Option1: Walk to the slip without the boat
Option2: Bring the boat to the slip
Question: Which one should I choose? Answer 1 for Option1 and 2 for Option2.

Evaluation answer protocol (this overrides earlier answer wording):
1 = Option1
2 = Option2
You must choose Option1 or Option2. Output only 1 or 2; never output 3.",True,"Negated 'is' with 'is not' to minimally negate the proposition while preserving all other entities, facts, and structure.",1,-0.2578291093020998,-1.4816045409242156,,0.7727272727272727,0.22727272727272727,,1.2237754316221157,False,False,True,False,True,
60,1,-0.38299225225610584,-1.1451323043030026,0.6818181818181818,0.3181818181818182,sampling,5,0,1,1,1,True,negation_nonflip,2,True,1,The technician is at the service slip,55,92,"Scenario: The outboard campaign is listed as eligible. to scan the motor serial plate and read hours from the boat display. Should I bring the boat to the slip or walk there without it?
Option1: Walk to the slip without the boat
Option2: Bring the boat to the slip
Question: Which one should I choose? Answer 1 for Option1 and 2 for Option2.

Evaluation answer protocol (this overrides earlier answer wording):
1 = Option1
2 = Option2
3 = after the deletion, the remaining scenario does not determine either Option1 or Option2
Output only 1, 2, or 3.",1,-0.570544858467613,-0.9382696385929302,-3.1354942159291497,0.5652173913043478,0.391304347826087,0.043478260869565216,0.3677247801253172,False,False,True,False,False,deletion neither uncertain nor option flip,False,,,,deletion neither uncertain nor option flip,,,,,,,,,,,,,,
60,1,-0.38299225225610584,-1.1451323043030026,0.6818181818181818,0.3181818181818182,sampling,5,0,1,1,1,True,negation_nonflip,2,True,2,to scan the motor serial plate,93,123,"Scenario: The outboard campaign is listed as eligible. The technician is at the service slip read hours from the boat display. Should I bring the boat to the slip or walk there without it?
Option1: Walk to the slip without the boat
Option2: Bring the boat to the slip
Question: Which one should I choose? Answer 1 for Option1 and 2 for Option2.

Evaluation answer protocol (this overrides earlier answer wording):
1 = Option1
2 = Option2
3 = after the deletion, the remaining scenario does not determine either Option1 or Option2
Output only 1, 2, or 3.",,-0.7375989431307791,-0.7375989431307791,-3.1354942159291497,0.4782608695652174,0.4782608695652174,0.043478260869565216,0.0,False,False,False,,False,deletion neither uncertain nor option flip,False,,,,deletion neither uncertain nor option flip,,,,,,,,,,,,,,
60,1,-0.38299225225610584,-1.1451323043030026,0.6818181818181818,0.3181818181818182,sampling,5,0,1,1,1,True,negation_nonflip,2,True,3,and read hours,124,138,"Scenario: The outboard campaign is listed as eligible. The technician is at the service slip to scan the motor serial plate from the boat display. Should I bring the boat to the slip or walk there without it?
Option1: Walk to the slip without the boat
Option2: Bring the boat to the slip
Question: Which one should I choose? Answer 1 for Option1 and 2 for Option2.

Evaluation answer protocol (this overrides earlier answer wording):
1 = Option1
2 = Option2
3 = after the deletion, the remaining scenario does not determine either Option1 or Option2
Output only 1, 2, or 3.",1,-0.13976194237515874,-2.4423470353692043,-3.1354942159291497,0.8695652173913043,0.08695652173913043,0.043478260869565216,2.3025850929940455,False,False,True,False,False,deletion neither uncertain nor option flip,False,,,,deletion neither uncertain nor option flip,,,,,,,,,,,,,,
60,1,-0.38299225225610584,-1.1451323043030026,0.6818181818181818,0.3181818181818182,sampling,5,0,1,1,1,True,negation_nonflip,2,True,4,from the boat display.,139,161,"Scenario: The outboard campaign is listed as eligible. The technician is at the service slip to scan the motor serial plate and read hours Should I bring the boat to the slip or walk there without it?
Option1: Walk to the slip without the boat
Option2: Bring the boat to the slip
Question: Which one should I choose? Answer 1 for Option1 and 2 for Option2.

Evaluation answer protocol (this overrides earlier answer wording):
1 = Option1
2 = Option2
3 = after the deletion, the remaining scenario does not determine either Option1 or Option2
Output only 1, 2, or 3.",1,-0.496436886313891,-1.0560526742493137,-3.1354942159291497,0.6086956521739131,0.34782608695652173,0.043478260869565216,0.5596157879354227,False,False,True,False,False,deletion neither uncertain nor option flip,False,,,,deletion neither uncertain nor option flip,,,,,,,,,,,,,,
61,1,-0.04652001563489282,-3.0910424533583156,0.9545454545454546,0.045454545454545456,sampling,4,0,0,0,0,False,no_informative_deletion,1,False,0,I am returning temperature-sensitive vaccine packs,10,60,"Scenario after an outreach clinic. The pharmacy says packs must be scanned into the back cold room immediately. Where should I deliver it?
Option1: Bring them to the back cold-room intake
Option2: Leave them at the public checkout counter
Question: Which one should I choose? Answer 1 for Option1 and 2 for Option2.

Evaluation answer protocol (this overrides earlier answer wording):
1 = Option1
2 = Option2
3 = after the deletion, the remaining scenario does not determine either Option1 or Option2
Output only 1, 2, or 3.",1,-0.09097177820572676,-3.1354942159291497,-3.1354942159291497,0.9130434782608695,0.043478260869565216,0.043478260869565216,3.044522437723423,False,False,True,False,False,deletion neither uncertain nor option flip,False,,,,deletion neither uncertain nor option flip,,,,,,,,,,,,,,
61,1,-0.04652001563489282,-3.0910424533583156,0.9545454545454546,0.045454545454545456,sampling,4,0,0,0,0,False,no_informative_deletion,1,False,1,after an outreach clinic.,61,86,"Scenario: I am returning temperature-sensitive vaccine packs The pharmacy says packs must be scanned into the back cold room immediately. Where should I deliver it?
Option1: Bring them to the back cold-room intake
Option2: Leave them at the public checkout counter
Question: Which one should I choose? Answer 1 for Option1 and 2 for Option2.

Evaluation answer protocol (this overrides earlier answer wording):
1 = Option1
2 = Option2
3 = after the deletion, the remaining scenario does not determine either Option1 or Option2
Output only 1, 2, or 3.",1,-0.09097177820572676,-3.1354942159291497,-3.1354942159291497,0.9130434782608695,0.043478260869565216,0.043478260869565216,3.044522437723423,False,False,True,False,False,deletion neither uncertain nor option flip,False,,,,deletion neither uncertain nor option flip,,,,,,,,,,,,,,
61,1,-0.04652001563489282,-3.0910424533583156,0.9545454545454546,0.045454545454545456,sampling,4,0,0,0,0,False,no_informative_deletion,1,False,2,The pharmacy says packs must be scanned,87,126,"Scenario: I am returning temperature-sensitive vaccine packs after an outreach clinic. into the back cold room immediately. Where should I deliver it?
Option1: Bring them to the back cold-room intake
Option2: Leave them at the public checkout counter
Question: Which one should I choose? Answer 1 for Option1 and 2 for Option2.

Evaluation answer protocol (this overrides earlier answer wording):
1 = Option1
2 = Option2
3 = after the deletion, the remaining scenario does not determine either Option1 or Option2
Output only 1, 2, or 3.",1,-0.09097177820572676,-3.1354942159291497,-3.1354942159291497,0.9130434782608695,0.043478260869565216,0.043478260869565216,3.044522437723423,False,False,True,False,False,deletion neither uncertain nor option flip,False,,,,deletion neither uncertain nor option flip,,,,,,,,,,,,,,
61,1,-0.04652001563489282,-3.0910424533583156,0.9545454545454546,0.045454545454545456,sampling,4,0,0,0,0,False,no_informative_deletion,1,False,3,into the back cold room immediately.,127,163,"Scenario: I am returning temperature-sensitive vaccine packs after an outreach clinic. The pharmacy says packs must be scanned Where should I deliver it?
Option1: Bring them to the back cold-room intake
Option2: Leave them at the public checkout counter
Question: Which one should I choose? Answer 1 for Option1 and 2 for Option2.

Evaluation answer protocol (this overrides earlier answer wording):
1 = Option1
2 = Option2
3 = after the deletion, the remaining scenario does not determine either Option1 or Option2
Output only 1, 2, or 3.",1,-0.09097177820572676,-3.1354942159291497,-3.1354942159291497,0.9130434782608695,0.043478260869565216,0.043478260869565216,3.044522437723423,False,False,True,False,False,deletion neither uncertain nor option flip,False,,,,deletion neither uncertain nor option flip,,,,,,,,,,,,,,
62,2,-3.0910424533583156,-0.04652001563489282,0.045454545454545456,0.9545454545454546,sampling,4,0,0,0,0,False,no_informative_deletion,2,False,0,I am checking in a rolling whiteboard.,10,48,"Scenario The room-number tag must be attached to the back before staff move it inside. What should I bring to room intake?
Option1: Only the room-number tag
Option2: The whiteboard with the tag attached
Question: Which one should I choose? Answer 1 for Option1 and 2 for Option2.

Evaluation answer protocol (this overrides earlier answer wording):
1 = Option1
2 = Option2
3 = after the deletion, the remaining scenario does not determine either Option1 or Option2
Output only 1, 2, or 3.",2,-1.3437347467010947,-0.3629054936893685,-3.1354942159291497,0.2608695652173913,0.6956521739130435,0.043478260869565216,0.9808292530117262,False,False,True,False,False,deletion neither uncertain nor option flip,False,,,,deletion neither uncertain nor option flip,,,,,,,,,,,,,,
62,2,-3.0910424533583156,-0.04652001563489282,0.045454545454545456,0.9545454545454546,sampling,4,0,0,0,0,False,no_informative_deletion,2,False,1,The room-number tag must be attached,49,85,"Scenario: I am checking in a rolling whiteboard. to the back before staff move it inside. What should I bring to room intake?
Option1: Only the room-number tag
Option2: The whiteboard with the tag attached
Question: Which one should I choose? Answer 1 for Option1 and 2 for Option2.

Evaluation answer protocol (this overrides earlier answer wording):
1 = Option1
2 = Option2
3 = after the deletion, the remaining scenario does not determine either Option1 or Option2
Output only 1, 2, or 3.",2,-3.1354942159291497,-0.09097177820572676,-3.1354942159291497,0.043478260869565216,0.9130434782608695,0.043478260869565216,3.044522437723423,False,False,True,False,False,deletion neither uncertain nor option flip,False,,,,deletion neither uncertain nor option flip,,,,,,,,,,,,,,
62,2,-3.0910424533583156,-0.04652001563489282,0.045454545454545456,0.9545454545454546,sampling,4,0,0,0,0,False,no_informative_deletion,2,False,2,to the back,86,97,"Scenario: I am checking in a rolling whiteboard. The room-number tag must be attached before staff move it inside. What should I bring to room intake?
Option1: Only the room-number tag
Option2: The whiteboard with the tag attached
Question: Which one should I choose? Answer 1 for Option1 and 2 for Option2.

Evaluation answer protocol (this overrides earlier answer wording):
1 = Option1
2 = Option2
3 = after the deletion, the remaining scenario does not determine either Option1 or Option2
Output only 1, 2, or 3.",2,-3.1354942159291497,-0.09097177820572676,-3.1354942159291497,0.043478260869565216,0.9130434782608695,0.043478260869565216,3.044522437723423,False,False,True,False,False,deletion neither uncertain nor option flip,False,,,,deletion neither uncertain nor option flip,,,,,,,,,,,,,,
62,2,-3.0910424533583156,-0.04652001563489282,0.045454545454545456,0.9545454545454546,sampling,4,0,0,0,0,False,no_informative_deletion,2,False,3,before staff move it inside.,98,126,"Scenario: I am checking in a rolling whiteboard. The room-number tag must be attached to the back What should I bring to room intake?
Option1: Only the room-number tag
Option2: The whiteboard with the tag attached
Question: Which one should I choose? Answer 1 for Option1 and 2 for Option2.

Evaluation answer protocol (this overrides earlier answer wording):
1 = Option1
2 = Option2
3 = after the deletion, the remaining scenario does not determine either Option1 or Option2
Output only 1, 2, or 3.",,-0.7375989431307791,-0.7375989431307791,-3.1354942159291497,0.4782608695652174,0.4782608695652174,0.043478260869565216,0.0,False,False,False,,False,deletion neither uncertain nor option flip,False,,,,deletion neither uncertain nor option flip,,,,,,,,,,,,,,
63,1,-0.1466034741918754,-1.9924301646902063,0.8636363636363636,0.13636363636363635,sampling,4,0,0,0,0,False,no_informative_deletion,1,False,0,A delivery yard put my van on hold,10,44,"Scenario until security confirms the windshield RFID sticker matches the serial number in their system. The confirmation is done at the drive-through guard post. Should I walk to the guard post or drive the van through it?
Option1: Drive the van through it
Option2: Walk to the guard post
Question: Which one should I choose? Answer 1 for Option1 and 2 for Option2.

Evaluation answer protocol (this overrides earlier answer wording):
1 = Option1
2 = Option2
3 = after the deletion, the remaining scenario does not determine either Option1 or Option2
Output only 1, 2, or 3.",1,-0.09097177820572676,-3.1354942159291497,-3.1354942159291497,0.9130434782608695,0.043478260869565216,0.043478260869565216,3.044522437723423,False,False,True,False,False,deletion neither uncertain nor option flip,False,,,,deletion neither uncertain nor option flip,,,,,,,,,,,,,,
63,1,-0.1466034741918754,-1.9924301646902063,0.8636363636363636,0.13636363636363635,sampling,4,0,0,0,0,False,no_informative_deletion,1,False,1,until security confirms the windshield RFID sticker matches,45,104,"Scenario: A delivery yard put my van on hold the serial number in their system. The confirmation is done at the drive-through guard post. Should I walk to the guard post or drive the van through it?
Option1: Drive the van through it
Option2: Walk to the guard post
Question: Which one should I choose? Answer 1 for Option1 and 2 for Option2.

Evaluation answer protocol (this overrides earlier answer wording):
1 = Option1
2 = Option2
3 = after the deletion, the remaining scenario does not determine either Option1 or Option2
Output only 1, 2, or 3.",1,-0.09097177820572676,-3.1354942159291497,-3.1354942159291497,0.9130434782608695,0.043478260869565216,0.043478260869565216,3.044522437723423,False,False,True,False,False,deletion neither uncertain nor option flip,False,,,,deletion neither uncertain nor option flip,,,,,,,,,,,,,,
63,1,-0.1466034741918754,-1.9924301646902063,0.8636363636363636,0.13636363636363635,sampling,4,0,0,0,0,False,no_informative_deletion,1,False,2,the serial number in their system.,105,139,"Scenario: A delivery yard put my van on hold until security confirms the windshield RFID sticker matches The confirmation is done at the drive-through guard post. Should I walk to the guard post or drive the van through it?
Option1: Drive the van through it
Option2: Walk to the guard post
Question: Which one should I choose? Answer 1 for Option1 and 2 for Option2.

Evaluation answer protocol (this overrides earlier answer wording):
1 = Option1
2 = Option2
3 = after the deletion, the remaining scenario does not determine either Option1 or Option2
Output only 1, 2, or 3.",1,-0.09097177820572676,-3.1354942159291497,-3.1354942159291497,0.9130434782608695,0.043478260869565216,0.043478260869565216,3.044522437723423,False,False,True,False,False,deletion neither uncertain nor option flip,False,,,,deletion neither uncertain nor option flip,,,,,,,,,,,,,,
63,1,-0.1466034741918754,-1.9924301646902063,0.8636363636363636,0.13636363636363635,sampling,4,0,0,0,0,False,no_informative_deletion,1,False,3,The confirmation is done at the drive-through guard post.,140,197,"Scenario: A delivery yard put my van on hold until security confirms the windshield RFID sticker matches the serial number in their system. Should I walk to the guard post or drive the van through it?
Option1: Drive the van through it
Option2: Walk to the guard post
Question: Which one should I choose? Answer 1 for Option1 and 2 for Option2.

Evaluation answer protocol (this overrides earlier answer wording):
1 = Option1
2 = Option2
3 = after the deletion, the remaining scenario does not determine either Option1 or Option2
Output only 1, 2, or 3.",1,-0.496436886313891,-1.0560526742493137,-3.1354942159291497,0.6086956521739131,0.34782608695652173,0.043478260869565216,0.5596157879354227,False,False,True,False,False,deletion neither uncertain nor option flip,False,,,,deletion neither uncertain nor option flip,,,,,,,,,,,,,,
64,1,-0.1466034741918754,-1.9924301646902063,0.8636363636363636,0.13636363636363635,sampling,5,0,0,0,0,False,no_informative_deletion,1,False,0,The snowmobile warranty claim is accepted.,10,52,"Scenario The service runner is at the bay to photograph the chassis plate and hour meter before ordering the part. For this step, what should I do?
Option1: Haul the snowmobile to the bay
Option2: Walk to the bay without the snowmobile
Question: Which one should I choose? Answer 1 for Option1 and 2 for Option2.

Evaluation answer protocol (this overrides earlier answer wording):
1 = Option1
2 = Option2
3 = after the deletion, the remaining scenario does not determine either Option1 or Option2
Output only 1, 2, or 3.",1,-0.3022808718729337,-1.5260563034950494,-3.1354942159291497,0.7391304347826086,0.21739130434782608,0.043478260869565216,1.2237754316221157,False,False,True,False,False,deletion neither uncertain nor option flip,False,,,,deletion neither uncertain nor option flip,,,,,,,,,,,,,,
64,1,-0.1466034741918754,-1.9924301646902063,0.8636363636363636,0.13636363636363635,sampling,5,0,0,0,0,False,no_informative_deletion,1,False,1,The service runner is at the bay,53,85,"Scenario: The snowmobile warranty claim is accepted. to photograph the chassis plate and hour meter before ordering the part. For this step, what should I do?
Option1: Haul the snowmobile to the bay
Option2: Walk to the bay without the snowmobile
Question: Which one should I choose? Answer 1 for Option1 and 2 for Option2.

Evaluation answer protocol (this overrides earlier answer wording):
1 = Option1
2 = Option2
3 = after the deletion, the remaining scenario does not determine either Option1 or Option2
Output only 1, 2, or 3.",1,-0.6505875661411494,-0.832909122935104,-3.1354942159291497,0.5217391304347826,0.43478260869565216,0.043478260869565216,0.18232155679395456,False,False,True,False,False,deletion neither uncertain nor option flip,False,,,,deletion neither uncertain nor option flip,,,,,,,,,,,,,,
64,1,-0.1466034741918754,-1.9924301646902063,0.8636363636363636,0.13636363636363635,sampling,5,0,0,0,0,False,no_informative_deletion,1,False,2,to photograph the chassis plate,86,117,"Scenario: The snowmobile warranty claim is accepted. The service runner is at the bay hour meter before ordering the part. For this step, what should I do?
Option1: Haul the snowmobile to the bay
Option2: Walk to the bay without the snowmobile
Question: Which one should I choose? Answer 1 for Option1 and 2 for Option2.

Evaluation answer protocol (this overrides earlier answer wording):
1 = Option1
2 = Option2
3 = after the deletion, the remaining scenario does not determine either Option1 or Option2
Output only 1, 2, or 3.",1,-0.3629054936893685,-1.3437347467010947,-3.1354942159291497,0.6956521739130435,0.2608695652173913,0.043478260869565216,0.9808292530117262,False,False,True,False,False,deletion neither uncertain nor option flip,False,,,,deletion neither uncertain nor option flip,,,,,,,,,,,,,,
64,1,-0.1466034741918754,-1.9924301646902063,0.8636363636363636,0.13636363636363635,sampling,5,0,0,0,0,False,no_informative_deletion,1,False,3,and hour meter,118,132,"Scenario: The snowmobile warranty claim is accepted. The service runner is at the bay to photograph the chassis plate before ordering the part. For this step, what should I do?
Option1: Haul the snowmobile to the bay
Option2: Walk to the bay without the snowmobile
Question: Which one should I choose? Answer 1 for Option1 and 2 for Option2.

Evaluation answer protocol (this overrides earlier answer wording):
1 = Option1
2 = Option2
3 = after the deletion, the remaining scenario does not determine either Option1 or Option2
Output only 1, 2, or 3.",1,-0.570544858467613,-0.9382696385929302,-3.1354942159291497,0.5652173913043478,0.391304347826087,0.043478260869565216,0.3677247801253172,False,False,True,False,False,deletion neither uncertain nor option flip,False,,,,deletion neither uncertain nor option flip,,,,,,,,,,,,,,
64,1,-0.1466034741918754,-1.9924301646902063,0.8636363636363636,0.13636363636363635,sampling,5,0,0,0,0,False,no_informative_deletion,1,False,4,before ordering the part.,133,158,"Scenario: The snowmobile warranty claim is accepted. The service runner is at the bay to photograph the chassis plate and hour meter For this step, what should I do?
Option1: Haul the snowmobile to the bay
Option2: Walk to the bay without the snowmobile
Question: Which one should I choose? Answer 1 for Option1 and 2 for Option2.

Evaluation answer protocol (this overrides earlier answer wording):
1 = Option1
2 = Option2
3 = after the deletion, the remaining scenario does not determine either Option1 or Option2
Output only 1, 2, or 3.",1,-0.4274440148269396,-1.1895840668738362,-3.1354942159291497,0.6521739130434783,0.30434782608695654,0.043478260869565216,0.7621400520468966,False,False,True,False,False,deletion neither uncertain nor option flip,False,,,,deletion neither uncertain nor option flip,,,,,,,,,,,,,,
65,2,-1.4816045409242156,-0.2578291093020998,0.22727272727272727,0.7727272727272727,sampling,4,0,0,0,0,False,no_informative_deletion,2,False,0,The HOA damage file is opened.,10,40,"Scenario The rep is waiting by the gate to compare the minibus bumper height to the gate arm mark. Should I drive the minibus to the gate or walk there without it?
Option1: Walk to the gate without the minibus
Option2: Drive the minibus to the gate
Question: Which one should I choose? Answer 1 for Option1 and 2 for Option2.

Evaluation answer protocol (this overrides earlier answer wording):
1 = Option1
2 = Option2
3 = after the deletion, the remaining scenario does not determine either Option1 or Option2
Output only 1, 2, or 3.",2,-3.1354942159291497,-0.09097177820572676,-3.1354942159291497,0.043478260869565216,0.9130434782608695,0.043478260869565216,3.044522437723423,False,False,True,False,False,deletion neither uncertain nor option flip,False,,,,deletion neither uncertain nor option flip,,,,,,,,,,,,,,
65,2,-1.4816045409242156,-0.2578291093020998,0.22727272727272727,0.7727272727272727,sampling,4,0,0,0,0,False,no_informative_deletion,2,False,1,The rep is waiting by the gate,41,71,"Scenario: The HOA damage file is opened. to compare the minibus bumper height to the gate arm mark. Should I drive the minibus to the gate or walk there without it?
Option1: Walk to the gate without the minibus
Option2: Drive the minibus to the gate
Question: Which one should I choose? Answer 1 for Option1 and 2 for Option2.

Evaluation answer protocol (this overrides earlier answer wording):
1 = Option1
2 = Option2
3 = after the deletion, the remaining scenario does not determine either Option1 or Option2
Output only 1, 2, or 3.",2,-3.1354942159291497,-0.09097177820572676,-3.1354942159291497,0.043478260869565216,0.9130434782608695,0.043478260869565216,3.044522437723423,False,False,True,False,False,deletion neither uncertain nor option flip,False,,,,deletion neither uncertain nor option flip,,,,,,,,,,,,,,
65,2,-1.4816045409242156,-0.2578291093020998,0.22727272727272727,0.7727272727272727,sampling,4,0,0,0,0,False,no_informative_deletion,2,False,2,to compare the minibus bumper height,72,108,"Scenario: The HOA damage file is opened. The rep is waiting by the gate to the gate arm mark. Should I drive the minibus to the gate or walk there without it?
Option1: Walk to the gate without the minibus
Option2: Drive the minibus to the gate
Question: Which one should I choose? Answer 1 for Option1 and 2 for Option2.

Evaluation answer protocol (this overrides earlier answer wording):
1 = Option1
2 = Option2
3 = after the deletion, the remaining scenario does not determine either Option1 or Option2
Output only 1, 2, or 3.",2,-1.1895840668738362,-0.4274440148269396,-3.1354942159291497,0.30434782608695654,0.6521739130434783,0.043478260869565216,0.7621400520468966,False,False,True,False,False,deletion neither uncertain nor option flip,False,,,,deletion neither uncertain nor option flip,,,,,,,,,,,,,,
65,2,-1.4816045409242156,-0.2578291093020998,0.22727272727272727,0.7727272727272727,sampling,4,0,0,0,0,False,no_informative_deletion,2,False,3,to the gate arm mark.,109,130,"Scenario: The HOA damage file is opened. The rep is waiting by the gate to compare the minibus bumper height Should I drive the minibus to the gate or walk there without it?
Option1: Walk to the gate without the minibus
Option2: Drive the minibus to the gate
Question: Which one should I choose? Answer 1 for Option1 and 2 for Option2.

Evaluation answer protocol (this overrides earlier answer wording):
1 = Option1
2 = Option2
3 = after the deletion, the remaining scenario does not determine either Option1 or Option2
Output only 1, 2, or 3.",2,-1.749199854809259,-0.24512245803298496,-3.1354942159291497,0.17391304347826086,0.782608695652174,0.043478260869565216,1.5040773967762742,False,False,True,False,False,deletion neither uncertain nor option flip,False,,,,deletion neither uncertain nor option flip,,,,,,,,,,,,,,
66,2,-0.8938178760220964,-0.5260930958967791,0.4090909090909091,0.5909090909090909,sampling,5,0,2,2,2,True,negation_nonflip,1,True,0,The parking office says my moped citation can,10,55,"Scenario be canceled if they confirm the basket bracket was covering the rear plate light. The appeal counter is inside city hall, but the checker works at the curb. Should I ride the moped to the curb or walk to the counter?
Option1: Ride the moped to the curb
Option2: Walk to the counter
Question: Which one should I choose? Answer 1 for Option1 and 2 for Option2.

Evaluation answer protocol (this overrides earlier answer wording):
1 = Option1
2 = Option2
3 = after the deletion, the remaining scenario does not determine either Option1 or Option2
Output only 1, 2, or 3.",,-0.832909122935104,-0.832909122935104,-2.03688192726104,0.43478260869565216,0.43478260869565216,0.13043478260869565,0.0,False,False,False,,False,deletion neither uncertain nor option flip,False,,,,deletion neither uncertain nor option flip,,,,,,,,,,,,,,
66,2,-0.8938178760220964,-0.5260930958967791,0.4090909090909091,0.5909090909090909,sampling,5,0,2,2,2,True,negation_nonflip,1,True,1,be canceled if they confirm the basket bracket,56,102,"Scenario: The parking office says my moped citation can was covering the rear plate light. The appeal counter is inside city hall, but the checker works at the curb. Should I ride the moped to the curb or walk to the counter?
Option1: Ride the moped to the curb
Option2: Walk to the counter
Question: Which one should I choose? Answer 1 for Option1 and 2 for Option2.

Evaluation answer protocol (this overrides earlier answer wording):
1 = Option1
2 = Option2
3 = after the deletion, the remaining scenario does not determine either Option1 or Option2
Output only 1, 2, or 3.",2,-0.832909122935104,-0.6505875661411494,-3.1354942159291497,0.43478260869565216,0.5217391304347826,0.043478260869565216,0.18232155679395456,False,False,True,False,False,deletion neither uncertain nor option flip,False,,,,deletion neither uncertain nor option flip,,,,,,,,,,,,,,
66,2,-0.8938178760220964,-0.5260930958967791,0.4090909090909091,0.5909090909090909,sampling,5,0,2,2,2,True,negation_nonflip,1,True,2,was covering the rear plate light.,103,137,"Scenario: The parking office says my moped citation can be canceled if they confirm the basket bracket The appeal counter is inside city hall, but the checker works at the curb. Should I ride the moped to the curb or walk to the counter?
Option1: Ride the moped to the curb
Option2: Walk to the counter
Question: Which one should I choose? Answer 1 for Option1 and 2 for Option2.

Evaluation answer protocol (this overrides earlier answer wording):
1 = Option1
2 = Option2
3 = after the deletion, the remaining scenario does not determine either Option1 or Option2
Output only 1, 2, or 3.",1,-0.570544858467613,-0.9382696385929302,-3.1354942159291497,0.5652173913043478,0.391304347826087,0.043478260869565216,0.3677247801253172,False,True,False,True,True,delete_person_flip,True,"Scenario: The parking office says my moped citation can be canceled if they confirm the basket bracket was not covering the rear plate light. The appeal counter is inside city hall, but the checker works at the curb.","Scenario: The parking office says my moped citation can be canceled if they confirm the basket bracket was not covering the rear plate light. The appeal counter is inside city hall, but the checker works at the curb. Should I ride the moped to the curb or walk to the counter?
Option1: Ride the moped to the curb
Option2: Walk to the counter
Question: Which one should I choose? Answer 1 for Option1 and 2 for Option2.

Evaluation answer protocol (this overrides earlier answer wording):
1 = Option1
2 = Option2
You must choose Option1 or Option2. Output only 1 or 2; never output 3.",True,"Negated the verb phrase 'was covering' to 'was not covering' within the conditional clause. This minimal change preserves all entities, locations, and structural facts while logically inverting the specific condition regarding the basket bracket's position relative to the rear plate light.",2,-1.1451323043030026,-0.38299225225610584,,0.3181818181818182,0.6818181818181818,,0.7621400520468968,False,False,True,False,True,
66,2,-0.8938178760220964,-0.5260930958967791,0.4090909090909091,0.5909090909090909,sampling,5,0,2,2,2,True,negation_nonflip,1,True,3,The appeal counter is inside city hall,138,176,"Scenario: The parking office says my moped citation can be canceled if they confirm the basket bracket was covering the rear plate light. but the checker works at the curb. Should I ride the moped to the curb or walk to the counter?
Option1: Ride the moped to the curb
Option2: Walk to the counter
Question: Which one should I choose? Answer 1 for Option1 and 2 for Option2.

Evaluation answer protocol (this overrides earlier answer wording):
1 = Option1
2 = Option2
3 = after the deletion, the remaining scenario does not determine either Option1 or Option2
Output only 1, 2, or 3.",1,-0.6505875661411494,-0.832909122935104,-3.1354942159291497,0.5217391304347826,0.43478260869565216,0.043478260869565216,0.18232155679395456,False,True,False,True,True,delete_person_flip,True,"The appeal counter is not inside city hall, but the checker works at the curb.","Scenario: The parking office says my moped citation can be canceled if they confirm the basket bracket was covering the rear plate light. The appeal counter is not inside city hall, but the checker works at the curb. Should I ride the moped to the curb or walk to the counter?
Option1: Ride the moped to the curb
Option2: Walk to the counter
Question: Which one should I choose? Answer 1 for Option1 and 2 for Option2.

Evaluation answer protocol (this overrides earlier answer wording):
1 = Option1
2 = Option2
You must choose Option1 or Option2. Output only 1 or 2; never output 3.",True,"Negated the specific proposition that the counter's location is inside city hall by inserting 'not' before the prepositional phrase. Preserved all other entities, facts, and sentence structure.",1,-0.45198512374305727,-1.0116009116784799,,0.6363636363636364,0.36363636363636365,,0.5596157879354227,False,True,False,True,True,
66,2,-0.8938178760220964,-0.5260930958967791,0.4090909090909091,0.5909090909090909,sampling,5,0,2,2,2,True,negation_nonflip,1,True,4,but the checker works at the curb.,178,212,"Scenario: The parking office says my moped citation can be canceled if they confirm the basket bracket was covering the rear plate light. The appeal counter is inside city hall Should I ride the moped to the curb or walk to the counter?
Option1: Ride the moped to the curb
Option2: Walk to the counter
Question: Which one should I choose? Answer 1 for Option1 and 2 for Option2.

Evaluation answer protocol (this overrides earlier answer wording):
1 = Option1
2 = Option2
3 = after the deletion, the remaining scenario does not determine either Option1 or Option2
Output only 1, 2, or 3.",2,-0.832909122935104,-0.6505875661411494,-3.1354942159291497,0.43478260869565216,0.5217391304347826,0.043478260869565216,0.18232155679395456,False,False,True,False,False,deletion neither uncertain nor option flip,False,,,,deletion neither uncertain nor option flip,,,,,,,,,,,,,,
67,2,-0.8938178760220964,-0.5260930958967791,0.4090909090909091,0.5909090909090909,sampling,4,0,0,0,0,False,no_informative_deletion,2,False,0,The battery-test request is written.,10,46,"Scenario The store tech is at the parking post to connect clamps while the engine runs. Should I drive the car to the post or walk to the post without it?
Option1: Walk to the post without the car
Option2: Drive the car to the post
Question: Which one should I choose? Answer 1 for Option1 and 2 for Option2.

Evaluation answer protocol (this overrides earlier answer wording):
1 = Option1
2 = Option2
3 = after the deletion, the remaining scenario does not determine either Option1 or Option2
Output only 1, 2, or 3.",2,-0.9382696385929302,-0.570544858467613,-3.1354942159291497,0.391304347826087,0.5652173913043478,0.043478260869565216,0.3677247801253172,False,False,True,False,False,deletion neither uncertain nor option flip,False,,,,deletion neither uncertain nor option flip,,,,,,,,,,,,,,
67,2,-0.8938178760220964,-0.5260930958967791,0.4090909090909091,0.5909090909090909,sampling,4,0,0,0,0,False,no_informative_deletion,2,False,1,The store tech is at the parking post,47,84,"Scenario: The battery-test request is written. to connect clamps while the engine runs. Should I drive the car to the post or walk to the post without it?
Option1: Walk to the post without the car
Option2: Drive the car to the post
Question: Which one should I choose? Answer 1 for Option1 and 2 for Option2.

Evaluation answer protocol (this overrides earlier answer wording):
1 = Option1
2 = Option2
3 = after the deletion, the remaining scenario does not determine either Option1 or Option2
Output only 1, 2, or 3.",2,-0.9382696385929302,-0.570544858467613,-3.1354942159291497,0.391304347826087,0.5652173913043478,0.043478260869565216,0.3677247801253172,False,False,True,False,False,deletion neither uncertain nor option flip,False,,,,deletion neither uncertain nor option flip,,,,,,,,,,,,,,
67,2,-0.8938178760220964,-0.5260930958967791,0.4090909090909091,0.5909090909090909,sampling,4,0,0,0,0,False,no_informative_deletion,2,False,2,to connect clamps,85,102,"Scenario: The battery-test request is written. The store tech is at the parking post while the engine runs. Should I drive the car to the post or walk to the post without it?
Option1: Walk to the post without the car
Option2: Drive the car to the post
Question: Which one should I choose? Answer 1 for Option1 and 2 for Option2.

Evaluation answer protocol (this overrides earlier answer wording):
1 = Option1
2 = Option2
3 = after the deletion, the remaining scenario does not determine either Option1 or Option2
Output only 1, 2, or 3.",2,-3.1354942159291497,-0.09097177820572676,-3.1354942159291497,0.043478260869565216,0.9130434782608695,0.043478260869565216,3.044522437723423,False,False,True,False,False,deletion neither uncertain nor option flip,False,,,,deletion neither uncertain nor option flip,,,,,,,,,,,,,,
67,2,-0.8938178760220964,-0.5260930958967791,0.4090909090909091,0.5909090909090909,sampling,4,0,0,0,0,False,no_informative_deletion,2,False,3,while the engine runs.,103,125,"Scenario: The battery-test request is written. The store tech is at the parking post to connect clamps Should I drive the car to the post or walk to the post without it?
Option1: Walk to the post without the car
Option2: Drive the car to the post
Question: Which one should I choose? Answer 1 for Option1 and 2 for Option2.

Evaluation answer protocol (this overrides earlier answer wording):
1 = Option1
2 = Option2
3 = after the deletion, the remaining scenario does not determine either Option1 or Option2
Output only 1, 2, or 3.",2,-2.4423470353692043,-0.13976194237515874,-3.1354942159291497,0.08695652173913043,0.8695652173913043,0.043478260869565216,2.3025850929940455,False,False,True,False,False,deletion neither uncertain nor option flip,False,,,,deletion neither uncertain nor option flip,,,,,,,,,,,,,,
68,1,-0.2578291093020998,-1.4816045409242156,0.7727272727272727,0.22727272727272727,sampling,4,0,2,2,2,True,negation_nonflip,2,True,0,The skateboard vibration ticket is open.,10,50,"Scenario The kiosk tech is at the straightaway to watch wheel wobble while the board reaches speed. Should I ride the electric skateboard there or walk there without it?
Option1: Walk there without the skateboard
Option2: Ride the electric skateboard there
Question: Which one should I choose? Answer 1 for Option1 and 2 for Option2.

Evaluation answer protocol (this overrides earlier answer wording):
1 = Option1
2 = Option2
3 = after the deletion, the remaining scenario does not determine either Option1 or Option2
Output only 1, 2, or 3.",2,-1.5260563034950494,-0.3022808718729337,-3.1354942159291497,0.21739130434782608,0.7391304347826086,0.043478260869565216,1.2237754316221157,False,True,False,True,True,delete_person_flip,True,Scenario: The skateboard vibration ticket is not open. The kiosk tech is at the straightaway to watch wheel wobble while the board reaches speed.,"Scenario: The skateboard vibration ticket is not open. The kiosk tech is at the straightaway to watch wheel wobble while the board reaches speed. Should I ride the electric skateboard there or walk there without it?
Option1: Walk there without the skateboard
Option2: Ride the electric skateboard there
Question: Which one should I choose? Answer 1 for Option1 and 2 for Option2.

Evaluation answer protocol (this overrides earlier answer wording):
1 = Option1
2 = Option2
You must choose Option1 or Option2. Output only 1 or 2; never output 3.",True,Minimal negation applied to the target span using 'not'. Entities and unrelated facts preserved.,1,-0.38299225225610584,-1.1451323043030026,,0.6818181818181818,0.3181818181818182,,0.7621400520468968,False,False,True,False,True,
68,1,-0.2578291093020998,-1.4816045409242156,0.7727272727272727,0.22727272727272727,sampling,4,0,2,2,2,True,negation_nonflip,2,True,1,The kiosk tech is at the straightaway,51,88,"Scenario: The skateboard vibration ticket is open. to watch wheel wobble while the board reaches speed. Should I ride the electric skateboard there or walk there without it?
Option1: Walk there without the skateboard
Option2: Ride the electric skateboard there
Question: Which one should I choose? Answer 1 for Option1 and 2 for Option2.

Evaluation answer protocol (this overrides earlier answer wording):
1 = Option1
2 = Option2
3 = after the deletion, the remaining scenario does not determine either Option1 or Option2
Output only 1, 2, or 3.",1,-0.4274440148269396,-1.1895840668738362,-3.1354942159291497,0.6521739130434783,0.30434782608695654,0.043478260869565216,0.7621400520468966,False,False,True,False,False,deletion neither uncertain nor option flip,False,,,,deletion neither uncertain nor option flip,,,,,,,,,,,,,,
68,1,-0.2578291093020998,-1.4816045409242156,0.7727272727272727,0.22727272727272727,sampling,4,0,2,2,2,True,negation_nonflip,2,True,2,to watch wheel wobble,89,110,"Scenario: The skateboard vibration ticket is open. The kiosk tech is at the straightaway while the board reaches speed. Should I ride the electric skateboard there or walk there without it?
Option1: Walk there without the skateboard
Option2: Ride the electric skateboard there
Question: Which one should I choose? Answer 1 for Option1 and 2 for Option2.

Evaluation answer protocol (this overrides earlier answer wording):
1 = Option1
2 = Option2
3 = after the deletion, the remaining scenario does not determine either Option1 or Option2
Output only 1, 2, or 3.",2,-2.4423470353692043,-0.13976194237515874,-3.1354942159291497,0.08695652173913043,0.8695652173913043,0.043478260869565216,2.3025850929940455,False,True,False,True,True,delete_person_flip,True,The kiosk tech is at the straightaway not to watch wheel wobble while the board reaches speed.,"Scenario: The skateboard vibration ticket is open. The kiosk tech is at the straightaway not to watch wheel wobble while the board reaches speed. Should I ride the electric skateboard there or walk there without it?
Option1: Walk there without the skateboard
Option2: Ride the electric skateboard there
Question: Which one should I choose? Answer 1 for Option1 and 2 for Option2.

Evaluation answer protocol (this overrides earlier answer wording):
1 = Option1
2 = Option2
You must choose Option1 or Option2. Output only 1 or 2; never output 3.",True,Minimal negation added before the infinitive phrase 'to watch wheel wobble' as requested by target span index 2.,1,-0.2006706954621511,-1.7047480922384253,,0.8181818181818182,0.18181818181818182,,1.5040773967762742,False,False,True,False,True,
68,1,-0.2578291093020998,-1.4816045409242156,0.7727272727272727,0.22727272727272727,sampling,4,0,2,2,2,True,negation_nonflip,2,True,3,while the board reaches speed.,111,141,"Scenario: The skateboard vibration ticket is open. The kiosk tech is at the straightaway to watch wheel wobble Should I ride the electric skateboard there or walk there without it?
Option1: Walk there without the skateboard
Option2: Ride the electric skateboard there
Question: Which one should I choose? Answer 1 for Option1 and 2 for Option2.

Evaluation answer protocol (this overrides earlier answer wording):
1 = Option1
2 = Option2
3 = after the deletion, the remaining scenario does not determine either Option1 or Option2
Output only 1, 2, or 3.",1,-0.6505875661411494,-0.832909122935104,-3.1354942159291497,0.5217391304347826,0.43478260869565216,0.043478260869565216,0.18232155679395456,False,False,True,False,False,deletion neither uncertain nor option flip,False,,,,deletion neither uncertain nor option flip,,,,,,,,,,,,,,
69,1,-0.38299225225610584,-1.1451323043030026,0.6818181818181818,0.3181818181818182,sampling,7,0,1,1,0,,ambiguous,2,True,0,The marine repair shop can blend the scratch,10,54,"Scenario on my boat, but they said their color reader has to scan the faded gelcoat near the damage under shop lights. The office is right by the dock. Should I walk to the office or bring the boat to the repair bay?
Option1: Walk to the office
Option2: Bring the boat to the repair bay
Question: Which one should I choose? Answer 1 for Option1 and 2 for Option2.

Evaluation answer protocol (this overrides earlier answer wording):
1 = Option1
2 = Option2
3 = after the deletion, the remaining scenario does not determine either Option1 or Option2
Output only 1, 2, or 3.",1,-0.570544858467613,-0.9382696385929302,-3.1354942159291497,0.5652173913043478,0.391304347826087,0.043478260869565216,0.3677247801253172,False,False,True,False,False,deletion neither uncertain nor option flip,False,,,,deletion neither uncertain nor option flip,,,,,,,,,,,,,,
69,1,-0.38299225225610584,-1.1451323043030026,0.6818181818181818,0.3181818181818182,sampling,7,0,1,1,0,,ambiguous,2,True,1,on my boat,55,65,"Scenario: The marine repair shop can blend the scratch but they said their color reader has to scan the faded gelcoat near the damage under shop lights. The office is right by the dock. Should I walk to the office or bring the boat to the repair bay?
Option1: Walk to the office
Option2: Bring the boat to the repair bay
Question: Which one should I choose? Answer 1 for Option1 and 2 for Option2.

Evaluation answer protocol (this overrides earlier answer wording):
1 = Option1
2 = Option2
3 = after the deletion, the remaining scenario does not determine either Option1 or Option2
Output only 1, 2, or 3.",1,-0.24512245803298496,-1.749199854809259,-3.1354942159291497,0.782608695652174,0.17391304347826086,0.043478260869565216,1.5040773967762742,False,False,True,False,False,deletion neither uncertain nor option flip,False,,,,deletion neither uncertain nor option flip,,,,,,,,,,,,,,
69,1,-0.38299225225610584,-1.1451323043030026,0.6818181818181818,0.3181818181818182,sampling,7,0,1,1,0,,ambiguous,2,True,2,but they said their color reader has,67,103,"Scenario: The marine repair shop can blend the scratch on my boat to scan the faded gelcoat near the damage under shop lights. The office is right by the dock. Should I walk to the office or bring the boat to the repair bay?
Option1: Walk to the office
Option2: Bring the boat to the repair bay
Question: Which one should I choose? Answer 1 for Option1 and 2 for Option2.

Evaluation answer protocol (this overrides earlier answer wording):
1 = Option1
2 = Option2
3 = after the deletion, the remaining scenario does not determine either Option1 or Option2
Output only 1, 2, or 3.",1,-0.6505875661411494,-0.832909122935104,-3.1354942159291497,0.5217391304347826,0.43478260869565216,0.043478260869565216,0.18232155679395456,False,False,True,False,False,deletion neither uncertain nor option flip,False,,,,deletion neither uncertain nor option flip,,,,,,,,,,,,,,
69,1,-0.38299225225610584,-1.1451323043030026,0.6818181818181818,0.3181818181818182,sampling,7,0,1,1,0,,ambiguous,2,True,3,to scan the faded gelcoat,104,129,"Scenario: The marine repair shop can blend the scratch on my boat, but they said their color reader has near the damage under shop lights. The office is right by the dock. Should I walk to the office or bring the boat to the repair bay?
Option1: Walk to the office
Option2: Bring the boat to the repair bay
Question: Which one should I choose? Answer 1 for Option1 and 2 for Option2.

Evaluation answer protocol (this overrides earlier answer wording):
1 = Option1
2 = Option2
3 = after the deletion, the remaining scenario does not determine either Option1 or Option2
Output only 1, 2, or 3.",1,-0.496436886313891,-1.0560526742493137,-3.1354942159291497,0.6086956521739131,0.34782608695652173,0.043478260869565216,0.5596157879354227,False,False,True,False,False,deletion neither uncertain nor option flip,False,,,,deletion neither uncertain nor option flip,,,,,,,,,,,,,,
69,1,-0.38299225225610584,-1.1451323043030026,0.6818181818181818,0.3181818181818182,sampling,7,0,1,1,0,,ambiguous,2,True,4,near the damage,130,145,"Scenario: The marine repair shop can blend the scratch on my boat, but they said their color reader has to scan the faded gelcoat under shop lights. The office is right by the dock. Should I walk to the office or bring the boat to the repair bay?
Option1: Walk to the office
Option2: Bring the boat to the repair bay
Question: Which one should I choose? Answer 1 for Option1 and 2 for Option2.

Evaluation answer protocol (this overrides earlier answer wording):
1 = Option1
2 = Option2
3 = after the deletion, the remaining scenario does not determine either Option1 or Option2
Output only 1, 2, or 3.",1,-0.3629054936893685,-1.3437347467010947,-3.1354942159291497,0.6956521739130435,0.2608695652173913,0.043478260869565216,0.9808292530117262,False,False,True,False,False,deletion neither uncertain nor option flip,False,,,,deletion neither uncertain nor option flip,,,,,,,,,,,,,,
69,1,-0.38299225225610584,-1.1451323043030026,0.6818181818181818,0.3181818181818182,sampling,7,0,1,1,0,,ambiguous,2,True,5,under shop lights.,146,164,"Scenario: The marine repair shop can blend the scratch on my boat, but they said their color reader has to scan the faded gelcoat near the damage The office is right by the dock. Should I walk to the office or bring the boat to the repair bay?
Option1: Walk to the office
Option2: Bring the boat to the repair bay
Question: Which one should I choose? Answer 1 for Option1 and 2 for Option2.

Evaluation answer protocol (this overrides earlier answer wording):
1 = Option1
2 = Option2
3 = after the deletion, the remaining scenario does not determine either Option1 or Option2
Output only 1, 2, or 3.",1,-0.570544858467613,-0.9382696385929302,-3.1354942159291497,0.5652173913043478,0.391304347826087,0.043478260869565216,0.3677247801253172,False,False,True,False,False,deletion neither uncertain nor option flip,False,,,,deletion neither uncertain nor option flip,,,,,,,,,,,,,,
69,1,-0.38299225225610584,-1.1451323043030026,0.6818181818181818,0.3181818181818182,sampling,7,0,1,1,0,,ambiguous,2,True,6,The office is right by the dock.,165,197,"Scenario: The marine repair shop can blend the scratch on my boat, but they said their color reader has to scan the faded gelcoat near the damage under shop lights. Should I walk to the office or bring the boat to the repair bay?
Option1: Walk to the office
Option2: Bring the boat to the repair bay
Question: Which one should I choose? Answer 1 for Option1 and 2 for Option2.

Evaluation answer protocol (this overrides earlier answer wording):
1 = Option1
2 = Option2
3 = after the deletion, the remaining scenario does not determine either Option1 or Option2
Output only 1, 2, or 3.",2,-1.5260563034950494,-0.3022808718729337,-3.1354942159291497,0.21739130434782608,0.7391304347826086,0.043478260869565216,1.2237754316221157,False,True,False,True,True,delete_person_flip,True,The office is not right by the dock. Should I walk to the office or bring the boat to the repair bay?,"Scenario: The marine repair shop can blend the scratch on my boat, but they said their color reader has to scan the faded gelcoat near the damage under shop lights. The office is not right by the dock. Should I walk to the office or bring the boat to the repair bay?
Option1: Walk to the office
Option2: Bring the boat to the repair bay
Question: Which one should I choose? Answer 1 for Option1 and 2 for Option2.

Evaluation answer protocol (this overrides earlier answer wording):
1 = Option1
2 = Option2
You must choose Option1 or Option2. Output only 1 or 2; never output 3.",True,"Negation added via 'not' to the verb phrase 'is right by'. The target span is a complete sentence within the context, and the negation preserves all other facts and entities.",,-0.6931471805599453,-0.6931471805599453,,0.5,0.5,,0.0,False,False,False,,True,
70,1,-0.04652001563489282,-3.0910424533583156,0.9545454545454546,0.045454545454545456,sampling,4,0,0,0,0,False,no_informative_deletion,1,False,0,I am checking in a microscope slide.,10,46,"Scenario The specimen ID label must be on the slide holder before storage. What should I bring to the storage tray?
Option1: The slide holder with the ID label attached
Option2: Only the ID label
Question: Which one should I choose? Answer 1 for Option1 and 2 for Option2.

Evaluation answer protocol (this overrides earlier answer wording):
1 = Option1
2 = Option2
3 = after the deletion, the remaining scenario does not determine either Option1 or Option2
Output only 1, 2, or 3.",1,-0.09097177820572676,-3.1354942159291497,-3.1354942159291497,0.9130434782608695,0.043478260869565216,0.043478260869565216,3.044522437723423,False,False,True,False,False,deletion neither uncertain nor option flip,False,,,,deletion neither uncertain nor option flip,,,,,,,,,,,,,,
70,1,-0.04652001563489282,-3.0910424533583156,0.9545454545454546,0.045454545454545456,sampling,4,0,0,0,0,False,no_informative_deletion,1,False,1,The specimen ID label must be on the,47,83,"Scenario: I am checking in a microscope slide. slide holder before storage. What should I bring to the storage tray?
Option1: The slide holder with the ID label attached
Option2: Only the ID label
Question: Which one should I choose? Answer 1 for Option1 and 2 for Option2.

Evaluation answer protocol (this overrides earlier answer wording):
1 = Option1
2 = Option2
3 = after the deletion, the remaining scenario does not determine either Option1 or Option2
Output only 1, 2, or 3.",1,-0.09097177820572676,-3.1354942159291497,-3.1354942159291497,0.9130434782608695,0.043478260869565216,0.043478260869565216,3.044522437723423,False,False,True,False,False,deletion neither uncertain nor option flip,False,,,,deletion neither uncertain nor option flip,,,,,,,,,,,,,,
70,1,-0.04652001563489282,-3.0910424533583156,0.9545454545454546,0.045454545454545456,sampling,4,0,0,0,0,False,no_informative_deletion,1,False,2,slide holder,84,96,"Scenario: I am checking in a microscope slide. The specimen ID label must be on the before storage. What should I bring to the storage tray?
Option1: The slide holder with the ID label attached
Option2: Only the ID label
Question: Which one should I choose? Answer 1 for Option1 and 2 for Option2.

Evaluation answer protocol (this overrides earlier answer wording):
1 = Option1
2 = Option2
3 = after the deletion, the remaining scenario does not determine either Option1 or Option2
Output only 1, 2, or 3.",1,-0.09097177820572676,-3.1354942159291497,-3.1354942159291497,0.9130434782608695,0.043478260869565216,0.043478260869565216,3.044522437723423,False,False,True,False,False,deletion neither uncertain nor option flip,False,,,,deletion neither uncertain nor option flip,,,,,,,,,,,,,,
70,1,-0.04652001563489282,-3.0910424533583156,0.9545454545454546,0.045454545454545456,sampling,4,0,0,0,0,False,no_informative_deletion,1,False,3,before storage.,97,112,"Scenario: I am checking in a microscope slide. The specimen ID label must be on the slide holder What should I bring to the storage tray?
Option1: The slide holder with the ID label attached
Option2: Only the ID label
Question: Which one should I choose? Answer 1 for Option1 and 2 for Option2.

Evaluation answer protocol (this overrides earlier answer wording):
1 = Option1
2 = Option2
3 = after the deletion, the remaining scenario does not determine either Option1 or Option2
Output only 1, 2, or 3.",1,-0.09097177820572676,-3.1354942159291497,-3.1354942159291497,0.9130434782608695,0.043478260869565216,0.043478260869565216,3.044522437723423,False,False,True,False,False,deletion neither uncertain nor option flip,False,,,,deletion neither uncertain nor option flip,,,,,,,,,,,,,,
71,1,-0.04652001563489282,-3.0910424533583156,0.9545454545454546,0.045454545454545456,sampling,4,0,0,0,0,False,no_informative_deletion,1,False,0,I need,10,16,"Scenario to tell the stage manager that the extra prop is backstage left. She is calling a scene change over comms. How should I pass the note?
Option1: Send the note over the headset/chat channel
Option2: Walk up and speak to her
Question: Which one should I choose? Answer 1 for Option1 and 2 for Option2.

Evaluation answer protocol (this overrides earlier answer wording):
1 = Option1
2 = Option2
3 = after the deletion, the remaining scenario does not determine either Option1 or Option2
Output only 1, 2, or 3.",1,-0.09097177820572676,-3.1354942159291497,-3.1354942159291497,0.9130434782608695,0.043478260869565216,0.043478260869565216,3.044522437723423,False,False,True,False,False,deletion neither uncertain nor option flip,False,,,,deletion neither uncertain nor option flip,,,,,,,,,,,,,,
71,1,-0.04652001563489282,-3.0910424533583156,0.9545454545454546,0.045454545454545456,sampling,4,0,0,0,0,False,no_informative_deletion,1,False,1,to tell the stage manager that the extra,17,57,"Scenario: I need prop is backstage left. She is calling a scene change over comms. How should I pass the note?
Option1: Send the note over the headset/chat channel
Option2: Walk up and speak to her
Question: Which one should I choose? Answer 1 for Option1 and 2 for Option2.

Evaluation answer protocol (this overrides earlier answer wording):
1 = Option1
2 = Option2
3 = after the deletion, the remaining scenario does not determine either Option1 or Option2
Output only 1, 2, or 3.",1,-0.3629054936893685,-1.3437347467010947,-3.1354942159291497,0.6956521739130435,0.2608695652173913,0.043478260869565216,0.9808292530117262,False,False,True,False,False,deletion neither uncertain nor option flip,False,,,,deletion neither uncertain nor option flip,,,,,,,,,,,,,,
71,1,-0.04652001563489282,-3.0910424533583156,0.9545454545454546,0.045454545454545456,sampling,4,0,0,0,0,False,no_informative_deletion,1,False,2,prop is backstage left.,58,81,"Scenario: I need to tell the stage manager that the extra She is calling a scene change over comms. How should I pass the note?
Option1: Send the note over the headset/chat channel
Option2: Walk up and speak to her
Question: Which one should I choose? Answer 1 for Option1 and 2 for Option2.

Evaluation answer protocol (this overrides earlier answer wording):
1 = Option1
2 = Option2
3 = after the deletion, the remaining scenario does not determine either Option1 or Option2
Output only 1, 2, or 3.",1,-0.09097177820572676,-3.1354942159291497,-3.1354942159291497,0.9130434782608695,0.043478260869565216,0.043478260869565216,3.044522437723423,False,False,True,False,False,deletion neither uncertain nor option flip,False,,,,deletion neither uncertain nor option flip,,,,,,,,,,,,,,
71,1,-0.04652001563489282,-3.0910424533583156,0.9545454545454546,0.045454545454545456,sampling,4,0,0,0,0,False,no_informative_deletion,1,False,3,She is calling a scene change over comms.,82,123,"Scenario: I need to tell the stage manager that the extra prop is backstage left. How should I pass the note?
Option1: Send the note over the headset/chat channel
Option2: Walk up and speak to her
Question: Which one should I choose? Answer 1 for Option1 and 2 for Option2.

Evaluation answer protocol (this overrides earlier answer wording):
1 = Option1
2 = Option2
3 = after the deletion, the remaining scenario does not determine either Option1 or Option2
Output only 1, 2, or 3.",1,-0.09097177820572676,-3.1354942159291497,-3.1354942159291497,0.9130434782608695,0.043478260869565216,0.043478260869565216,3.044522437723423,False,False,True,False,False,deletion neither uncertain nor option flip,False,,,,deletion neither uncertain nor option flip,,,,,,,,,,,,,,
72,1,-0.04652001563489282,-3.0910424533583156,0.9545454545454546,0.045454545454545456,sampling,4,0,0,0,0,False,no_informative_deletion,1,False,0,I am sending a library equipment return.,10,50,"Scenario The case label must be stuck to the equipment case before staff scan the package. What should I bring to the library returns?
Option1: The equipment case with the case label attached
Option2: Only the case label
Question: Which one should I choose? Answer 1 for Option1 and 2 for Option2.

Evaluation answer protocol (this overrides earlier answer wording):
1 = Option1
2 = Option2
3 = after the deletion, the remaining scenario does not determine either Option1 or Option2
Output only 1, 2, or 3.",1,-0.09097177820572676,-3.1354942159291497,-3.1354942159291497,0.9130434782608695,0.043478260869565216,0.043478260869565216,3.044522437723423,False,False,True,False,False,deletion neither uncertain nor option flip,False,,,,deletion neither uncertain nor option flip,,,,,,,,,,,,,,
72,1,-0.04652001563489282,-3.0910424533583156,0.9545454545454546,0.045454545454545456,sampling,4,0,0,0,0,False,no_informative_deletion,1,False,1,The case label must be stuck,51,79,"Scenario: I am sending a library equipment return. to the equipment case before staff scan the package. What should I bring to the library returns?
Option1: The equipment case with the case label attached
Option2: Only the case label
Question: Which one should I choose? Answer 1 for Option1 and 2 for Option2.

Evaluation answer protocol (this overrides earlier answer wording):
1 = Option1
2 = Option2
3 = after the deletion, the remaining scenario does not determine either Option1 or Option2
Output only 1, 2, or 3.",1,-0.09097177820572676,-3.1354942159291497,-3.1354942159291497,0.9130434782608695,0.043478260869565216,0.043478260869565216,3.044522437723423,False,False,True,False,False,deletion neither uncertain nor option flip,False,,,,deletion neither uncertain nor option flip,,,,,,,,,,,,,,
72,1,-0.04652001563489282,-3.0910424533583156,0.9545454545454546,0.045454545454545456,sampling,4,0,0,0,0,False,no_informative_deletion,1,False,2,to the equipment case,80,101,"Scenario: I am sending a library equipment return. The case label must be stuck before staff scan the package. What should I bring to the library returns?
Option1: The equipment case with the case label attached
Option2: Only the case label
Question: Which one should I choose? Answer 1 for Option1 and 2 for Option2.

Evaluation answer protocol (this overrides earlier answer wording):
1 = Option1
2 = Option2
3 = after the deletion, the remaining scenario does not determine either Option1 or Option2
Output only 1, 2, or 3.",1,-0.09097177820572676,-3.1354942159291497,-3.1354942159291497,0.9130434782608695,0.043478260869565216,0.043478260869565216,3.044522437723423,False,False,True,False,False,deletion neither uncertain nor option flip,False,,,,deletion neither uncertain nor option flip,,,,,,,,,,,,,,
72,1,-0.04652001563489282,-3.0910424533583156,0.9545454545454546,0.045454545454545456,sampling,4,0,0,0,0,False,no_informative_deletion,1,False,3,before staff scan the package.,102,132,"Scenario: I am sending a library equipment return. The case label must be stuck to the equipment case What should I bring to the library returns?
Option1: The equipment case with the case label attached
Option2: Only the case label
Question: Which one should I choose? Answer 1 for Option1 and 2 for Option2.

Evaluation answer protocol (this overrides earlier answer wording):
1 = Option1
2 = Option2
3 = after the deletion, the remaining scenario does not determine either Option1 or Option2
Output only 1, 2, or 3.",1,-0.09097177820572676,-3.1354942159291497,-3.1354942159291497,0.9130434782608695,0.043478260869565216,0.043478260869565216,3.044522437723423,False,False,True,False,False,deletion neither uncertain nor option flip,False,,,,deletion neither uncertain nor option flip,,,,,,,,,,,,,,
73,2,-3.0910424533583156,-0.04652001563489282,0.045454545454545456,0.9545454545454546,sampling,4,0,0,0,0,False,no_informative_deletion,2,False,0,I need,10,16,"Scenario to tell the fly operator that the spare rope tag is on the case. He is listening for a standby cue. How should I pass the message?
Option1: Walk up and talk over the standby
Option2: Send a quiet comms/chat note
Question: Which one should I choose? Answer 1 for Option1 and 2 for Option2.

Evaluation answer protocol (this overrides earlier answer wording):
1 = Option1
2 = Option2
3 = after the deletion, the remaining scenario does not determine either Option1 or Option2
Output only 1, 2, or 3.",2,-3.1354942159291497,-0.09097177820572676,-3.1354942159291497,0.043478260869565216,0.9130434782608695,0.043478260869565216,3.044522437723423,False,False,True,False,False,deletion neither uncertain nor option flip,False,,,,deletion neither uncertain nor option flip,,,,,,,,,,,,,,
73,2,-3.0910424533583156,-0.04652001563489282,0.045454545454545456,0.9545454545454546,sampling,4,0,0,0,0,False,no_informative_deletion,2,False,1,to tell the fly operator that the spare,17,56,"Scenario: I need rope tag is on the case. He is listening for a standby cue. How should I pass the message?
Option1: Walk up and talk over the standby
Option2: Send a quiet comms/chat note
Question: Which one should I choose? Answer 1 for Option1 and 2 for Option2.

Evaluation answer protocol (this overrides earlier answer wording):
1 = Option1
2 = Option2
3 = after the deletion, the remaining scenario does not determine either Option1 or Option2
Output only 1, 2, or 3.",2,-3.1354942159291497,-0.09097177820572676,-3.1354942159291497,0.043478260869565216,0.9130434782608695,0.043478260869565216,3.044522437723423,False,False,True,False,False,deletion neither uncertain nor option flip,False,,,,deletion neither uncertain nor option flip,,,,,,,,,,,,,,
73,2,-3.0910424533583156,-0.04652001563489282,0.045454545454545456,0.9545454545454546,sampling,4,0,0,0,0,False,no_informative_deletion,2,False,2,rope tag is on the case.,57,81,"Scenario: I need to tell the fly operator that the spare He is listening for a standby cue. How should I pass the message?
Option1: Walk up and talk over the standby
Option2: Send a quiet comms/chat note
Question: Which one should I choose? Answer 1 for Option1 and 2 for Option2.

Evaluation answer protocol (this overrides earlier answer wording):
1 = Option1
2 = Option2
3 = after the deletion, the remaining scenario does not determine either Option1 or Option2
Output only 1, 2, or 3.",2,-3.1354942159291497,-0.09097177820572676,-3.1354942159291497,0.043478260869565216,0.9130434782608695,0.043478260869565216,3.044522437723423,False,False,True,False,False,deletion neither uncertain nor option flip,False,,,,deletion neither uncertain nor option flip,,,,,,,,,,,,,,
73,2,-3.0910424533583156,-0.04652001563489282,0.045454545454545456,0.9545454545454546,sampling,4,0,0,0,0,False,no_informative_deletion,2,False,3,He is listening for a standby cue.,82,116,"Scenario: I need to tell the fly operator that the spare rope tag is on the case. How should I pass the message?
Option1: Walk up and talk over the standby
Option2: Send a quiet comms/chat note
Question: Which one should I choose? Answer 1 for Option1 and 2 for Option2.

Evaluation answer protocol (this overrides earlier answer wording):
1 = Option1
2 = Option2
3 = after the deletion, the remaining scenario does not determine either Option1 or Option2
Output only 1, 2, or 3.",2,-3.1354942159291497,-0.09097177820572676,-3.1354942159291497,0.043478260869565216,0.9130434782608695,0.043478260869565216,3.044522437723423,False,False,True,False,False,deletion neither uncertain nor option flip,False,,,,deletion neither uncertain nor option flip,,,,,,,,,,,,,,
74,2,-1.1451323043030026,-0.38299225225610584,0.3181818181818182,0.6818181818181818,sampling,4,0,1,1,1,False,all_negations_flip,2,False,0,The equipment trailer brake check is queued.,10,54,"Scenario The inspector is at the roller pad to apply the breakaway switch and watch each wheel resist. For this step, what should I do?
Option1: Walk to the roller pad without the trailer
Option2: Tow the equipment trailer to the roller pad
Question: Which one should I choose? Answer 1 for Option1 and 2 for Option2.

Evaluation answer protocol (this overrides earlier answer wording):
1 = Option1
2 = Option2
3 = after the deletion, the remaining scenario does not determine either Option1 or Option2
Output only 1, 2, or 3.",2,-2.4423470353692043,-0.13976194237515874,-3.1354942159291497,0.08695652173913043,0.8695652173913043,0.043478260869565216,2.3025850929940455,False,False,True,False,False,deletion neither uncertain nor option flip,False,,,,deletion neither uncertain nor option flip,,,,,,,,,,,,,,
74,2,-1.1451323043030026,-0.38299225225610584,0.3181818181818182,0.6818181818181818,sampling,4,0,1,1,1,False,all_negations_flip,2,False,1,The inspector is at the roller pad,55,89,"Scenario: The equipment trailer brake check is queued. to apply the breakaway switch and watch each wheel resist. For this step, what should I do?
Option1: Walk to the roller pad without the trailer
Option2: Tow the equipment trailer to the roller pad
Question: Which one should I choose? Answer 1 for Option1 and 2 for Option2.

Evaluation answer protocol (this overrides earlier answer wording):
1 = Option1
2 = Option2
3 = after the deletion, the remaining scenario does not determine either Option1 or Option2
Output only 1, 2, or 3.",2,-0.9382696385929302,-0.570544858467613,-3.1354942159291497,0.391304347826087,0.5652173913043478,0.043478260869565216,0.3677247801253172,False,False,True,False,False,deletion neither uncertain nor option flip,False,,,,deletion neither uncertain nor option flip,,,,,,,,,,,,,,
74,2,-1.1451323043030026,-0.38299225225610584,0.3181818181818182,0.6818181818181818,sampling,4,0,1,1,1,False,all_negations_flip,2,False,2,to apply the breakaway switch,90,119,"Scenario: The equipment trailer brake check is queued. The inspector is at the roller pad watch each wheel resist. For this step, what should I do?
Option1: Walk to the roller pad without the trailer
Option2: Tow the equipment trailer to the roller pad
Question: Which one should I choose? Answer 1 for Option1 and 2 for Option2.

Evaluation answer protocol (this overrides earlier answer wording):
1 = Option1
2 = Option2
3 = after the deletion, the remaining scenario does not determine either Option1 or Option2
Output only 1, 2, or 3.",2,-1.0560526742493137,-0.496436886313891,-3.1354942159291497,0.34782608695652173,0.6086956521739131,0.043478260869565216,0.5596157879354227,False,False,True,False,False,deletion neither uncertain nor option flip,False,,,,deletion neither uncertain nor option flip,,,,,,,,,,,,,,
74,2,-1.1451323043030026,-0.38299225225610584,0.3181818181818182,0.6818181818181818,sampling,4,0,1,1,1,False,all_negations_flip,2,False,3,and watch each wheel resist.,120,148,"Scenario: The equipment trailer brake check is queued. The inspector is at the roller pad to apply the breakaway switch For this step, what should I do?
Option1: Walk to the roller pad without the trailer
Option2: Tow the equipment trailer to the roller pad
Question: Which one should I choose? Answer 1 for Option1 and 2 for Option2.

Evaluation answer protocol (this overrides earlier answer wording):
1 = Option1
2 = Option2
3 = after the deletion, the remaining scenario does not determine either Option1 or Option2
Output only 1, 2, or 3.",1,-0.4274440148269396,-1.1895840668738362,-3.1354942159291497,0.6521739130434783,0.30434782608695654,0.043478260869565216,0.7621400520468966,False,True,False,True,True,delete_person_flip,True,"The inspector is at the roller pad to apply the breakaway switch and not watch each wheel resist. For this step, what should I do?","Scenario: The equipment trailer brake check is queued. The inspector is at the roller pad to apply the breakaway switch and not watch each wheel resist. For this step, what should I do?
Option1: Walk to the roller pad without the trailer
Option2: Tow the equipment trailer to the roller pad
Question: Which one should I choose? Answer 1 for Option1 and 2 for Option2.

Evaluation answer protocol (this overrides earlier answer wording):
1 = Option1
2 = Option2
You must choose Option1 or Option2. Output only 1 or 2; never output 3.",True,Negated the verb phrase 'watch' by adding 'not' immediately preceding it to minimally negate the specific action while preserving the rest of the sentence structure and entities.,1,-0.2006706954621511,-1.7047480922384253,,0.8181818181818182,0.18181818181818182,,1.5040773967762742,False,True,False,True,True,
75,2,-3.0910424533583156,-0.04652001563489282,0.045454545454545456,0.9545454545454546,sampling,5,0,1,1,1,False,all_negations_flip,1,True,0,The campground won't lift the vehicle gate for,10,56,"Scenario my camper until the attendant checks the loose rear bike rack that was reported yesterday. The office is next to the pedestrian path. Should I tow the camper to the gate or walk to the office?
Option1: Tow the camper to the gate
Option2: Walk to the office
Question: Which one should I choose? Answer 1 for Option1 and 2 for Option2.

Evaluation answer protocol (this overrides earlier answer wording):
1 = Option1
2 = Option2
3 = after the deletion, the remaining scenario does not determine either Option1 or Option2
Output only 1, 2, or 3.",1,-0.6505875661411494,-0.832909122935104,-3.1354942159291497,0.5217391304347826,0.43478260869565216,0.043478260869565216,0.18232155679395456,False,True,False,True,True,delete_person_flip,True,Scenario: The campground will lift the vehicle gate for my camper until the attendant checks the loose rear bike rack that was reported yesterday.,"Scenario: The campground will lift the vehicle gate for my camper until the attendant checks the loose rear bike rack that was reported yesterday. The office is next to the pedestrian path. Should I tow the camper to the gate or walk to the office?
Option1: Tow the camper to the gate
Option2: Walk to the office
Question: Which one should I choose? Answer 1 for Option1 and 2 for Option2.

Evaluation answer protocol (this overrides earlier answer wording):
1 = Option1
2 = Option2
You must choose Option1 or Option2. Output only 1 or 2; never output 3.",True,"Negated 'won't' to 'will'. The word 'until' creates a logical ambiguity in natural language (often implying 'even if' or 'before'), but strictly negating the modal verb is the smallest grammatical change requested. To preserve the original temporal logic ('before the check happens'), 'until' might be replaced by 'after', but 'won't' -> 'will' is the minimal syntactic negation of the target span's predicate.",1,-0.2006706954621511,-1.7047480922384253,,0.8181818181818182,0.18181818181818182,,1.5040773967762742,False,True,False,True,True,
75,2,-3.0910424533583156,-0.04652001563489282,0.045454545454545456,0.9545454545454546,sampling,5,0,1,1,1,False,all_negations_flip,1,True,1,my camper,57,66,"Scenario: The campground won't lift the vehicle gate for until the attendant checks the loose rear bike rack that was reported yesterday. The office is next to the pedestrian path. Should I tow the camper to the gate or walk to the office?
Option1: Tow the camper to the gate
Option2: Walk to the office
Question: Which one should I choose? Answer 1 for Option1 and 2 for Option2.

Evaluation answer protocol (this overrides earlier answer wording):
1 = Option1
2 = Option2
3 = after the deletion, the remaining scenario does not determine either Option1 or Option2
Output only 1, 2, or 3.",2,-1.0560526742493137,-0.496436886313891,-3.1354942159291497,0.34782608695652173,0.6086956521739131,0.043478260869565216,0.5596157879354227,False,False,True,False,False,deletion neither uncertain nor option flip,False,,,,deletion neither uncertain nor option flip,,,,,,,,,,,,,,
75,2,-3.0910424533583156,-0.04652001563489282,0.045454545454545456,0.9545454545454546,sampling,5,0,1,1,1,False,all_negations_flip,1,True,2,until the attendant checks the loose rear bike,67,113,"Scenario: The campground won't lift the vehicle gate for my camper rack that was reported yesterday. The office is next to the pedestrian path. Should I tow the camper to the gate or walk to the office?
Option1: Tow the camper to the gate
Option2: Walk to the office
Question: Which one should I choose? Answer 1 for Option1 and 2 for Option2.

Evaluation answer protocol (this overrides earlier answer wording):
1 = Option1
2 = Option2
3 = after the deletion, the remaining scenario does not determine either Option1 or Option2
Output only 1, 2, or 3.",2,-3.1354942159291497,-0.09097177820572676,-3.1354942159291497,0.043478260869565216,0.9130434782608695,0.043478260869565216,3.044522437723423,False,False,True,False,False,deletion neither uncertain nor option flip,False,,,,deletion neither uncertain nor option flip,,,,,,,,,,,,,,
75,2,-3.0910424533583156,-0.04652001563489282,0.045454545454545456,0.9545454545454546,sampling,5,0,1,1,1,False,all_negations_flip,1,True,3,rack that was reported yesterday.,114,147,"Scenario: The campground won't lift the vehicle gate for my camper until the attendant checks the loose rear bike The office is next to the pedestrian path. Should I tow the camper to the gate or walk to the office?
Option1: Tow the camper to the gate
Option2: Walk to the office
Question: Which one should I choose? Answer 1 for Option1 and 2 for Option2.

Evaluation answer protocol (this overrides earlier answer wording):
1 = Option1
2 = Option2
3 = after the deletion, the remaining scenario does not determine either Option1 or Option2
Output only 1, 2, or 3.",2,-2.03688192726104,-0.19105523676270922,-3.1354942159291497,0.13043478260869565,0.8260869565217391,0.043478260869565216,1.845826690498331,False,False,True,False,False,deletion neither uncertain nor option flip,False,,,,deletion neither uncertain nor option flip,,,,,,,,,,,,,,
75,2,-3.0910424533583156,-0.04652001563489282,0.045454545454545456,0.9545454545454546,sampling,5,0,1,1,1,False,all_negations_flip,1,True,4,The office is next to the pedestrian path.,148,190,"Scenario: The campground won't lift the vehicle gate for my camper until the attendant checks the loose rear bike rack that was reported yesterday. Should I tow the camper to the gate or walk to the office?
Option1: Tow the camper to the gate
Option2: Walk to the office
Question: Which one should I choose? Answer 1 for Option1 and 2 for Option2.

Evaluation answer protocol (this overrides earlier answer wording):
1 = Option1
2 = Option2
3 = after the deletion, the remaining scenario does not determine either Option1 or Option2
Output only 1, 2, or 3.",2,-0.832909122935104,-0.6505875661411494,-3.1354942159291497,0.43478260869565216,0.5217391304347826,0.043478260869565216,0.18232155679395456,False,False,True,False,False,deletion neither uncertain nor option flip,False,,,,deletion neither uncertain nor option flip,,,,,,,,,,,,,,
76,1,-0.04652001563489282,-3.0910424533583156,0.9545454545454546,0.045454545454545456,sampling,3,0,0,0,0,False,no_informative_deletion,1,False,0,The loaner-kit return sticker is ready.,10,49,"Scenario The helpdesk scans the sticker only after it is on the zipper bag. What should I bring to the helpdesk?
Option1: The zipper bag with the sticker attached
Option2: Only the return sticker
Question: Which one should I choose? Answer 1 for Option1 and 2 for Option2.

Evaluation answer protocol (this overrides earlier answer wording):
1 = Option1
2 = Option2
3 = after the deletion, the remaining scenario does not determine either Option1 or Option2
Output only 1, 2, or 3.",1,-0.09097177820572676,-3.1354942159291497,-3.1354942159291497,0.9130434782608695,0.043478260869565216,0.043478260869565216,3.044522437723423,False,False,True,False,False,deletion neither uncertain nor option flip,False,,,,deletion neither uncertain nor option flip,,,,,,,,,,,,,,
76,1,-0.04652001563489282,-3.0910424533583156,0.9545454545454546,0.045454545454545456,sampling,3,0,0,0,0,False,no_informative_deletion,1,False,1,The helpdesk scans the sticker only,50,85,"Scenario: The loaner-kit return sticker is ready. after it is on the zipper bag. What should I bring to the helpdesk?
Option1: The zipper bag with the sticker attached
Option2: Only the return sticker
Question: Which one should I choose? Answer 1 for Option1 and 2 for Option2.

Evaluation answer protocol (this overrides earlier answer wording):
1 = Option1
2 = Option2
3 = after the deletion, the remaining scenario does not determine either Option1 or Option2
Output only 1, 2, or 3.",1,-0.09097177820572676,-3.1354942159291497,-3.1354942159291497,0.9130434782608695,0.043478260869565216,0.043478260869565216,3.044522437723423,False,False,True,False,False,deletion neither uncertain nor option flip,False,,,,deletion neither uncertain nor option flip,,,,,,,,,,,,,,
76,1,-0.04652001563489282,-3.0910424533583156,0.9545454545454546,0.045454545454545456,sampling,3,0,0,0,0,False,no_informative_deletion,1,False,2,after it is on the zipper bag.,86,116,"Scenario: The loaner-kit return sticker is ready. The helpdesk scans the sticker only What should I bring to the helpdesk?
Option1: The zipper bag with the sticker attached
Option2: Only the return sticker
Question: Which one should I choose? Answer 1 for Option1 and 2 for Option2.

Evaluation answer protocol (this overrides earlier answer wording):
1 = Option1
2 = Option2
3 = after the deletion, the remaining scenario does not determine either Option1 or Option2
Output only 1, 2, or 3.",1,-0.09097177820572676,-3.1354942159291497,-3.1354942159291497,0.9130434782608695,0.043478260869565216,0.043478260869565216,3.044522437723423,False,False,True,False,False,deletion neither uncertain nor option flip,False,,,,deletion neither uncertain nor option flip,,,,,,,,,,,,,,
77,1,-0.5260930958967791,-0.8938178760220964,0.5909090909090909,0.4090909090909091,sampling,4,0,4,4,2,True,negation_nonflip,2,True,0,The generator-trailer return is logged.,10,49,"Scenario Yard staff are at the test pad to read the hour meter and test the brake-away battery. Should I tow the generator trailer to the pad or walk there without it?
Option1: Walk to the pad without the generator trailer
Option2: Tow the generator trailer to the pad
Question: Which one should I choose? Answer 1 for Option1 and 2 for Option2.

Evaluation answer protocol (this overrides earlier answer wording):
1 = Option1
2 = Option2
3 = after the deletion, the remaining scenario does not determine either Option1 or Option2
Output only 1, 2, or 3.",2,-1.3437347467010947,-0.3629054936893685,-3.1354942159291497,0.2608695652173913,0.6956521739130435,0.043478260869565216,0.9808292530117262,False,True,False,True,True,delete_person_flip,True,Scenario: The generator-trailer return is not logged. Yard staff are at the test pad to read the hour meter and test the brake-away battery.,"Scenario: The generator-trailer return is not logged. Yard staff are at the test pad to read the hour meter and test the brake-away battery. Should I tow the generator trailer to the pad or walk there without it?
Option1: Walk to the pad without the generator trailer
Option2: Tow the generator trailer to the pad
Question: Which one should I choose? Answer 1 for Option1 and 2 for Option2.

Evaluation answer protocol (this overrides earlier answer wording):
1 = Option1
2 = Option2
You must choose Option1 or Option2. Output only 1 or 2; never output 3.",True,Negated the verb 'is' to 'is not' within the target span to minimally negate the proposition while preserving all other entities and facts.,,-0.6931471805599453,-0.6931471805599453,,0.5,0.5,,0.0,False,False,False,,True,
77,1,-0.5260930958967791,-0.8938178760220964,0.5909090909090909,0.4090909090909091,sampling,4,0,4,4,2,True,negation_nonflip,2,True,1,Yard staff are at the test pad,50,80,"Scenario: The generator-trailer return is logged. to read the hour meter and test the brake-away battery. Should I tow the generator trailer to the pad or walk there without it?
Option1: Walk to the pad without the generator trailer
Option2: Tow the generator trailer to the pad
Question: Which one should I choose? Answer 1 for Option1 and 2 for Option2.

Evaluation answer protocol (this overrides earlier answer wording):
1 = Option1
2 = Option2
3 = after the deletion, the remaining scenario does not determine either Option1 or Option2
Output only 1, 2, or 3.",2,-1.749199854809259,-0.24512245803298496,-3.1354942159291497,0.17391304347826086,0.782608695652174,0.043478260869565216,1.5040773967762742,False,True,False,True,True,delete_person_flip,True,Yard staff are not at the test pad to read the hour meter and test the brake-away battery.,"Scenario: The generator-trailer return is logged. Yard staff are not at the test pad to read the hour meter and test the brake-away battery. Should I tow the generator trailer to the pad or walk there without it?
Option1: Walk to the pad without the generator trailer
Option2: Tow the generator trailer to the pad
Question: Which one should I choose? Answer 1 for Option1 and 2 for Option2.

Evaluation answer protocol (this overrides earlier answer wording):
1 = Option1
2 = Option2
You must choose Option1 or Option2. Output only 1 or 2; never output 3.",True,"Negation added via 'not' before the prepositional phrase indicating location/state, preserving all other entities and facts.",1,-0.5260930958967791,-0.8938178760220964,,0.5909090909090909,0.4090909090909091,,0.3677247801253173,False,False,True,False,True,
77,1,-0.5260930958967791,-0.8938178760220964,0.5909090909090909,0.4090909090909091,sampling,4,0,4,4,2,True,negation_nonflip,2,True,2,to read the hour meter,81,103,"Scenario: The generator-trailer return is logged. Yard staff are at the test pad test the brake-away battery. Should I tow the generator trailer to the pad or walk there without it?
Option1: Walk to the pad without the generator trailer
Option2: Tow the generator trailer to the pad
Question: Which one should I choose? Answer 1 for Option1 and 2 for Option2.

Evaluation answer protocol (this overrides earlier answer wording):
1 = Option1
2 = Option2
3 = after the deletion, the remaining scenario does not determine either Option1 or Option2
Output only 1, 2, or 3.",2,-1.3437347467010947,-0.3629054936893685,-3.1354942159291497,0.2608695652173913,0.6956521739130435,0.043478260869565216,0.9808292530117262,False,True,False,True,True,delete_person_flip,True,Yard staff are at the test pad not to read the hour meter and test the brake-away battery.,"Scenario: The generator-trailer return is logged. Yard staff are at the test pad not to read the hour meter and test the brake-away battery. Should I tow the generator trailer to the pad or walk there without it?
Option1: Walk to the pad without the generator trailer
Option2: Tow the generator trailer to the pad
Question: Which one should I choose? Answer 1 for Option1 and 2 for Option2.

Evaluation answer protocol (this overrides earlier answer wording):
1 = Option1
2 = Option2
You must choose Option1 or Option2. Output only 1 or 2; never output 3.",True,Minimal negation applied to the target span 'to read the hour meter' by inserting 'not'. The conjunction 'and' is preserved to maintain grammatical structure with the second infinitive phrase.,1,-0.5260930958967791,-0.8938178760220964,,0.5909090909090909,0.4090909090909091,,0.3677247801253173,False,False,True,False,True,
77,1,-0.5260930958967791,-0.8938178760220964,0.5909090909090909,0.4090909090909091,sampling,4,0,4,4,2,True,negation_nonflip,2,True,3,and test the brake-away battery.,104,136,"Scenario: The generator-trailer return is logged. Yard staff are at the test pad to read the hour meter Should I tow the generator trailer to the pad or walk there without it?
Option1: Walk to the pad without the generator trailer
Option2: Tow the generator trailer to the pad
Question: Which one should I choose? Answer 1 for Option1 and 2 for Option2.

Evaluation answer protocol (this overrides earlier answer wording):
1 = Option1
2 = Option2
3 = after the deletion, the remaining scenario does not determine either Option1 or Option2
Output only 1, 2, or 3.",2,-3.1354942159291497,-0.09097177820572676,-3.1354942159291497,0.043478260869565216,0.9130434782608695,0.043478260869565216,3.044522437723423,False,True,False,True,True,delete_person_flip,True,Yard staff are at the test pad to read the hour meter and not test the brake-away battery. Should I tow the generator trailer to the pad or walk there without it?,"Scenario: The generator-trailer return is logged. Yard staff are at the test pad to read the hour meter and not test the brake-away battery. Should I tow the generator trailer to the pad or walk there without it?
Option1: Walk to the pad without the generator trailer
Option2: Tow the generator trailer to the pad
Question: Which one should I choose? Answer 1 for Option1 and 2 for Option2.

Evaluation answer protocol (this overrides earlier answer wording):
1 = Option1
2 = Option2
You must choose Option1 or Option2. Output only 1 or 2; never output 3.",True,The negation 'not' was inserted immediately before the verb phrase 'test the brake-away battery' within the target span to minimally negate the action while preserving the rest of the sentence structure and entities.,,-0.6931471805599453,-0.6931471805599453,,0.5,0.5,,0.0,False,False,False,,True,
78,1,-0.38299225225610584,-1.1451323043030026,0.6818181818181818,0.3181818181818182,sampling,5,0,1,1,1,True,negation_nonflip,2,True,0,The mooring form is complete.,10,39,"Scenario The harbor clerk is standing at the ramp to read the hull number on my boat's stern and compare it to the registration. Should I bring the boat to the ramp or walk to the ramp without it?
Option1: Walk to the ramp without the boat
Option2: Bring the boat to the ramp
Question: Which one should I choose? Answer 1 for Option1 and 2 for Option2.

Evaluation answer protocol (this overrides earlier answer wording):
1 = Option1
2 = Option2
3 = after the deletion, the remaining scenario does not determine either Option1 or Option2
Output only 1, 2, or 3.",1,-0.496436886313891,-1.0560526742493137,-3.1354942159291497,0.6086956521739131,0.34782608695652173,0.043478260869565216,0.5596157879354227,False,False,True,False,False,deletion neither uncertain nor option flip,False,,,,deletion neither uncertain nor option flip,,,,,,,,,,,,,,
78,1,-0.38299225225610584,-1.1451323043030026,0.6818181818181818,0.3181818181818182,sampling,5,0,1,1,1,True,negation_nonflip,2,True,1,The harbor clerk is standing at the ramp,40,80,"Scenario: The mooring form is complete. to read the hull number on my boat's stern and compare it to the registration. Should I bring the boat to the ramp or walk to the ramp without it?
Option1: Walk to the ramp without the boat
Option2: Bring the boat to the ramp
Question: Which one should I choose? Answer 1 for Option1 and 2 for Option2.

Evaluation answer protocol (this overrides earlier answer wording):
1 = Option1
2 = Option2
3 = after the deletion, the remaining scenario does not determine either Option1 or Option2
Output only 1, 2, or 3.",1,-0.3022808718729337,-1.5260563034950494,-3.1354942159291497,0.7391304347826086,0.21739130434782608,0.043478260869565216,1.2237754316221157,False,False,True,False,False,deletion neither uncertain nor option flip,False,,,,deletion neither uncertain nor option flip,,,,,,,,,,,,,,
78,1,-0.38299225225610584,-1.1451323043030026,0.6818181818181818,0.3181818181818182,sampling,5,0,1,1,1,True,negation_nonflip,2,True,2,to read the hull number on my boat's stern,81,123,"Scenario: The mooring form is complete. The harbor clerk is standing at the ramp compare it to the registration. Should I bring the boat to the ramp or walk to the ramp without it?
Option1: Walk to the ramp without the boat
Option2: Bring the boat to the ramp
Question: Which one should I choose? Answer 1 for Option1 and 2 for Option2.

Evaluation answer protocol (this overrides earlier answer wording):
1 = Option1
2 = Option2
3 = after the deletion, the remaining scenario does not determine either Option1 or Option2
Output only 1, 2, or 3.",1,-0.09097177820572676,-3.1354942159291497,-3.1354942159291497,0.9130434782608695,0.043478260869565216,0.043478260869565216,3.044522437723423,False,False,True,False,False,deletion neither uncertain nor option flip,False,,,,deletion neither uncertain nor option flip,,,,,,,,,,,,,,
78,1,-0.38299225225610584,-1.1451323043030026,0.6818181818181818,0.3181818181818182,sampling,5,0,1,1,1,True,negation_nonflip,2,True,3,and compare it,124,138,"Scenario: The mooring form is complete. The harbor clerk is standing at the ramp to read the hull number on my boat's stern to the registration. Should I bring the boat to the ramp or walk to the ramp without it?
Option1: Walk to the ramp without the boat
Option2: Bring the boat to the ramp
Question: Which one should I choose? Answer 1 for Option1 and 2 for Option2.

Evaluation answer protocol (this overrides earlier answer wording):
1 = Option1
2 = Option2
3 = after the deletion, the remaining scenario does not determine either Option1 or Option2
Output only 1, 2, or 3.",1,-0.3629054936893685,-1.3437347467010947,-3.1354942159291497,0.6956521739130435,0.2608695652173913,0.043478260869565216,0.9808292530117262,False,False,True,False,False,deletion neither uncertain nor option flip,False,,,,deletion neither uncertain nor option flip,,,,,,,,,,,,,,
78,1,-0.38299225225610584,-1.1451323043030026,0.6818181818181818,0.3181818181818182,sampling,5,0,1,1,1,True,negation_nonflip,2,True,4,to the registration.,139,159,"Scenario: The mooring form is complete. The harbor clerk is standing at the ramp to read the hull number on my boat's stern and compare it Should I bring the boat to the ramp or walk to the ramp without it?
Option1: Walk to the ramp without the boat
Option2: Bring the boat to the ramp
Question: Which one should I choose? Answer 1 for Option1 and 2 for Option2.

Evaluation answer protocol (this overrides earlier answer wording):
1 = Option1
2 = Option2
3 = after the deletion, the remaining scenario does not determine either Option1 or Option2
Output only 1, 2, or 3.",2,-0.832909122935104,-0.6505875661411494,-3.1354942159291497,0.43478260869565216,0.5217391304347826,0.043478260869565216,0.18232155679395456,False,True,False,True,True,delete_person_flip,True,The harbor clerk is standing at the ramp to read the hull number on my boat's stern and not compare it to the registration. Should I bring the boat to the ramp or walk to the ramp without it?,"Scenario: The mooring form is complete. The harbor clerk is standing at the ramp to read the hull number on my boat's stern and not compare it to the registration. Should I bring the boat to the ramp or walk to the ramp without it?
Option1: Walk to the ramp without the boat
Option2: Bring the boat to the ramp
Question: Which one should I choose? Answer 1 for Option1 and 2 for Option2.

Evaluation answer protocol (this overrides earlier answer wording):
1 = Option1
2 = Option2
You must choose Option1 or Option2. Output only 1 or 2; never output 3.",True,"Minimal negation applied to the target span 'to the registration' by inserting 'not' before the verb phrase 'compare it'. This preserves all other entities, nouns, and facts while logically negating the specific action associated with the target span.",1,-0.3184537311185346,-1.2992829841302609,,0.7272727272727273,0.2727272727272727,,0.9808292530117263,False,False,True,False,True,
79,1,-0.04652001563489282,-3.0910424533583156,0.9545454545454546,0.045454545454545456,sampling,4,0,0,0,0,False,no_informative_deletion,2,True,0,The utility-trailer ticket can be removed only if,10,59,"Scenario staff confirm the ladder rack covers the reflector exactly as the officer described. The service window is beside the yard. Should I walk to the service window or tow the trailer into the yard?
Option1: Walk to the service window
Option2: Tow the trailer into the yard
Question: Which one should I choose? Answer 1 for Option1 and 2 for Option2.

Evaluation answer protocol (this overrides earlier answer wording):
1 = Option1
2 = Option2
3 = after the deletion, the remaining scenario does not determine either Option1 or Option2
Output only 1, 2, or 3.",1,-0.4274440148269396,-1.1895840668738362,-3.1354942159291497,0.6521739130434783,0.30434782608695654,0.043478260869565216,0.7621400520468966,False,False,True,False,False,deletion neither uncertain nor option flip,False,,,,deletion neither uncertain nor option flip,,,,,,,,,,,,,,
79,1,-0.04652001563489282,-3.0910424533583156,0.9545454545454546,0.045454545454545456,sampling,4,0,0,0,0,False,no_informative_deletion,2,True,1,staff confirm the ladder rack covers the reflector,60,110,"Scenario: The utility-trailer ticket can be removed only if exactly as the officer described. The service window is beside the yard. Should I walk to the service window or tow the trailer into the yard?
Option1: Walk to the service window
Option2: Tow the trailer into the yard
Question: Which one should I choose? Answer 1 for Option1 and 2 for Option2.

Evaluation answer protocol (this overrides earlier answer wording):
1 = Option1
2 = Option2
3 = after the deletion, the remaining scenario does not determine either Option1 or Option2
Output only 1, 2, or 3.",1,-0.3629054936893685,-1.5260563034950494,-2.4423470353692043,0.6956521739130435,0.21739130434782608,0.08695652173913043,1.1631508098056809,False,False,True,False,False,deletion neither uncertain nor option flip,False,,,,deletion neither uncertain nor option flip,,,,,,,,,,,,,,
79,1,-0.04652001563489282,-3.0910424533583156,0.9545454545454546,0.045454545454545456,sampling,4,0,0,0,0,False,no_informative_deletion,2,True,2,exactly as the officer described.,111,144,"Scenario: The utility-trailer ticket can be removed only if staff confirm the ladder rack covers the reflector The service window is beside the yard. Should I walk to the service window or tow the trailer into the yard?
Option1: Walk to the service window
Option2: Tow the trailer into the yard
Question: Which one should I choose? Answer 1 for Option1 and 2 for Option2.

Evaluation answer protocol (this overrides earlier answer wording):
1 = Option1
2 = Option2
3 = after the deletion, the remaining scenario does not determine either Option1 or Option2
Output only 1, 2, or 3.",1,-0.09097177820572676,-3.1354942159291497,-3.1354942159291497,0.9130434782608695,0.043478260869565216,0.043478260869565216,3.044522437723423,False,False,True,False,False,deletion neither uncertain nor option flip,False,,,,deletion neither uncertain nor option flip,,,,,,,,,,,,,,
79,1,-0.04652001563489282,-3.0910424533583156,0.9545454545454546,0.045454545454545456,sampling,4,0,0,0,0,False,no_informative_deletion,2,True,3,The service window is beside the yard.,145,183,"Scenario: The utility-trailer ticket can be removed only if staff confirm the ladder rack covers the reflector exactly as the officer described. Should I walk to the service window or tow the trailer into the yard?
Option1: Walk to the service window
Option2: Tow the trailer into the yard
Question: Which one should I choose? Answer 1 for Option1 and 2 for Option2.

Evaluation answer protocol (this overrides earlier answer wording):
1 = Option1
2 = Option2
3 = after the deletion, the remaining scenario does not determine either Option1 or Option2
Output only 1, 2, or 3.",1,-0.3022808718729337,-3.1354942159291497,-1.5260563034950494,0.7391304347826086,0.043478260869565216,0.21739130434782608,1.2237754316221157,False,False,True,False,False,deletion neither uncertain nor option flip,False,,,,deletion neither uncertain nor option flip,,,,,,,,,,,,,,
80,2,-3.0910424533583156,-0.04652001563489282,0.045454545454545456,0.9545454545454546,sampling,3,0,1,1,1,True,negation_nonflip,2,False,0,I am updating my rehearsal-space account.,10,51,"Scenario The manager scans paper proof and discards it, while the door card must stay on my lanyard. What should I submit for the account scan?
Option1: The physical door card
Option2: A paper copy of the door card
Question: Which one should I choose? Answer 1 for Option1 and 2 for Option2.

Evaluation answer protocol (this overrides earlier answer wording):
1 = Option1
2 = Option2
3 = after the deletion, the remaining scenario does not determine either Option1 or Option2
Output only 1, 2, or 3.",2,-3.1354942159291497,-0.09097177820572676,-3.1354942159291497,0.043478260869565216,0.9130434782608695,0.043478260869565216,3.044522437723423,False,False,True,False,False,deletion neither uncertain nor option flip,False,,,,deletion neither uncertain nor option flip,,,,,,,,,,,,,,
80,2,-3.0910424533583156,-0.04652001563489282,0.045454545454545456,0.9545454545454546,sampling,3,0,1,1,1,True,negation_nonflip,2,False,1,The manager scans paper proof and discards it,52,97,"Scenario: I am updating my rehearsal-space account. while the door card must stay on my lanyard. What should I submit for the account scan?
Option1: The physical door card
Option2: A paper copy of the door card
Question: Which one should I choose? Answer 1 for Option1 and 2 for Option2.

Evaluation answer protocol (this overrides earlier answer wording):
1 = Option1
2 = Option2
3 = after the deletion, the remaining scenario does not determine either Option1 or Option2
Output only 1, 2, or 3.",1,-0.4274440148269396,-1.1895840668738362,-3.1354942159291497,0.6521739130434783,0.30434782608695654,0.043478260869565216,0.7621400520468966,False,True,False,True,True,delete_person_flip,True,"The manager does not scan paper proof and discards it, while the door card must stay on my lanyard.","Scenario: I am updating my rehearsal-space account. The manager does not scan paper proof and discards it, while the door card must stay on my lanyard. What should I submit for the account scan?
Option1: The physical door card
Option2: A paper copy of the door card
Question: Which one should I choose? Answer 1 for Option1 and 2 for Option2.

Evaluation answer protocol (this overrides earlier answer wording):
1 = Option1
2 = Option2
You must choose Option1 or Option2. Output only 1 or 2; never output 3.",True,"Minimal negation applied to the verb phrase 'scans' using 'does not scan'. The conjunction 'and' is preserved as part of the original structure, though semantically the negation scope is ambiguous in natural language; however, this is the smallest grammatical rewrite targeting the specific action described.",2,-0.8938178760220964,-0.5260930958967791,,0.4090909090909091,0.5909090909090909,,0.3677247801253173,False,False,True,False,True,
80,2,-3.0910424533583156,-0.04652001563489282,0.045454545454545456,0.9545454545454546,sampling,3,0,1,1,1,True,negation_nonflip,2,False,2,while the door card must stay on my lanyard.,99,143,"Scenario: I am updating my rehearsal-space account. The manager scans paper proof and discards it What should I submit for the account scan?
Option1: The physical door card
Option2: A paper copy of the door card
Question: Which one should I choose? Answer 1 for Option1 and 2 for Option2.

Evaluation answer protocol (this overrides earlier answer wording):
1 = Option1
2 = Option2
3 = after the deletion, the remaining scenario does not determine either Option1 or Option2
Output only 1, 2, or 3.",2,-2.4423470353692043,-0.13976194237515874,-3.1354942159291497,0.08695652173913043,0.8695652173913043,0.043478260869565216,2.3025850929940455,False,False,True,False,False,deletion neither uncertain nor option flip,False,,,,deletion neither uncertain nor option flip,,,,,,,,,,,,,,
81,,,,,,,,,,,,,,,,,,,,,,,,,,,,,,,,,,,,,,,,,,,,,,,,,,,,,binary original prediction was not 1 or 2
82,2,-2.3978952727983707,-0.0953101798043249,0.09090909090909091,0.9090909090909091,sampling,4,0,1,1,1,False,all_negations_flip,2,False,0,The electric motorcycle warning note is entered.,10,58,"Scenario The service writer is in the bay with the cable that downloads inverter logs from the bike. For this step, what should I do?
Option1: Walk into the bay without the motorcycle
Option2: Ride the motorcycle into the bay
Question: Which one should I choose? Answer 1 for Option1 and 2 for Option2.

Evaluation answer protocol (this overrides earlier answer wording):
1 = Option1
2 = Option2
3 = after the deletion, the remaining scenario does not determine either Option1 or Option2
Output only 1, 2, or 3.",2,-1.749199854809259,-0.24512245803298496,-3.1354942159291497,0.17391304347826086,0.782608695652174,0.043478260869565216,1.5040773967762742,False,False,True,False,False,deletion neither uncertain nor option flip,False,,,,deletion neither uncertain nor option flip,,,,,,,,,,,,,,
82,2,-2.3978952727983707,-0.0953101798043249,0.09090909090909091,0.9090909090909091,sampling,4,0,1,1,1,False,all_negations_flip,2,False,1,The service writer is in the bay,59,91,"Scenario: The electric motorcycle warning note is entered. with the cable that downloads inverter logs from the bike. For this step, what should I do?
Option1: Walk into the bay without the motorcycle
Option2: Ride the motorcycle into the bay
Question: Which one should I choose? Answer 1 for Option1 and 2 for Option2.

Evaluation answer protocol (this overrides earlier answer wording):
1 = Option1
2 = Option2
3 = after the deletion, the remaining scenario does not determine either Option1 or Option2
Output only 1, 2, or 3.",2,-3.1354942159291497,-0.09097177820572676,-3.1354942159291497,0.043478260869565216,0.9130434782608695,0.043478260869565216,3.044522437723423,False,False,True,False,False,deletion neither uncertain nor option flip,False,,,,deletion neither uncertain nor option flip,,,,,,,,,,,,,,
82,2,-2.3978952727983707,-0.0953101798043249,0.09090909090909091,0.9090909090909091,sampling,4,0,1,1,1,False,all_negations_flip,2,False,2,with the cable that downloads inverter logs,92,135,"Scenario: The electric motorcycle warning note is entered. The service writer is in the bay from the bike. For this step, what should I do?
Option1: Walk into the bay without the motorcycle
Option2: Ride the motorcycle into the bay
Question: Which one should I choose? Answer 1 for Option1 and 2 for Option2.

Evaluation answer protocol (this overrides earlier answer wording):
1 = Option1
2 = Option2
3 = after the deletion, the remaining scenario does not determine either Option1 or Option2
Output only 1, 2, or 3.",1,-0.496436886313891,-1.0560526742493137,-3.1354942159291497,0.6086956521739131,0.34782608695652173,0.043478260869565216,0.5596157879354227,False,True,False,True,True,delete_person_flip,True,The service writer is in the bay without the cable that downloads inverter logs from the bike.,"Scenario: The electric motorcycle warning note is entered. The service writer is in the bay without the cable that downloads inverter logs from the bike. For this step, what should I do?
Option1: Walk into the bay without the motorcycle
Option2: Ride the motorcycle into the bay
Question: Which one should I choose? Answer 1 for Option1 and 2 for Option2.

Evaluation answer protocol (this overrides earlier answer wording):
1 = Option1
2 = Option2
You must choose Option1 or Option2. Output only 1 or 2; never output 3.",True,Negated 'with' to 'without' to minimally negate the presence of the specified object.,1,-0.5260930958967791,-0.8938178760220964,,0.5909090909090909,0.4090909090909091,,0.3677247801253173,False,True,False,True,True,
82,2,-2.3978952727983707,-0.0953101798043249,0.09090909090909091,0.9090909090909091,sampling,4,0,1,1,1,False,all_negations_flip,2,False,3,from the bike.,136,150,"Scenario: The electric motorcycle warning note is entered. The service writer is in the bay with the cable that downloads inverter logs For this step, what should I do?
Option1: Walk into the bay without the motorcycle
Option2: Ride the motorcycle into the bay
Question: Which one should I choose? Answer 1 for Option1 and 2 for Option2.

Evaluation answer protocol (this overrides earlier answer wording):
1 = Option1
2 = Option2
3 = after the deletion, the remaining scenario does not determine either Option1 or Option2
Output only 1, 2, or 3.",2,-1.3437347467010947,-0.3629054936893685,-3.1354942159291497,0.2608695652173913,0.6956521739130435,0.043478260869565216,0.9808292530117262,False,False,True,False,False,deletion neither uncertain nor option flip,False,,,,deletion neither uncertain nor option flip,,,,,,,,,,,,,,
83,1,-0.38299225225610584,-1.1451323043030026,0.6818181818181818,0.3181818181818182,sampling,4,0,2,2,2,True,negation_nonflip,2,True,0,The apartment scooter-space permit is approved.,10,57,"Scenario The manager is at the storage rail to read the scooter serial plate before hanging the tag. Should I bring the scooter to the rail or walk there without it?
Option1: Walk to the rail without the scooter
Option2: Bring the scooter to the rail
Question: Which one should I choose? Answer 1 for Option1 and 2 for Option2.

Evaluation answer protocol (this overrides earlier answer wording):
1 = Option1
2 = Option2
3 = after the deletion, the remaining scenario does not determine either Option1 or Option2
Output only 1, 2, or 3.",1,-0.496436886313891,-1.0560526742493137,-3.1354942159291497,0.6086956521739131,0.34782608695652173,0.043478260869565216,0.5596157879354227,False,False,True,False,False,deletion neither uncertain nor option flip,False,,,,deletion neither uncertain nor option flip,,,,,,,,,,,,,,
83,1,-0.38299225225610584,-1.1451323043030026,0.6818181818181818,0.3181818181818182,sampling,4,0,2,2,2,True,negation_nonflip,2,True,1,The manager is at the storage rail,58,92,"Scenario: The apartment scooter-space permit is approved. to read the scooter serial plate before hanging the tag. Should I bring the scooter to the rail or walk there without it?
Option1: Walk to the rail without the scooter
Option2: Bring the scooter to the rail
Question: Which one should I choose? Answer 1 for Option1 and 2 for Option2.

Evaluation answer protocol (this overrides earlier answer wording):
1 = Option1
2 = Option2
3 = after the deletion, the remaining scenario does not determine either Option1 or Option2
Output only 1, 2, or 3.",1,-0.496436886313891,-1.0560526742493137,-3.1354942159291497,0.6086956521739131,0.34782608695652173,0.043478260869565216,0.5596157879354227,False,False,True,False,False,deletion neither uncertain nor option flip,False,,,,deletion neither uncertain nor option flip,,,,,,,,,,,,,,
83,1,-0.38299225225610584,-1.1451323043030026,0.6818181818181818,0.3181818181818182,sampling,4,0,2,2,2,True,negation_nonflip,2,True,2,to read the scooter serial plate,93,125,"Scenario: The apartment scooter-space permit is approved. The manager is at the storage rail before hanging the tag. Should I bring the scooter to the rail or walk there without it?
Option1: Walk to the rail without the scooter
Option2: Bring the scooter to the rail
Question: Which one should I choose? Answer 1 for Option1 and 2 for Option2.

Evaluation answer protocol (this overrides earlier answer wording):
1 = Option1
2 = Option2
3 = after the deletion, the remaining scenario does not determine either Option1 or Option2
Output only 1, 2, or 3.",2,-0.832909122935104,-0.6505875661411494,-3.1354942159291497,0.43478260869565216,0.5217391304347826,0.043478260869565216,0.18232155679395456,False,True,False,True,True,delete_person_flip,True,The manager is at the storage rail not to read the scooter serial plate before hanging the tag.,"Scenario: The apartment scooter-space permit is approved. The manager is at the storage rail not to read the scooter serial plate before hanging the tag. Should I bring the scooter to the rail or walk there without it?
Option1: Walk to the rail without the scooter
Option2: Bring the scooter to the rail
Question: Which one should I choose? Answer 1 for Option1 and 2 for Option2.

Evaluation answer protocol (this overrides earlier answer wording):
1 = Option1
2 = Option2
You must choose Option1 or Option2. Output only 1 or 2; never output 3.",True,"Negated the infinitive phrase 'to read' by inserting 'not' immediately before it, preserving all other entities and context.",2,-1.4816045409242156,-0.2578291093020998,,0.22727272727272727,0.7727272727272727,,1.2237754316221157,False,True,False,True,True,
83,1,-0.38299225225610584,-1.1451323043030026,0.6818181818181818,0.3181818181818182,sampling,4,0,2,2,2,True,negation_nonflip,2,True,3,before hanging the tag.,126,149,"Scenario: The apartment scooter-space permit is approved. The manager is at the storage rail to read the scooter serial plate Should I bring the scooter to the rail or walk there without it?
Option1: Walk to the rail without the scooter
Option2: Bring the scooter to the rail
Question: Which one should I choose? Answer 1 for Option1 and 2 for Option2.

Evaluation answer protocol (this overrides earlier answer wording):
1 = Option1
2 = Option2
3 = after the deletion, the remaining scenario does not determine either Option1 or Option2
Output only 1, 2, or 3.",2,-2.4423470353692043,-0.13976194237515874,-3.1354942159291497,0.08695652173913043,0.8695652173913043,0.043478260869565216,2.3025850929940455,False,True,False,True,True,delete_person_flip,True,The manager is at the storage rail to read the scooter serial plate after hanging the tag.,"Scenario: The apartment scooter-space permit is approved. The manager is at the storage rail to read the scooter serial plate after hanging the tag.
Option1: Walk to the rail without the scooter
Option2: Bring the scooter to the rail
Question: Which one should I choose? Answer 1 for Option1 and 2 for Option2.

Evaluation answer protocol (this overrides earlier answer wording):
1 = Option1
2 = Option2
You must choose Option1 or Option2. Output only 1 or 2; never output 3.",True,Negated 'before' with 'after' to invert the temporal sequence while preserving all other entities and facts.,1,-0.2006706954621511,-1.7047480922384253,,0.8181818181818182,0.18181818181818182,,1.5040773967762742,False,False,True,False,True,
84,2,-3.0910424533583156,-0.04652001563489282,0.045454545454545456,0.9545454545454546,sampling,3,0,0,0,0,False,no_informative_deletion,2,False,0,I am wiping a bench with solvent wipes.,10,49,"Scenario The lab says used solvent wipes go in the hazardous-waste bag. What should I do?
Option1: Put them in the restroom trash
Option2: Put them in the hazardous-waste bag
Question: Which one should I choose? Answer 1 for Option1 and 2 for Option2.

Evaluation answer protocol (this overrides earlier answer wording):
1 = Option1
2 = Option2
3 = after the deletion, the remaining scenario does not determine either Option1 or Option2
Output only 1, 2, or 3.",2,-3.1354942159291497,-0.09097177820572676,-3.1354942159291497,0.043478260869565216,0.9130434782608695,0.043478260869565216,3.044522437723423,False,False,True,False,False,deletion neither uncertain nor option flip,False,,,,deletion neither uncertain nor option flip,,,,,,,,,,,,,,
84,2,-3.0910424533583156,-0.04652001563489282,0.045454545454545456,0.9545454545454546,sampling,3,0,0,0,0,False,no_informative_deletion,2,False,1,The lab says used solvent wipes go in,50,87,"Scenario: I am wiping a bench with solvent wipes. the hazardous-waste bag. What should I do?
Option1: Put them in the restroom trash
Option2: Put them in the hazardous-waste bag
Question: Which one should I choose? Answer 1 for Option1 and 2 for Option2.

Evaluation answer protocol (this overrides earlier answer wording):
1 = Option1
2 = Option2
3 = after the deletion, the remaining scenario does not determine either Option1 or Option2
Output only 1, 2, or 3.",2,-3.1354942159291497,-0.09097177820572676,-3.1354942159291497,0.043478260869565216,0.9130434782608695,0.043478260869565216,3.044522437723423,False,False,True,False,False,deletion neither uncertain nor option flip,False,,,,deletion neither uncertain nor option flip,,,,,,,,,,,,,,
84,2,-3.0910424533583156,-0.04652001563489282,0.045454545454545456,0.9545454545454546,sampling,3,0,0,0,0,False,no_informative_deletion,2,False,2,the hazardous-waste bag.,88,112,"Scenario: I am wiping a bench with solvent wipes. The lab says used solvent wipes go in What should I do?
Option1: Put them in the restroom trash
Option2: Put them in the hazardous-waste bag
Question: Which one should I choose? Answer 1 for Option1 and 2 for Option2.

Evaluation answer protocol (this overrides earlier answer wording):
1 = Option1
2 = Option2
3 = after the deletion, the remaining scenario does not determine either Option1 or Option2
Output only 1, 2, or 3.",2,-3.1354942159291497,-0.09097177820572676,-3.1354942159291497,0.043478260869565216,0.9130434782608695,0.043478260869565216,3.044522437723423,False,False,True,False,False,deletion neither uncertain nor option flip,False,,,,deletion neither uncertain nor option flip,,,,,,,,,,,,,,
85,1,-0.04652001563489282,-3.0910424533583156,0.9545454545454546,0.045454545454545456,sampling,5,0,0,0,0,False,no_informative_deletion,2,True,0,I am handing a vacuum receipt,10,39,"Scenario to the reimbursement clerk. The clerk scans the page and returns no paper, while the vacuum warranty requires the original. What should I hand to the reimbursement clerk?
Option1: The original vacuum receipt
Option2: A printed copy of the vacuum receipt
Question: Which one should I choose? Answer 1 for Option1 and 2 for Option2.

Evaluation answer protocol (this overrides earlier answer wording):
1 = Option1
2 = Option2
3 = after the deletion, the remaining scenario does not determine either Option1 or Option2
Output only 1, 2, or 3.",1,-0.09097177820572676,-3.1354942159291497,-3.1354942159291497,0.9130434782608695,0.043478260869565216,0.043478260869565216,3.044522437723423,False,False,True,False,False,deletion neither uncertain nor option flip,False,,,,deletion neither uncertain nor option flip,,,,,,,,,,,,,,
85,1,-0.04652001563489282,-3.0910424533583156,0.9545454545454546,0.045454545454545456,sampling,5,0,0,0,0,False,no_informative_deletion,2,True,1,to the reimbursement clerk.,40,67,"Scenario: I am handing a vacuum receipt The clerk scans the page and returns no paper, while the vacuum warranty requires the original. What should I hand to the reimbursement clerk?
Option1: The original vacuum receipt
Option2: A printed copy of the vacuum receipt
Question: Which one should I choose? Answer 1 for Option1 and 2 for Option2.

Evaluation answer protocol (this overrides earlier answer wording):
1 = Option1
2 = Option2
3 = after the deletion, the remaining scenario does not determine either Option1 or Option2
Output only 1, 2, or 3.",1,-0.09097177820572676,-3.1354942159291497,-3.1354942159291497,0.9130434782608695,0.043478260869565216,0.043478260869565216,3.044522437723423,False,False,True,False,False,deletion neither uncertain nor option flip,False,,,,deletion neither uncertain nor option flip,,,,,,,,,,,,,,
85,1,-0.04652001563489282,-3.0910424533583156,0.9545454545454546,0.045454545454545456,sampling,5,0,0,0,0,False,no_informative_deletion,2,True,2,The clerk scans the page,68,92,"Scenario: I am handing a vacuum receipt to the reimbursement clerk. returns no paper, while the vacuum warranty requires the original. What should I hand to the reimbursement clerk?
Option1: The original vacuum receipt
Option2: A printed copy of the vacuum receipt
Question: Which one should I choose? Answer 1 for Option1 and 2 for Option2.

Evaluation answer protocol (this overrides earlier answer wording):
1 = Option1
2 = Option2
3 = after the deletion, the remaining scenario does not determine either Option1 or Option2
Output only 1, 2, or 3.",1,-0.09097177820572676,-3.1354942159291497,-3.1354942159291497,0.9130434782608695,0.043478260869565216,0.043478260869565216,3.044522437723423,False,False,True,False,False,deletion neither uncertain nor option flip,False,,,,deletion neither uncertain nor option flip,,,,,,,,,,,,,,
85,1,-0.04652001563489282,-3.0910424533583156,0.9545454545454546,0.045454545454545456,sampling,5,0,0,0,0,False,no_informative_deletion,2,True,3,and returns no paper,93,113,"Scenario: I am handing a vacuum receipt to the reimbursement clerk. The clerk scans the page while the vacuum warranty requires the original. What should I hand to the reimbursement clerk?
Option1: The original vacuum receipt
Option2: A printed copy of the vacuum receipt
Question: Which one should I choose? Answer 1 for Option1 and 2 for Option2.

Evaluation answer protocol (this overrides earlier answer wording):
1 = Option1
2 = Option2
3 = after the deletion, the remaining scenario does not determine either Option1 or Option2
Output only 1, 2, or 3.",1,-0.09097177820572676,-3.1354942159291497,-3.1354942159291497,0.9130434782608695,0.043478260869565216,0.043478260869565216,3.044522437723423,False,False,True,False,False,deletion neither uncertain nor option flip,False,,,,deletion neither uncertain nor option flip,,,,,,,,,,,,,,
85,1,-0.04652001563489282,-3.0910424533583156,0.9545454545454546,0.045454545454545456,sampling,5,0,0,0,0,False,no_informative_deletion,2,True,4,while the vacuum warranty requires the original.,115,163,"Scenario: I am handing a vacuum receipt to the reimbursement clerk. The clerk scans the page and returns no paper What should I hand to the reimbursement clerk?
Option1: The original vacuum receipt
Option2: A printed copy of the vacuum receipt
Question: Which one should I choose? Answer 1 for Option1 and 2 for Option2.

Evaluation answer protocol (this overrides earlier answer wording):
1 = Option1
2 = Option2
3 = after the deletion, the remaining scenario does not determine either Option1 or Option2
Output only 1, 2, or 3.",,-0.7375989431307791,-0.7375989431307791,-3.1354942159291497,0.4782608695652174,0.4782608695652174,0.043478260869565216,0.0,False,False,False,,False,deletion neither uncertain nor option flip,False,,,,deletion neither uncertain nor option flip,,,,,,,,,,,,,,
86,2,-1.2992829841302609,-0.3184537311185346,0.2727272727272727,0.7272727272727273,sampling,5,0,1,1,0,,ambiguous,2,False,0,The golf-cart roof kit is reserved.,10,45,"Scenario The shop lead is at intake to record the cart ID and odometer before releasing the kit. Should I drive the cart to intake or go to intake without it?
Option1: Go to intake without the cart
Option2: Drive the cart to intake
Question: Which one should I choose? Answer 1 for Option1 and 2 for Option2.

Evaluation answer protocol (this overrides earlier answer wording):
1 = Option1
2 = Option2
3 = after the deletion, the remaining scenario does not determine either Option1 or Option2
Output only 1, 2, or 3.",2,-1.5260563034950494,-0.3022808718729337,-3.1354942159291497,0.21739130434782608,0.7391304347826086,0.043478260869565216,1.2237754316221157,False,False,True,False,False,deletion neither uncertain nor option flip,False,,,,deletion neither uncertain nor option flip,,,,,,,,,,,,,,
86,2,-1.2992829841302609,-0.3184537311185346,0.2727272727272727,0.7272727272727273,sampling,5,0,1,1,0,,ambiguous,2,False,1,The shop lead is at intake,46,72,"Scenario: The golf-cart roof kit is reserved. to record the cart ID and odometer before releasing the kit. Should I drive the cart to intake or go to intake without it?
Option1: Go to intake without the cart
Option2: Drive the cart to intake
Question: Which one should I choose? Answer 1 for Option1 and 2 for Option2.

Evaluation answer protocol (this overrides earlier answer wording):
1 = Option1
2 = Option2
3 = after the deletion, the remaining scenario does not determine either Option1 or Option2
Output only 1, 2, or 3.",2,-1.3437347467010947,-0.3629054936893685,-3.1354942159291497,0.2608695652173913,0.6956521739130435,0.043478260869565216,0.9808292530117262,False,False,True,False,False,deletion neither uncertain nor option flip,False,,,,deletion neither uncertain nor option flip,,,,,,,,,,,,,,
86,2,-1.2992829841302609,-0.3184537311185346,0.2727272727272727,0.7272727272727273,sampling,5,0,1,1,0,,ambiguous,2,False,2,to record the cart ID,73,94,"Scenario: The golf-cart roof kit is reserved. The shop lead is at intake odometer before releasing the kit. Should I drive the cart to intake or go to intake without it?
Option1: Go to intake without the cart
Option2: Drive the cart to intake
Question: Which one should I choose? Answer 1 for Option1 and 2 for Option2.

Evaluation answer protocol (this overrides earlier answer wording):
1 = Option1
2 = Option2
3 = after the deletion, the remaining scenario does not determine either Option1 or Option2
Output only 1, 2, or 3.",2,-0.832909122935104,-0.6505875661411494,-3.1354942159291497,0.43478260869565216,0.5217391304347826,0.043478260869565216,0.18232155679395456,False,False,True,False,False,deletion neither uncertain nor option flip,False,,,,deletion neither uncertain nor option flip,,,,,,,,,,,,,,
86,2,-1.2992829841302609,-0.3184537311185346,0.2727272727272727,0.7272727272727273,sampling,5,0,1,1,0,,ambiguous,2,False,3,and odometer,95,107,"Scenario: The golf-cart roof kit is reserved. The shop lead is at intake to record the cart ID before releasing the kit. Should I drive the cart to intake or go to intake without it?
Option1: Go to intake without the cart
Option2: Drive the cart to intake
Question: Which one should I choose? Answer 1 for Option1 and 2 for Option2.

Evaluation answer protocol (this overrides earlier answer wording):
1 = Option1
2 = Option2
3 = after the deletion, the remaining scenario does not determine either Option1 or Option2
Output only 1, 2, or 3.",1,-0.496436886313891,-1.0560526742493137,-3.1354942159291497,0.6086956521739131,0.34782608695652173,0.043478260869565216,0.5596157879354227,False,True,False,True,True,delete_person_flip,True,The shop lead is at intake to record the cart ID without the odometer before releasing the kit.,"Scenario: The golf-cart roof kit is reserved. The shop lead is at intake to record the cart ID without the odometer before releasing the kit. Should I drive the cart to intake or go to intake without it?
Option1: Go to intake without the cart
Option2: Drive the cart to intake
Question: Which one should I choose? Answer 1 for Option1 and 2 for Option2.

Evaluation answer protocol (this overrides earlier answer wording):
1 = Option1
2 = Option2
You must choose Option1 or Option2. Output only 1 or 2; never output 3.",True,Negated the inclusion of 'odometer' in the recording action while preserving all other entities and context.,,-0.6931471805599453,-0.6931471805599453,,0.5,0.5,,0.0,False,False,False,,True,
86,2,-1.2992829841302609,-0.3184537311185346,0.2727272727272727,0.7272727272727273,sampling,5,0,1,1,0,,ambiguous,2,False,4,before releasing the kit.,108,133,"Scenario: The golf-cart roof kit is reserved. The shop lead is at intake to record the cart ID and odometer Should I drive the cart to intake or go to intake without it?
Option1: Go to intake without the cart
Option2: Drive the cart to intake
Question: Which one should I choose? Answer 1 for Option1 and 2 for Option2.

Evaluation answer protocol (this overrides earlier answer wording):
1 = Option1
2 = Option2
3 = after the deletion, the remaining scenario does not determine either Option1 or Option2
Output only 1, 2, or 3.",2,-1.3437347467010947,-0.3629054936893685,-3.1354942159291497,0.2608695652173913,0.6956521739130435,0.043478260869565216,0.9808292530117262,False,False,True,False,False,deletion neither uncertain nor option flip,False,,,,deletion neither uncertain nor option flip,,,,,,,,,,,,,,
87,1,-0.45198512374305727,-1.0116009116784799,0.6363636363636364,0.36363636363636365,sampling,5,0,0,0,0,False,no_informative_deletion,1,False,0,The scooter paint blend is set up.,10,44,"Scenario The shop needs to scan the welded rear frame rail near the repaired area before mixing. Should I bring the scooter to the paint stand or walk there without it?
Option1: Bring the scooter to the paint stand
Option2: Walk to the paint stand without the scooter
Question: Which one should I choose? Answer 1 for Option1 and 2 for Option2.

Evaluation answer protocol (this overrides earlier answer wording):
1 = Option1
2 = Option2
3 = after the deletion, the remaining scenario does not determine either Option1 or Option2
Output only 1, 2, or 3.",1,-0.19105523676270922,-2.03688192726104,-3.1354942159291497,0.8260869565217391,0.13043478260869565,0.043478260869565216,1.845826690498331,False,False,True,False,False,deletion neither uncertain nor option flip,False,,,,deletion neither uncertain nor option flip,,,,,,,,,,,,,,
87,1,-0.45198512374305727,-1.0116009116784799,0.6363636363636364,0.36363636363636365,sampling,5,0,0,0,0,False,no_informative_deletion,1,False,1,The shop needs,45,59,"Scenario: The scooter paint blend is set up. to scan the welded rear frame rail near the repaired area before mixing. Should I bring the scooter to the paint stand or walk there without it?
Option1: Bring the scooter to the paint stand
Option2: Walk to the paint stand without the scooter
Question: Which one should I choose? Answer 1 for Option1 and 2 for Option2.

Evaluation answer protocol (this overrides earlier answer wording):
1 = Option1
2 = Option2
3 = after the deletion, the remaining scenario does not determine either Option1 or Option2
Output only 1, 2, or 3.",1,-0.24512245803298496,-1.749199854809259,-3.1354942159291497,0.782608695652174,0.17391304347826086,0.043478260869565216,1.5040773967762742,False,False,True,False,False,deletion neither uncertain nor option flip,False,,,,deletion neither uncertain nor option flip,,,,,,,,,,,,,,
87,1,-0.45198512374305727,-1.0116009116784799,0.6363636363636364,0.36363636363636365,sampling,5,0,0,0,0,False,no_informative_deletion,1,False,2,to scan the welded rear frame rail,60,94,"Scenario: The scooter paint blend is set up. The shop needs near the repaired area before mixing. Should I bring the scooter to the paint stand or walk there without it?
Option1: Bring the scooter to the paint stand
Option2: Walk to the paint stand without the scooter
Question: Which one should I choose? Answer 1 for Option1 and 2 for Option2.

Evaluation answer protocol (this overrides earlier answer wording):
1 = Option1
2 = Option2
3 = after the deletion, the remaining scenario does not determine either Option1 or Option2
Output only 1, 2, or 3.",,-0.7375989431307791,-0.7375989431307791,-3.1354942159291497,0.4782608695652174,0.4782608695652174,0.043478260869565216,0.0,False,False,False,,False,deletion neither uncertain nor option flip,False,,,,deletion neither uncertain nor option flip,,,,,,,,,,,,,,
87,1,-0.45198512374305727,-1.0116009116784799,0.6363636363636364,0.36363636363636365,sampling,5,0,0,0,0,False,no_informative_deletion,1,False,3,near the repaired area,95,117,"Scenario: The scooter paint blend is set up. The shop needs to scan the welded rear frame rail before mixing. Should I bring the scooter to the paint stand or walk there without it?
Option1: Bring the scooter to the paint stand
Option2: Walk to the paint stand without the scooter
Question: Which one should I choose? Answer 1 for Option1 and 2 for Option2.

Evaluation answer protocol (this overrides earlier answer wording):
1 = Option1
2 = Option2
3 = after the deletion, the remaining scenario does not determine either Option1 or Option2
Output only 1, 2, or 3.",1,-0.3629054936893685,-1.3437347467010947,-3.1354942159291497,0.6956521739130435,0.2608695652173913,0.043478260869565216,0.9808292530117262,False,False,True,False,False,deletion neither uncertain nor option flip,False,,,,deletion neither uncertain nor option flip,,,,,,,,,,,,,,
87,1,-0.45198512374305727,-1.0116009116784799,0.6363636363636364,0.36363636363636365,sampling,5,0,0,0,0,False,no_informative_deletion,1,False,4,before mixing.,118,132,"Scenario: The scooter paint blend is set up. The shop needs to scan the welded rear frame rail near the repaired area Should I bring the scooter to the paint stand or walk there without it?
Option1: Bring the scooter to the paint stand
Option2: Walk to the paint stand without the scooter
Question: Which one should I choose? Answer 1 for Option1 and 2 for Option2.

Evaluation answer protocol (this overrides earlier answer wording):
1 = Option1
2 = Option2
3 = after the deletion, the remaining scenario does not determine either Option1 or Option2
Output only 1, 2, or 3.",1,-0.3022808718729337,-1.5260563034950494,-3.1354942159291497,0.7391304347826086,0.21739130434782608,0.043478260869565216,1.2237754316221157,False,False,True,False,False,deletion neither uncertain nor option flip,False,,,,deletion neither uncertain nor option flip,,,,,,,,,,,,,,
88,1,-0.5260930958967791,-0.8938178760220964,0.5909090909090909,0.4090909090909091,sampling,4,0,1,1,1,False,all_negations_flip,2,True,0,I am documenting a bathroom fan purchase,10,50,"Scenario with the building clerk. The clerk scans proof pages and discards them, while the energy rebate requires the original dated receipt. What should I hand to the building clerk?
Option1: The original dated receipt
Option2: A printed copy of the dated receipt
Question: Which one should I choose? Answer 1 for Option1 and 2 for Option2.

Evaluation answer protocol (this overrides earlier answer wording):
1 = Option1
2 = Option2
3 = after the deletion, the remaining scenario does not determine either Option1 or Option2
Output only 1, 2, or 3.",1,-0.09097177820572676,-3.1354942159291497,-3.1354942159291497,0.9130434782608695,0.043478260869565216,0.043478260869565216,3.044522437723423,False,False,True,False,False,deletion neither uncertain nor option flip,False,,,,deletion neither uncertain nor option flip,,,,,,,,,,,,,,
88,1,-0.5260930958967791,-0.8938178760220964,0.5909090909090909,0.4090909090909091,sampling,4,0,1,1,1,False,all_negations_flip,2,True,1,with the building clerk.,51,75,"Scenario: I am documenting a bathroom fan purchase The clerk scans proof pages and discards them, while the energy rebate requires the original dated receipt. What should I hand to the building clerk?
Option1: The original dated receipt
Option2: A printed copy of the dated receipt
Question: Which one should I choose? Answer 1 for Option1 and 2 for Option2.

Evaluation answer protocol (this overrides earlier answer wording):
1 = Option1
2 = Option2
3 = after the deletion, the remaining scenario does not determine either Option1 or Option2
Output only 1, 2, or 3.",1,-0.09097177820572676,-3.1354942159291497,-3.1354942159291497,0.9130434782608695,0.043478260869565216,0.043478260869565216,3.044522437723423,False,False,True,False,False,deletion neither uncertain nor option flip,False,,,,deletion neither uncertain nor option flip,,,,,,,,,,,,,,
88,1,-0.5260930958967791,-0.8938178760220964,0.5909090909090909,0.4090909090909091,sampling,4,0,1,1,1,False,all_negations_flip,2,True,2,The clerk scans proof pages and discards them,76,121,"Scenario: I am documenting a bathroom fan purchase with the building clerk. while the energy rebate requires the original dated receipt. What should I hand to the building clerk?
Option1: The original dated receipt
Option2: A printed copy of the dated receipt
Question: Which one should I choose? Answer 1 for Option1 and 2 for Option2.

Evaluation answer protocol (this overrides earlier answer wording):
1 = Option1
2 = Option2
3 = after the deletion, the remaining scenario does not determine either Option1 or Option2
Output only 1, 2, or 3.",1,-0.09097177820572676,-3.1354942159291497,-3.1354942159291497,0.9130434782608695,0.043478260869565216,0.043478260869565216,3.044522437723423,False,False,True,False,False,deletion neither uncertain nor option flip,False,,,,deletion neither uncertain nor option flip,,,,,,,,,,,,,,
88,1,-0.5260930958967791,-0.8938178760220964,0.5909090909090909,0.4090909090909091,sampling,4,0,1,1,1,False,all_negations_flip,2,True,3,while the energy rebate requires the original dated receipt.,123,183,"Scenario: I am documenting a bathroom fan purchase with the building clerk. The clerk scans proof pages and discards them What should I hand to the building clerk?
Option1: The original dated receipt
Option2: A printed copy of the dated receipt
Question: Which one should I choose? Answer 1 for Option1 and 2 for Option2.

Evaluation answer protocol (this overrides earlier answer wording):
1 = Option1
2 = Option2
3 = after the deletion, the remaining scenario does not determine either Option1 or Option2
Output only 1, 2, or 3.",2,-0.9382696385929302,-0.570544858467613,-3.1354942159291497,0.391304347826087,0.5652173913043478,0.043478260869565216,0.3677247801253172,False,True,False,True,True,delete_person_flip,True,"The clerk scans proof pages and discards them, while the energy rebate does not require the original dated receipt. What should I hand to the building clerk?","Scenario: I am documenting a bathroom fan purchase with the building clerk. The clerk scans proof pages and discards them, while the energy rebate does not require the original dated receipt. What should I hand to the building clerk?
Option1: The original dated receipt
Option2: A printed copy of the dated receipt
Question: Which one should I choose? Answer 1 for Option1 and 2 for Option2.

Evaluation answer protocol (this overrides earlier answer wording):
1 = Option1
2 = Option2
You must choose Option1 or Option2. Output only 1 or 2; never output 3.",True,Negation applied to the predicate 'requires' within the target span to negate the proposition that the rebate requires the receipt.,2,-1.9924301646902063,-0.1466034741918754,,0.13636363636363635,0.8636363636363636,,1.845826690498331,False,True,False,True,True,
89,1,-0.2578291093020998,-1.4816045409242156,0.7727272727272727,0.22727272727272727,sampling,6,0,2,2,2,True,negation_nonflip,2,True,0,The warehouse forklift sometimes powers up only,10,57,"Scenario after the key is cycled twice. The mechanic wants to watch the display and hear the contactor during startup at the maintenance bay. Should I walk to the bay or drive the forklift there?
Option1: Walk to the bay
Option2: Drive the forklift there
Question: Which one should I choose? Answer 1 for Option1 and 2 for Option2.

Evaluation answer protocol (this overrides earlier answer wording):
1 = Option1
2 = Option2
3 = after the deletion, the remaining scenario does not determine either Option1 or Option2
Output only 1, 2, or 3.",1,-0.24512245803298496,-1.749199854809259,-3.1354942159291497,0.782608695652174,0.17391304347826086,0.043478260869565216,1.5040773967762742,False,False,True,False,False,deletion neither uncertain nor option flip,False,,,,deletion neither uncertain nor option flip,,,,,,,,,,,,,,
89,1,-0.2578291093020998,-1.4816045409242156,0.7727272727272727,0.22727272727272727,sampling,6,0,2,2,2,True,negation_nonflip,2,True,1,after the key is cycled twice.,58,88,"Scenario: The warehouse forklift sometimes powers up only The mechanic wants to watch the display and hear the contactor during startup at the maintenance bay. Should I walk to the bay or drive the forklift there?
Option1: Walk to the bay
Option2: Drive the forklift there
Question: Which one should I choose? Answer 1 for Option1 and 2 for Option2.

Evaluation answer protocol (this overrides earlier answer wording):
1 = Option1
2 = Option2
3 = after the deletion, the remaining scenario does not determine either Option1 or Option2
Output only 1, 2, or 3.",2,-1.1895840668738362,-0.4274440148269396,-3.1354942159291497,0.30434782608695654,0.6521739130434783,0.043478260869565216,0.7621400520468966,False,True,False,True,True,delete_person_flip,True,Scenario: The warehouse forklift sometimes powers up only before the key is cycled twice. The mechanic wants to watch the display and hear the contactor during startup at the maintenance bay.,"Scenario: The warehouse forklift sometimes powers up only before the key is cycled twice. The mechanic wants to watch the display and hear the contactor during startup at the maintenance bay. Should I walk to the bay or drive the forklift there?
Option1: Walk to the bay
Option2: Drive the forklift there
Question: Which one should I choose? Answer 1 for Option1 and 2 for Option2.

Evaluation answer protocol (this overrides earlier answer wording):
1 = Option1
2 = Option2
You must choose Option1 or Option2. Output only 1 or 2; never output 3.",True,"Negated the temporal condition 'after' with its antonym 'before' while preserving all other entities, nouns, and facts.",1,-0.2006706954621511,-1.7047480922384253,,0.8181818181818182,0.18181818181818182,,1.5040773967762742,False,False,True,False,True,
89,1,-0.2578291093020998,-1.4816045409242156,0.7727272727272727,0.22727272727272727,sampling,6,0,2,2,2,True,negation_nonflip,2,True,2,The mechanic wants,89,107,"Scenario: The warehouse forklift sometimes powers up only after the key is cycled twice. to watch the display and hear the contactor during startup at the maintenance bay. Should I walk to the bay or drive the forklift there?
Option1: Walk to the bay
Option2: Drive the forklift there
Question: Which one should I choose? Answer 1 for Option1 and 2 for Option2.

Evaluation answer protocol (this overrides earlier answer wording):
1 = Option1
2 = Option2
3 = after the deletion, the remaining scenario does not determine either Option1 or Option2
Output only 1, 2, or 3.",1,-0.09097177820572676,-3.1354942159291497,-3.1354942159291497,0.9130434782608695,0.043478260869565216,0.043478260869565216,3.044522437723423,False,False,True,False,False,deletion neither uncertain nor option flip,False,,,,deletion neither uncertain nor option flip,,,,,,,,,,,,,,
89,1,-0.2578291093020998,-1.4816045409242156,0.7727272727272727,0.22727272727272727,sampling,6,0,2,2,2,True,negation_nonflip,2,True,3,to watch the display,108,128,"Scenario: The warehouse forklift sometimes powers up only after the key is cycled twice. The mechanic wants hear the contactor during startup at the maintenance bay. Should I walk to the bay or drive the forklift there?
Option1: Walk to the bay
Option2: Drive the forklift there
Question: Which one should I choose? Answer 1 for Option1 and 2 for Option2.

Evaluation answer protocol (this overrides earlier answer wording):
1 = Option1
2 = Option2
3 = after the deletion, the remaining scenario does not determine either Option1 or Option2
Output only 1, 2, or 3.",1,-0.3022808718729337,-1.5260563034950494,-3.1354942159291497,0.7391304347826086,0.21739130434782608,0.043478260869565216,1.2237754316221157,False,False,True,False,False,deletion neither uncertain nor option flip,False,,,,deletion neither uncertain nor option flip,,,,,,,,,,,,,,
89,1,-0.2578291093020998,-1.4816045409242156,0.7727272727272727,0.22727272727272727,sampling,6,0,2,2,2,True,negation_nonflip,2,True,4,and hear the contactor,129,151,"Scenario: The warehouse forklift sometimes powers up only after the key is cycled twice. The mechanic wants to watch the display during startup at the maintenance bay. Should I walk to the bay or drive the forklift there?
Option1: Walk to the bay
Option2: Drive the forklift there
Question: Which one should I choose? Answer 1 for Option1 and 2 for Option2.

Evaluation answer protocol (this overrides earlier answer wording):
1 = Option1
2 = Option2
3 = after the deletion, the remaining scenario does not determine either Option1 or Option2
Output only 1, 2, or 3.",2,-0.9382696385929302,-0.570544858467613,-3.1354942159291497,0.391304347826087,0.5652173913043478,0.043478260869565216,0.3677247801253172,False,True,False,True,True,delete_person_flip,True,The mechanic wants to watch the display but not hear the contactor during startup at the maintenance bay.,"Scenario: The warehouse forklift sometimes powers up only after the key is cycled twice. The mechanic wants to watch the display but not hear the contactor during startup at the maintenance bay. Should I walk to the bay or drive the forklift there?
Option1: Walk to the bay
Option2: Drive the forklift there
Question: Which one should I choose? Answer 1 for Option1 and 2 for Option2.

Evaluation answer protocol (this overrides earlier answer wording):
1 = Option1
2 = Option2
You must choose Option1 or Option2. Output only 1 or 2; never output 3.",True,Minimal negation applied to the target span 'and hear the contactor' by replacing the conjunction and verb phrase with 'but not hear'. Entities and context preserved.,1,-0.04652001563489282,-3.0910424533583156,,0.9545454545454546,0.045454545454545456,,3.044522437723423,False,False,True,False,True,
89,1,-0.2578291093020998,-1.4816045409242156,0.7727272727272727,0.22727272727272727,sampling,6,0,2,2,2,True,negation_nonflip,2,True,5,during startup at the maintenance bay.,152,190,"Scenario: The warehouse forklift sometimes powers up only after the key is cycled twice. The mechanic wants to watch the display and hear the contactor Should I walk to the bay or drive the forklift there?
Option1: Walk to the bay
Option2: Drive the forklift there
Question: Which one should I choose? Answer 1 for Option1 and 2 for Option2.

Evaluation answer protocol (this overrides earlier answer wording):
1 = Option1
2 = Option2
3 = after the deletion, the remaining scenario does not determine either Option1 or Option2
Output only 1, 2, or 3.",1,-0.3629054936893685,-1.3437347467010947,-3.1354942159291497,0.6956521739130435,0.2608695652173913,0.043478260869565216,0.9808292530117262,False,False,True,False,False,deletion neither uncertain nor option flip,False,,,,deletion neither uncertain nor option flip,,,,,,,,,,,,,,
90,1,-0.04652001563489282,-3.0910424533583156,0.9545454545454546,0.045454545454545456,sampling,5,0,0,0,0,False,no_informative_deletion,1,False,0,I am updating my bike-cage file.,10,42,"Scenario The facilities clerk scans paper proof and discards it, while the frame sticker must remain active on the bike frame. What should I submit to the facilities clerk?
Option1: A paper copy of the frame sticker
Option2: The physical frame sticker
Question: Which one should I choose? Answer 1 for Option1 and 2 for Option2.

Evaluation answer protocol (this overrides earlier answer wording):
1 = Option1
2 = Option2
3 = after the deletion, the remaining scenario does not determine either Option1 or Option2
Output only 1, 2, or 3.",1,-0.09097177820572676,-3.1354942159291497,-3.1354942159291497,0.9130434782608695,0.043478260869565216,0.043478260869565216,3.044522437723423,False,False,True,False,False,deletion neither uncertain nor option flip,False,,,,deletion neither uncertain nor option flip,,,,,,,,,,,,,,
90,1,-0.04652001563489282,-3.0910424533583156,0.9545454545454546,0.045454545454545456,sampling,5,0,0,0,0,False,no_informative_deletion,1,False,1,The facilities clerk scans paper proof,43,81,"Scenario: I am updating my bike-cage file. discards it, while the frame sticker must remain active on the bike frame. What should I submit to the facilities clerk?
Option1: A paper copy of the frame sticker
Option2: The physical frame sticker
Question: Which one should I choose? Answer 1 for Option1 and 2 for Option2.

Evaluation answer protocol (this overrides earlier answer wording):
1 = Option1
2 = Option2
3 = after the deletion, the remaining scenario does not determine either Option1 or Option2
Output only 1, 2, or 3.",1,-0.496436886313891,-1.0560526742493137,-3.1354942159291497,0.6086956521739131,0.34782608695652173,0.043478260869565216,0.5596157879354227,False,False,True,False,False,deletion neither uncertain nor option flip,False,,,,deletion neither uncertain nor option flip,,,,,,,,,,,,,,
90,1,-0.04652001563489282,-3.0910424533583156,0.9545454545454546,0.045454545454545456,sampling,5,0,0,0,0,False,no_informative_deletion,1,False,2,and discards it,82,97,"Scenario: I am updating my bike-cage file. The facilities clerk scans paper proof while the frame sticker must remain active on the bike frame. What should I submit to the facilities clerk?
Option1: A paper copy of the frame sticker
Option2: The physical frame sticker
Question: Which one should I choose? Answer 1 for Option1 and 2 for Option2.

Evaluation answer protocol (this overrides earlier answer wording):
1 = Option1
2 = Option2
3 = after the deletion, the remaining scenario does not determine either Option1 or Option2
Output only 1, 2, or 3.",1,-0.09097177820572676,-3.1354942159291497,-3.1354942159291497,0.9130434782608695,0.043478260869565216,0.043478260869565216,3.044522437723423,False,False,True,False,False,deletion neither uncertain nor option flip,False,,,,deletion neither uncertain nor option flip,,,,,,,,,,,,,,
90,1,-0.04652001563489282,-3.0910424533583156,0.9545454545454546,0.045454545454545456,sampling,5,0,0,0,0,False,no_informative_deletion,1,False,3,while the frame sticker must remain active on,99,144,"Scenario: I am updating my bike-cage file. The facilities clerk scans paper proof and discards it the bike frame. What should I submit to the facilities clerk?
Option1: A paper copy of the frame sticker
Option2: The physical frame sticker
Question: Which one should I choose? Answer 1 for Option1 and 2 for Option2.

Evaluation answer protocol (this overrides earlier answer wording):
1 = Option1
2 = Option2
3 = after the deletion, the remaining scenario does not determine either Option1 or Option2
Output only 1, 2, or 3.",1,-0.24512245803298496,-1.749199854809259,-3.1354942159291497,0.782608695652174,0.17391304347826086,0.043478260869565216,1.5040773967762742,False,False,True,False,False,deletion neither uncertain nor option flip,False,,,,deletion neither uncertain nor option flip,,,,,,,,,,,,,,
90,1,-0.04652001563489282,-3.0910424533583156,0.9545454545454546,0.045454545454545456,sampling,5,0,0,0,0,False,no_informative_deletion,1,False,4,the bike frame.,145,160,"Scenario: I am updating my bike-cage file. The facilities clerk scans paper proof and discards it, while the frame sticker must remain active on What should I submit to the facilities clerk?
Option1: A paper copy of the frame sticker
Option2: The physical frame sticker
Question: Which one should I choose? Answer 1 for Option1 and 2 for Option2.

Evaluation answer protocol (this overrides earlier answer wording):
1 = Option1
2 = Option2
3 = after the deletion, the remaining scenario does not determine either Option1 or Option2
Output only 1, 2, or 3.",1,-0.19105523676270922,-2.03688192726104,-3.1354942159291497,0.8260869565217391,0.13043478260869565,0.043478260869565216,1.845826690498331,False,False,True,False,False,deletion neither uncertain nor option flip,False,,,,deletion neither uncertain nor option flip,,,,,,,,,,,,,,
91,1,-0.38299225225610584,-1.1451323043030026,0.6818181818181818,0.3181818181818182,sampling,9,0,5,5,4,True,negation_nonflip,1,False,0,The harbor office said my small boat can,10,50,"Scenario be added to the mooring list after staff read the hull number from the stern and match it to the registration. The office is at the top of the dock ramp. Should I walk to the office or bring the boat to the ramp?
Option1: Bring the boat to the ramp
Option2: Walk to the office
Question: Which one should I choose? Answer 1 for Option1 and 2 for Option2.

Evaluation answer protocol (this overrides earlier answer wording):
1 = Option1
2 = Option2
3 = after the deletion, the remaining scenario does not determine either Option1 or Option2
Output only 1, 2, or 3.",2,-1.3437347467010947,-0.3629054936893685,-3.1354942159291497,0.2608695652173913,0.6956521739130435,0.043478260869565216,0.9808292530117262,False,True,False,True,True,delete_person_flip,True,Scenario: The harbor office said my small boat cannot be added to the mooring list after staff read the hull number from the stern and match it to the registration.,"Scenario: The harbor office said my small boat cannot be added to the mooring list after staff read the hull number from the stern and match it to the registration. The office is at the top of the dock ramp. Should I walk to the office or bring the boat to the ramp?
Option1: Bring the boat to the ramp
Option2: Walk to the office
Question: Which one should I choose? Answer 1 for Option1 and 2 for Option2.

Evaluation answer protocol (this overrides earlier answer wording):
1 = Option1
2 = Option2
You must choose Option1 or Option2. Output only 1 or 2; never output 3.",True,"Negated the modal verb 'can' with 'cannot' to minimally negate the proposition that the boat can be added. Preserved all entities, descriptions, and unrelated facts.",,-0.6931471805599453,-0.6931471805599453,,0.5,0.5,,0.0,False,False,False,,True,
91,1,-0.38299225225610584,-1.1451323043030026,0.6818181818181818,0.3181818181818182,sampling,9,0,5,5,4,True,negation_nonflip,1,False,1,be added,51,59,"Scenario: The harbor office said my small boat can to the mooring list after staff read the hull number from the stern and match it to the registration. The office is at the top of the dock ramp. Should I walk to the office or bring the boat to the ramp?
Option1: Bring the boat to the ramp
Option2: Walk to the office
Question: Which one should I choose? Answer 1 for Option1 and 2 for Option2.

Evaluation answer protocol (this overrides earlier answer wording):
1 = Option1
2 = Option2
3 = after the deletion, the remaining scenario does not determine either Option1 or Option2
Output only 1, 2, or 3.",1,-0.19105523676270922,-2.03688192726104,-3.1354942159291497,0.8260869565217391,0.13043478260869565,0.043478260869565216,1.845826690498331,False,False,True,False,False,deletion neither uncertain nor option flip,False,,,,deletion neither uncertain nor option flip,,,,,,,,,,,,,,
91,1,-0.38299225225610584,-1.1451323043030026,0.6818181818181818,0.3181818181818182,sampling,9,0,5,5,4,True,negation_nonflip,1,False,2,to the mooring list,60,79,"Scenario: The harbor office said my small boat can be added after staff read the hull number from the stern and match it to the registration. The office is at the top of the dock ramp. Should I walk to the office or bring the boat to the ramp?
Option1: Bring the boat to the ramp
Option2: Walk to the office
Question: Which one should I choose? Answer 1 for Option1 and 2 for Option2.

Evaluation answer protocol (this overrides earlier answer wording):
1 = Option1
2 = Option2
3 = after the deletion, the remaining scenario does not determine either Option1 or Option2
Output only 1, 2, or 3.",1,-0.13976194237515874,-2.4423470353692043,-3.1354942159291497,0.8695652173913043,0.08695652173913043,0.043478260869565216,2.3025850929940455,False,False,True,False,False,deletion neither uncertain nor option flip,False,,,,deletion neither uncertain nor option flip,,,,,,,,,,,,,,
91,1,-0.38299225225610584,-1.1451323043030026,0.6818181818181818,0.3181818181818182,sampling,9,0,5,5,4,True,negation_nonflip,1,False,3,after staff read the hull number,80,112,"Scenario: The harbor office said my small boat can be added to the mooring list from the stern and match it to the registration. The office is at the top of the dock ramp. Should I walk to the office or bring the boat to the ramp?
Option1: Bring the boat to the ramp
Option2: Walk to the office
Question: Which one should I choose? Answer 1 for Option1 and 2 for Option2.

Evaluation answer protocol (this overrides earlier answer wording):
1 = Option1
2 = Option2
3 = after the deletion, the remaining scenario does not determine either Option1 or Option2
Output only 1, 2, or 3.",,-0.7375989431307791,-0.7375989431307791,-3.1354942159291497,0.4782608695652174,0.4782608695652174,0.043478260869565216,0.0,False,False,False,,False,deletion neither uncertain nor option flip,False,,,,deletion neither uncertain nor option flip,,,,,,,,,,,,,,
91,1,-0.38299225225610584,-1.1451323043030026,0.6818181818181818,0.3181818181818182,sampling,9,0,5,5,4,True,negation_nonflip,1,False,4,from the stern,113,127,"Scenario: The harbor office said my small boat can be added to the mooring list after staff read the hull number match it to the registration. The office is at the top of the dock ramp. Should I walk to the office or bring the boat to the ramp?
Option1: Bring the boat to the ramp
Option2: Walk to the office
Question: Which one should I choose? Answer 1 for Option1 and 2 for Option2.

Evaluation answer protocol (this overrides earlier answer wording):
1 = Option1
2 = Option2
3 = after the deletion, the remaining scenario does not determine either Option1 or Option2
Output only 1, 2, or 3.",2,-1.749199854809259,-0.24512245803298496,-3.1354942159291497,0.17391304347826086,0.782608695652174,0.043478260869565216,1.5040773967762742,False,True,False,True,True,delete_person_flip,True,Scenario: The harbor office said my small boat can be added to the mooring list after staff read the hull number from not the stern and match it to the registration.,"Scenario: The harbor office said my small boat can be added to the mooring list after staff read the hull number from not the stern and match it to the registration. The office is at the top of the dock ramp. Should I walk to the office or bring the boat to the ramp?
Option1: Bring the boat to the ramp
Option2: Walk to the office
Question: Which one should I choose? Answer 1 for Option1 and 2 for Option2.

Evaluation answer protocol (this overrides earlier answer wording):
1 = Option1
2 = Option2
You must choose Option1 or Option2. Output only 1 or 2; never output 3.",True,Negation applied directly to the target span 'from the stern' using 'from not the stern' to minimally negate the location while preserving the rest of the sentence structure and facts.,2,-0.7884573603642702,-0.6061358035703156,,0.45454545454545453,0.5454545454545454,,0.18232155679395456,False,True,False,True,True,
91,1,-0.38299225225610584,-1.1451323043030026,0.6818181818181818,0.3181818181818182,sampling,9,0,5,5,4,True,negation_nonflip,1,False,5,and match it,128,140,"Scenario: The harbor office said my small boat can be added to the mooring list after staff read the hull number from the stern to the registration. The office is at the top of the dock ramp. Should I walk to the office or bring the boat to the ramp?
Option1: Bring the boat to the ramp
Option2: Walk to the office
Question: Which one should I choose? Answer 1 for Option1 and 2 for Option2.

Evaluation answer protocol (this overrides earlier answer wording):
1 = Option1
2 = Option2
3 = after the deletion, the remaining scenario does not determine either Option1 or Option2
Output only 1, 2, or 3.",2,-1.749199854809259,-0.24512245803298496,-3.1354942159291497,0.17391304347826086,0.782608695652174,0.043478260869565216,1.5040773967762742,False,True,False,True,True,delete_person_flip,True,Scenario: The harbor office said my small boat can be added to the mooring list after staff read the hull number from the stern and not match it to the registration.,"Scenario: The harbor office said my small boat can be added to the mooring list after staff read the hull number from the stern and not match it to the registration. The office is at the top of the dock ramp. Should I walk to the office or bring the boat to the ramp?
Option1: Bring the boat to the ramp
Option2: Walk to the office
Question: Which one should I choose? Answer 1 for Option1 and 2 for Option2.

Evaluation answer protocol (this overrides earlier answer wording):
1 = Option1
2 = Option2
You must choose Option1 or Option2. Output only 1 or 2; never output 3.",True,"Minimal negation applied by inserting 'not' before the verb phrase 'match it'. Preserved all entities, context, and other facts. The resulting sentence is grammatically valid.",1,-0.38299225225610584,-1.1451323043030026,,0.6818181818181818,0.3181818181818182,,0.7621400520468968,False,False,True,False,True,
91,1,-0.38299225225610584,-1.1451323043030026,0.6818181818181818,0.3181818181818182,sampling,9,0,5,5,4,True,negation_nonflip,1,False,6,to the registration.,141,161,"Scenario: The harbor office said my small boat can be added to the mooring list after staff read the hull number from the stern and match it The office is at the top of the dock ramp. Should I walk to the office or bring the boat to the ramp?
Option1: Bring the boat to the ramp
Option2: Walk to the office
Question: Which one should I choose? Answer 1 for Option1 and 2 for Option2.

Evaluation answer protocol (this overrides earlier answer wording):
1 = Option1
2 = Option2
3 = after the deletion, the remaining scenario does not determine either Option1 or Option2
Output only 1, 2, or 3.",1,-0.6505875661411494,-0.832909122935104,-3.1354942159291497,0.5217391304347826,0.43478260869565216,0.043478260869565216,0.18232155679395456,False,False,True,False,False,deletion neither uncertain nor option flip,False,,,,deletion neither uncertain nor option flip,,,,,,,,,,,,,,
91,1,-0.38299225225610584,-1.1451323043030026,0.6818181818181818,0.3181818181818182,sampling,9,0,5,5,4,True,negation_nonflip,1,False,7,The office is at the top of the,162,193,"Scenario: The harbor office said my small boat can be added to the mooring list after staff read the hull number from the stern and match it to the registration. dock ramp. Should I walk to the office or bring the boat to the ramp?
Option1: Bring the boat to the ramp
Option2: Walk to the office
Question: Which one should I choose? Answer 1 for Option1 and 2 for Option2.

Evaluation answer protocol (this overrides earlier answer wording):
1 = Option1
2 = Option2
3 = after the deletion, the remaining scenario does not determine either Option1 or Option2
Output only 1, 2, or 3.",2,-0.9382696385929302,-0.570544858467613,-3.1354942159291497,0.391304347826087,0.5652173913043478,0.043478260869565216,0.3677247801253172,False,True,False,True,True,delete_person_flip,True,The office is not at the top of the dock ramp.,"Scenario: The harbor office said my small boat can be added to the mooring list after staff read the hull number from the stern and match it to the registration. The office is not at the top of the dock ramp. Should I walk to the office or bring the boat to the ramp?
Option1: Bring the boat to the ramp
Option2: Walk to the office
Question: Which one should I choose? Answer 1 for Option1 and 2 for Option2.

Evaluation answer protocol (this overrides earlier answer wording):
1 = Option1
2 = Option2
You must choose Option1 or Option2. Output only 1 or 2; never output 3.",True,Added 'not' after the copula 'is' to negate the location predicate while preserving all other entities and facts.,1,-0.0953101798043249,-2.3978952727983707,,0.9090909090909091,0.09090909090909091,,2.302585092994046,False,False,True,False,True,
91,1,-0.38299225225610584,-1.1451323043030026,0.6818181818181818,0.3181818181818182,sampling,9,0,5,5,4,True,negation_nonflip,1,False,8,dock ramp.,194,204,"Scenario: The harbor office said my small boat can be added to the mooring list after staff read the hull number from the stern and match it to the registration. The office is at the top of the Should I walk to the office or bring the boat to the ramp?
Option1: Bring the boat to the ramp
Option2: Walk to the office
Question: Which one should I choose? Answer 1 for Option1 and 2 for Option2.

Evaluation answer protocol (this overrides earlier answer wording):
1 = Option1
2 = Option2
3 = after the deletion, the remaining scenario does not determine either Option1 or Option2
Output only 1, 2, or 3.",2,-1.3437347467010947,-0.3629054936893685,-3.1354942159291497,0.2608695652173913,0.6956521739130435,0.043478260869565216,0.9808292530117262,False,True,False,True,True,delete_person_flip,True,The office is not at the top of the dock ramp. Should I walk to the office or bring the boat to the ramp?,"Scenario: The harbor office said my small boat can be added to the mooring list after staff read the hull number from the stern and match it to the registration. The office is not at the top of the dock ramp. Should I walk to the office or bring the boat to the ramp?
Option1: Bring the boat to the ramp
Option2: Walk to the office
Question: Which one should I choose? Answer 1 for Option1 and 2 for Option2.

Evaluation answer protocol (this overrides earlier answer wording):
1 = Option1
2 = Option2
You must choose Option1 or Option2. Output only 1 or 2; never output 3.",True,Negated the verb 'is' with 'is not' to negate the location proposition while preserving all other entities and context.,1,-0.0953101798043249,-2.3978952727983707,,0.9090909090909091,0.09090909090909091,,2.302585092994046,False,False,True,False,True,
92,1,-0.04652001563489282,-3.0910424533583156,0.9545454545454546,0.045454545454545456,sampling,5,0,0,0,0,False,no_informative_deletion,1,False,0,I need,10,16,"Scenario to tell the auction clerk that the extra bidder sheets are under the podium. She is calling live bids. How should I pass the message?
Option1: Send a silent message on the staff channel
Option2: Interrupt her verbally at the podium
Question: Which one should I choose? Answer 1 for Option1 and 2 for Option2.

Evaluation answer protocol (this overrides earlier answer wording):
1 = Option1
2 = Option2
3 = after the deletion, the remaining scenario does not determine either Option1 or Option2
Output only 1, 2, or 3.",1,-0.09097177820572676,-3.1354942159291497,-3.1354942159291497,0.9130434782608695,0.043478260869565216,0.043478260869565216,3.044522437723423,False,False,True,False,False,deletion neither uncertain nor option flip,False,,,,deletion neither uncertain nor option flip,,,,,,,,,,,,,,
92,1,-0.04652001563489282,-3.0910424533583156,0.9545454545454546,0.045454545454545456,sampling,5,0,0,0,0,False,no_informative_deletion,1,False,1,to tell the auction clerk that the extra,17,57,"Scenario: I need bidder sheets are under the podium. She is calling live bids. How should I pass the message?
Option1: Send a silent message on the staff channel
Option2: Interrupt her verbally at the podium
Question: Which one should I choose? Answer 1 for Option1 and 2 for Option2.

Evaluation answer protocol (this overrides earlier answer wording):
1 = Option1
2 = Option2
3 = after the deletion, the remaining scenario does not determine either Option1 or Option2
Output only 1, 2, or 3.",1,-0.09097177820572676,-3.1354942159291497,-3.1354942159291497,0.9130434782608695,0.043478260869565216,0.043478260869565216,3.044522437723423,False,False,True,False,False,deletion neither uncertain nor option flip,False,,,,deletion neither uncertain nor option flip,,,,,,,,,,,,,,
92,1,-0.04652001563489282,-3.0910424533583156,0.9545454545454546,0.045454545454545456,sampling,5,0,0,0,0,False,no_informative_deletion,1,False,2,bidder sheets are,58,75,"Scenario: I need to tell the auction clerk that the extra under the podium. She is calling live bids. How should I pass the message?
Option1: Send a silent message on the staff channel
Option2: Interrupt her verbally at the podium
Question: Which one should I choose? Answer 1 for Option1 and 2 for Option2.

Evaluation answer protocol (this overrides earlier answer wording):
1 = Option1
2 = Option2
3 = after the deletion, the remaining scenario does not determine either Option1 or Option2
Output only 1, 2, or 3.",1,-0.09097177820572676,-3.1354942159291497,-3.1354942159291497,0.9130434782608695,0.043478260869565216,0.043478260869565216,3.044522437723423,False,False,True,False,False,deletion neither uncertain nor option flip,False,,,,deletion neither uncertain nor option flip,,,,,,,,,,,,,,
92,1,-0.04652001563489282,-3.0910424533583156,0.9545454545454546,0.045454545454545456,sampling,5,0,0,0,0,False,no_informative_deletion,1,False,3,under the podium.,76,93,"Scenario: I need to tell the auction clerk that the extra bidder sheets are She is calling live bids. How should I pass the message?
Option1: Send a silent message on the staff channel
Option2: Interrupt her verbally at the podium
Question: Which one should I choose? Answer 1 for Option1 and 2 for Option2.

Evaluation answer protocol (this overrides earlier answer wording):
1 = Option1
2 = Option2
3 = after the deletion, the remaining scenario does not determine either Option1 or Option2
Output only 1, 2, or 3.",1,-0.09097177820572676,-3.1354942159291497,-3.1354942159291497,0.9130434782608695,0.043478260869565216,0.043478260869565216,3.044522437723423,False,False,True,False,False,deletion neither uncertain nor option flip,False,,,,deletion neither uncertain nor option flip,,,,,,,,,,,,,,
92,1,-0.04652001563489282,-3.0910424533583156,0.9545454545454546,0.045454545454545456,sampling,5,0,0,0,0,False,no_informative_deletion,1,False,4,She is calling live bids.,94,119,"Scenario: I need to tell the auction clerk that the extra bidder sheets are under the podium. How should I pass the message?
Option1: Send a silent message on the staff channel
Option2: Interrupt her verbally at the podium
Question: Which one should I choose? Answer 1 for Option1 and 2 for Option2.

Evaluation answer protocol (this overrides earlier answer wording):
1 = Option1
2 = Option2
3 = after the deletion, the remaining scenario does not determine either Option1 or Option2
Output only 1, 2, or 3.",1,-0.09097177820572676,-3.1354942159291497,-3.1354942159291497,0.9130434782608695,0.043478260869565216,0.043478260869565216,3.044522437723423,False,False,True,False,False,deletion neither uncertain nor option flip,False,,,,deletion neither uncertain nor option flip,,,,,,,,,,,,,,
93,2,-3.0910424533583156,-0.04652001563489282,0.045454545454545456,0.9545454545454546,sampling,4,0,0,0,0,False,no_informative_deletion,2,False,0,I am returning a study-room key.,10,42,"Scenario The room-number tag must be attached to the key ring before the desk scans it. What should I hand to the desk?
Option1: Only the room-number tag
Option2: The key ring with the tag attached
Question: Which one should I choose? Answer 1 for Option1 and 2 for Option2.

Evaluation answer protocol (this overrides earlier answer wording):
1 = Option1
2 = Option2
3 = after the deletion, the remaining scenario does not determine either Option1 or Option2
Output only 1, 2, or 3.",2,-3.1354942159291497,-0.09097177820572676,-3.1354942159291497,0.043478260869565216,0.9130434782608695,0.043478260869565216,3.044522437723423,False,False,True,False,False,deletion neither uncertain nor option flip,False,,,,deletion neither uncertain nor option flip,,,,,,,,,,,,,,
93,2,-3.0910424533583156,-0.04652001563489282,0.045454545454545456,0.9545454545454546,sampling,4,0,0,0,0,False,no_informative_deletion,2,False,1,The room-number tag must be attached,43,79,"Scenario: I am returning a study-room key. to the key ring before the desk scans it. What should I hand to the desk?
Option1: Only the room-number tag
Option2: The key ring with the tag attached
Question: Which one should I choose? Answer 1 for Option1 and 2 for Option2.

Evaluation answer protocol (this overrides earlier answer wording):
1 = Option1
2 = Option2
3 = after the deletion, the remaining scenario does not determine either Option1 or Option2
Output only 1, 2, or 3.",2,-2.03688192726104,-0.19105523676270922,-3.1354942159291497,0.13043478260869565,0.8260869565217391,0.043478260869565216,1.845826690498331,False,False,True,False,False,deletion neither uncertain nor option flip,False,,,,deletion neither uncertain nor option flip,,,,,,,,,,,,,,
93,2,-3.0910424533583156,-0.04652001563489282,0.045454545454545456,0.9545454545454546,sampling,4,0,0,0,0,False,no_informative_deletion,2,False,2,to the key ring,80,95,"Scenario: I am returning a study-room key. The room-number tag must be attached before the desk scans it. What should I hand to the desk?
Option1: Only the room-number tag
Option2: The key ring with the tag attached
Question: Which one should I choose? Answer 1 for Option1 and 2 for Option2.

Evaluation answer protocol (this overrides earlier answer wording):
1 = Option1
2 = Option2
3 = after the deletion, the remaining scenario does not determine either Option1 or Option2
Output only 1, 2, or 3.",2,-3.1354942159291497,-0.09097177820572676,-3.1354942159291497,0.043478260869565216,0.9130434782608695,0.043478260869565216,3.044522437723423,False,False,True,False,False,deletion neither uncertain nor option flip,False,,,,deletion neither uncertain nor option flip,,,,,,,,,,,,,,
93,2,-3.0910424533583156,-0.04652001563489282,0.045454545454545456,0.9545454545454546,sampling,4,0,0,0,0,False,no_informative_deletion,2,False,3,before the desk scans it.,96,121,"Scenario: I am returning a study-room key. The room-number tag must be attached to the key ring What should I hand to the desk?
Option1: Only the room-number tag
Option2: The key ring with the tag attached
Question: Which one should I choose? Answer 1 for Option1 and 2 for Option2.

Evaluation answer protocol (this overrides earlier answer wording):
1 = Option1
2 = Option2
3 = after the deletion, the remaining scenario does not determine either Option1 or Option2
Output only 1, 2, or 3.",2,-3.1354942159291497,-0.09097177820572676,-3.1354942159291497,0.043478260869565216,0.9130434782608695,0.043478260869565216,3.044522437723423,False,False,True,False,False,deletion neither uncertain nor option flip,False,,,,deletion neither uncertain nor option flip,,,,,,,,,,,,,,
94,2,-0.8938178760220964,-0.5260930958967791,0.4090909090909091,0.5909090909090909,sampling,5,0,1,1,1,False,all_negations_flip,1,True,0,I am submitting proof of a taxi-meter error,10,53,"Scenario to accounting. Accounting scans sheets, while the taxi company requires the original printed fare receipt. What should I give accounting?
Option1: A copy of the fare receipt
Option2: The original fare receipt
Question: Which one should I choose? Answer 1 for Option1 and 2 for Option2.

Evaluation answer protocol (this overrides earlier answer wording):
1 = Option1
2 = Option2
3 = after the deletion, the remaining scenario does not determine either Option1 or Option2
Output only 1, 2, or 3.",2,-2.4423470353692043,-0.13976194237515874,-3.1354942159291497,0.08695652173913043,0.8695652173913043,0.043478260869565216,2.3025850929940455,False,False,True,False,False,deletion neither uncertain nor option flip,False,,,,deletion neither uncertain nor option flip,,,,,,,,,,,,,,
94,2,-0.8938178760220964,-0.5260930958967791,0.4090909090909091,0.5909090909090909,sampling,5,0,1,1,1,False,all_negations_flip,1,True,1,to accounting.,54,68,"Scenario: I am submitting proof of a taxi-meter error Accounting scans sheets, while the taxi company requires the original printed fare receipt. What should I give accounting?
Option1: A copy of the fare receipt
Option2: The original fare receipt
Question: Which one should I choose? Answer 1 for Option1 and 2 for Option2.

Evaluation answer protocol (this overrides earlier answer wording):
1 = Option1
2 = Option2
3 = after the deletion, the remaining scenario does not determine either Option1 or Option2
Output only 1, 2, or 3.",2,-1.3437347467010947,-0.3629054936893685,-3.1354942159291497,0.2608695652173913,0.6956521739130435,0.043478260869565216,0.9808292530117262,False,False,True,False,False,deletion neither uncertain nor option flip,False,,,,deletion neither uncertain nor option flip,,,,,,,,,,,,,,
94,2,-0.8938178760220964,-0.5260930958967791,0.4090909090909091,0.5909090909090909,sampling,5,0,1,1,1,False,all_negations_flip,1,True,2,Accounting scans sheets,69,92,"Scenario: I am submitting proof of a taxi-meter error to accounting. while the taxi company requires the original printed fare receipt. What should I give accounting?
Option1: A copy of the fare receipt
Option2: The original fare receipt
Question: Which one should I choose? Answer 1 for Option1 and 2 for Option2.

Evaluation answer protocol (this overrides earlier answer wording):
1 = Option1
2 = Option2
3 = after the deletion, the remaining scenario does not determine either Option1 or Option2
Output only 1, 2, or 3.",2,-3.1354942159291497,-0.09097177820572676,-3.1354942159291497,0.043478260869565216,0.9130434782608695,0.043478260869565216,3.044522437723423,False,False,True,False,False,deletion neither uncertain nor option flip,False,,,,deletion neither uncertain nor option flip,,,,,,,,,,,,,,
94,2,-0.8938178760220964,-0.5260930958967791,0.4090909090909091,0.5909090909090909,sampling,5,0,1,1,1,False,all_negations_flip,1,True,3,while the taxi company requires the original printed,94,146,"Scenario: I am submitting proof of a taxi-meter error to accounting. Accounting scans sheets fare receipt. What should I give accounting?
Option1: A copy of the fare receipt
Option2: The original fare receipt
Question: Which one should I choose? Answer 1 for Option1 and 2 for Option2.

Evaluation answer protocol (this overrides earlier answer wording):
1 = Option1
2 = Option2
3 = after the deletion, the remaining scenario does not determine either Option1 or Option2
Output only 1, 2, or 3.",1,-0.6505875661411494,-0.832909122935104,-3.1354942159291497,0.5217391304347826,0.43478260869565216,0.043478260869565216,0.18232155679395456,False,True,False,True,True,delete_person_flip,True,"Accounting scans sheets, while the taxi company does not require the original printed fare receipt.","Scenario: I am submitting proof of a taxi-meter error to accounting. Accounting scans sheets, while the taxi company does not require the original printed fare receipt. What should I give accounting?
Option1: A copy of the fare receipt
Option2: The original fare receipt
Question: Which one should I choose? Answer 1 for Option1 and 2 for Option2.

Evaluation answer protocol (this overrides earlier answer wording):
1 = Option1
2 = Option2
You must choose Option1 or Option2. Output only 1 or 2; never output 3.",True,"Negated the verb phrase 'requires' to 'does not require' within the target span context, preserving all other entities and facts.",1,-0.04652001563489282,-3.0910424533583156,,0.9545454545454546,0.045454545454545456,,3.044522437723423,False,True,False,True,True,
94,2,-0.8938178760220964,-0.5260930958967791,0.4090909090909091,0.5909090909090909,sampling,5,0,1,1,1,False,all_negations_flip,1,True,4,fare receipt.,147,160,"Scenario: I am submitting proof of a taxi-meter error to accounting. Accounting scans sheets, while the taxi company requires the original printed What should I give accounting?
Option1: A copy of the fare receipt
Option2: The original fare receipt
Question: Which one should I choose? Answer 1 for Option1 and 2 for Option2.

Evaluation answer protocol (this overrides earlier answer wording):
1 = Option1
2 = Option2
3 = after the deletion, the remaining scenario does not determine either Option1 or Option2
Output only 1, 2, or 3.",2,-1.3437347467010947,-0.3629054936893685,-3.1354942159291497,0.2608695652173913,0.6956521739130435,0.043478260869565216,0.9808292530117262,False,False,True,False,False,deletion neither uncertain nor option flip,False,,,,deletion neither uncertain nor option flip,,,,,,,,,,,,,,
95,1,-0.1466034741918754,-1.9924301646902063,0.8636363636363636,0.13636363636363635,sampling,4,0,0,0,0,False,no_informative_deletion,2,True,0,The ATV dealer says the recall kit is released only,10,61,"Scenario after they scan the VIN and record the hour meter at check-in. The showroom entrance is right where I am parked. Should I walk to the desk or trailer the ATV to service?
Option1: Walk to the desk
Option2: Trailer the ATV to service
Question: Which one should I choose? Answer 1 for Option1 and 2 for Option2.

Evaluation answer protocol (this overrides earlier answer wording):
1 = Option1
2 = Option2
3 = after the deletion, the remaining scenario does not determine either Option1 or Option2
Output only 1, 2, or 3.",1,-0.09097177820572676,-3.1354942159291497,-3.1354942159291497,0.9130434782608695,0.043478260869565216,0.043478260869565216,3.044522437723423,False,False,True,False,False,deletion neither uncertain nor option flip,False,,,,deletion neither uncertain nor option flip,,,,,,,,,,,,,,
95,1,-0.1466034741918754,-1.9924301646902063,0.8636363636363636,0.13636363636363635,sampling,4,0,0,0,0,False,no_informative_deletion,2,True,1,after they scan the VIN,62,85,"Scenario: The ATV dealer says the recall kit is released only record the hour meter at check-in. The showroom entrance is right where I am parked. Should I walk to the desk or trailer the ATV to service?
Option1: Walk to the desk
Option2: Trailer the ATV to service
Question: Which one should I choose? Answer 1 for Option1 and 2 for Option2.

Evaluation answer protocol (this overrides earlier answer wording):
1 = Option1
2 = Option2
3 = after the deletion, the remaining scenario does not determine either Option1 or Option2
Output only 1, 2, or 3.",1,-0.09097177820572676,-3.1354942159291497,-3.1354942159291497,0.9130434782608695,0.043478260869565216,0.043478260869565216,3.044522437723423,False,False,True,False,False,deletion neither uncertain nor option flip,False,,,,deletion neither uncertain nor option flip,,,,,,,,,,,,,,
95,1,-0.1466034741918754,-1.9924301646902063,0.8636363636363636,0.13636363636363635,sampling,4,0,0,0,0,False,no_informative_deletion,2,True,2,and record the hour meter at check-in.,86,124,"Scenario: The ATV dealer says the recall kit is released only after they scan the VIN The showroom entrance is right where I am parked. Should I walk to the desk or trailer the ATV to service?
Option1: Walk to the desk
Option2: Trailer the ATV to service
Question: Which one should I choose? Answer 1 for Option1 and 2 for Option2.

Evaluation answer protocol (this overrides earlier answer wording):
1 = Option1
2 = Option2
3 = after the deletion, the remaining scenario does not determine either Option1 or Option2
Output only 1, 2, or 3.",1,-0.09097177820572676,-3.1354942159291497,-3.1354942159291497,0.9130434782608695,0.043478260869565216,0.043478260869565216,3.044522437723423,False,False,True,False,False,deletion neither uncertain nor option flip,False,,,,deletion neither uncertain nor option flip,,,,,,,,,,,,,,
95,1,-0.1466034741918754,-1.9924301646902063,0.8636363636363636,0.13636363636363635,sampling,4,0,0,0,0,False,no_informative_deletion,2,True,3,The showroom entrance is right where I am parked.,125,174,"Scenario: The ATV dealer says the recall kit is released only after they scan the VIN and record the hour meter at check-in. Should I walk to the desk or trailer the ATV to service?
Option1: Walk to the desk
Option2: Trailer the ATV to service
Question: Which one should I choose? Answer 1 for Option1 and 2 for Option2.

Evaluation answer protocol (this overrides earlier answer wording):
1 = Option1
2 = Option2
3 = after the deletion, the remaining scenario does not determine either Option1 or Option2
Output only 1, 2, or 3.",1,-0.24512245803298496,-1.749199854809259,-3.1354942159291497,0.782608695652174,0.17391304347826086,0.043478260869565216,1.5040773967762742,False,False,True,False,False,deletion neither uncertain nor option flip,False,,,,deletion neither uncertain nor option flip,,,,,,,,,,,,,,
96,1,-0.38299225225610584,-1.1451323043030026,0.6818181818181818,0.3181818181818182,sampling,5,0,0,0,0,False,no_informative_deletion,1,False,0,The pallet of tile is staged.,10,39,"Scenario The forklift driver is at the loading stripe to place it onto the truck bed and photograph the tiedown. For this step, what should I do?
Option1: Drive the truck to the loading stripe
Option2: Walk to the loading stripe without the truck
Question: Which one should I choose? Answer 1 for Option1 and 2 for Option2.

Evaluation answer protocol (this overrides earlier answer wording):
1 = Option1
2 = Option2
3 = after the deletion, the remaining scenario does not determine either Option1 or Option2
Output only 1, 2, or 3.",1,-0.3629054936893685,-1.3437347467010947,-3.1354942159291497,0.6956521739130435,0.2608695652173913,0.043478260869565216,0.9808292530117262,False,False,True,False,False,deletion neither uncertain nor option flip,False,,,,deletion neither uncertain nor option flip,,,,,,,,,,,,,,
96,1,-0.38299225225610584,-1.1451323043030026,0.6818181818181818,0.3181818181818182,sampling,5,0,0,0,0,False,no_informative_deletion,1,False,1,The forklift driver is at the loading stripe,40,84,"Scenario: The pallet of tile is staged. to place it onto the truck bed and photograph the tiedown. For this step, what should I do?
Option1: Drive the truck to the loading stripe
Option2: Walk to the loading stripe without the truck
Question: Which one should I choose? Answer 1 for Option1 and 2 for Option2.

Evaluation answer protocol (this overrides earlier answer wording):
1 = Option1
2 = Option2
3 = after the deletion, the remaining scenario does not determine either Option1 or Option2
Output only 1, 2, or 3.",1,-0.09097177820572676,-3.1354942159291497,-3.1354942159291497,0.9130434782608695,0.043478260869565216,0.043478260869565216,3.044522437723423,False,False,True,False,False,deletion neither uncertain nor option flip,False,,,,deletion neither uncertain nor option flip,,,,,,,,,,,,,,
96,1,-0.38299225225610584,-1.1451323043030026,0.6818181818181818,0.3181818181818182,sampling,5,0,0,0,0,False,no_informative_deletion,1,False,2,to place it,85,96,"Scenario: The pallet of tile is staged. The forklift driver is at the loading stripe onto the truck bed and photograph the tiedown. For this step, what should I do?
Option1: Drive the truck to the loading stripe
Option2: Walk to the loading stripe without the truck
Question: Which one should I choose? Answer 1 for Option1 and 2 for Option2.

Evaluation answer protocol (this overrides earlier answer wording):
1 = Option1
2 = Option2
3 = after the deletion, the remaining scenario does not determine either Option1 or Option2
Output only 1, 2, or 3.",1,-0.3022808718729337,-1.5260563034950494,-3.1354942159291497,0.7391304347826086,0.21739130434782608,0.043478260869565216,1.2237754316221157,False,False,True,False,False,deletion neither uncertain nor option flip,False,,,,deletion neither uncertain nor option flip,,,,,,,,,,,,,,
96,1,-0.38299225225610584,-1.1451323043030026,0.6818181818181818,0.3181818181818182,sampling,5,0,0,0,0,False,no_informative_deletion,1,False,3,onto the truck bed,97,115,"Scenario: The pallet of tile is staged. The forklift driver is at the loading stripe to place it photograph the tiedown. For this step, what should I do?
Option1: Drive the truck to the loading stripe
Option2: Walk to the loading stripe without the truck
Question: Which one should I choose? Answer 1 for Option1 and 2 for Option2.

Evaluation answer protocol (this overrides earlier answer wording):
1 = Option1
2 = Option2
3 = after the deletion, the remaining scenario does not determine either Option1 or Option2
Output only 1, 2, or 3.",1,-0.19105523676270922,-2.03688192726104,-3.1354942159291497,0.8260869565217391,0.13043478260869565,0.043478260869565216,1.845826690498331,False,False,True,False,False,deletion neither uncertain nor option flip,False,,,,deletion neither uncertain nor option flip,,,,,,,,,,,,,,
96,1,-0.38299225225610584,-1.1451323043030026,0.6818181818181818,0.3181818181818182,sampling,5,0,0,0,0,False,no_informative_deletion,1,False,4,and photograph the tiedown.,116,143,"Scenario: The pallet of tile is staged. The forklift driver is at the loading stripe to place it onto the truck bed For this step, what should I do?
Option1: Drive the truck to the loading stripe
Option2: Walk to the loading stripe without the truck
Question: Which one should I choose? Answer 1 for Option1 and 2 for Option2.

Evaluation answer protocol (this overrides earlier answer wording):
1 = Option1
2 = Option2
3 = after the deletion, the remaining scenario does not determine either Option1 or Option2
Output only 1, 2, or 3.",1,-0.3629054936893685,-1.5260563034950494,-2.4423470353692043,0.6956521739130435,0.21739130434782608,0.08695652173913043,1.1631508098056809,False,False,True,False,False,deletion neither uncertain nor option flip,False,,,,deletion neither uncertain nor option flip,,,,,,,,,,,,,,
97,2,-3.0910424533583156,-0.04652001563489282,0.045454545454545456,0.9545454545454546,sampling,6,0,1,1,1,True,negation_nonflip,2,False,0,I need,10,16,"Scenario to tell a recruiter that the candidate's portfolio arrived. The recruiter is in an interview and asked not to be interrupted unless urgent. What should I do?
Option1: Knock and announce it
Option2: Send a quiet chat update
Question: Which one should I choose? Answer 1 for Option1 and 2 for Option2.

Evaluation answer protocol (this overrides earlier answer wording):
1 = Option1
2 = Option2
3 = after the deletion, the remaining scenario does not determine either Option1 or Option2
Output only 1, 2, or 3.",2,-2.4423470353692043,-0.13976194237515874,-3.1354942159291497,0.08695652173913043,0.8695652173913043,0.043478260869565216,2.3025850929940455,False,False,True,False,False,deletion neither uncertain nor option flip,False,,,,deletion neither uncertain nor option flip,,,,,,,,,,,,,,
97,2,-3.0910424533583156,-0.04652001563489282,0.045454545454545456,0.9545454545454546,sampling,6,0,1,1,1,True,negation_nonflip,2,False,1,to tell a recruiter that the candidate's portfolio arrived.,17,76,"Scenario: I need The recruiter is in an interview and asked not to be interrupted unless urgent. What should I do?
Option1: Knock and announce it
Option2: Send a quiet chat update
Question: Which one should I choose? Answer 1 for Option1 and 2 for Option2.

Evaluation answer protocol (this overrides earlier answer wording):
1 = Option1
2 = Option2
3 = after the deletion, the remaining scenario does not determine either Option1 or Option2
Output only 1, 2, or 3.",1,-0.24512245803298496,-1.749199854809259,-3.1354942159291497,0.782608695652174,0.17391304347826086,0.043478260869565216,1.5040773967762742,False,True,False,True,True,delete_person_flip,True,Scenario: I need to not tell a recruiter that the candidate's portfolio arrived. The recruiter is in an interview and asked not to be interrupted unless urgent.,"Scenario: I need to not tell a recruiter that the candidate's portfolio arrived. The recruiter is in an interview and asked not to be interrupted unless urgent. What should I do?
Option1: Knock and announce it
Option2: Send a quiet chat update
Question: Which one should I choose? Answer 1 for Option1 and 2 for Option2.

Evaluation answer protocol (this overrides earlier answer wording):
1 = Option1
2 = Option2
You must choose Option1 or Option2. Output only 1 or 2; never output 3.",True,"Negation applied by inserting 'not' before the infinitive verb phrase 'to tell', preserving all other entities, facts, and structure.",2,-3.0910424533583156,-0.04652001563489282,,0.045454545454545456,0.9545454545454546,,3.044522437723423,False,False,True,False,True,
97,2,-3.0910424533583156,-0.04652001563489282,0.045454545454545456,0.9545454545454546,sampling,6,0,1,1,1,True,negation_nonflip,2,False,2,The recruiter is in an interview,77,109,"Scenario: I need to tell a recruiter that the candidate's portfolio arrived. asked not to be interrupted unless urgent. What should I do?
Option1: Knock and announce it
Option2: Send a quiet chat update
Question: Which one should I choose? Answer 1 for Option1 and 2 for Option2.

Evaluation answer protocol (this overrides earlier answer wording):
1 = Option1
2 = Option2
3 = after the deletion, the remaining scenario does not determine either Option1 or Option2
Output only 1, 2, or 3.",2,-2.03688192726104,-0.19105523676270922,-3.1354942159291497,0.13043478260869565,0.8260869565217391,0.043478260869565216,1.845826690498331,False,False,True,False,False,deletion neither uncertain nor option flip,False,,,,deletion neither uncertain nor option flip,,,,,,,,,,,,,,
97,2,-3.0910424533583156,-0.04652001563489282,0.045454545454545456,0.9545454545454546,sampling,6,0,1,1,1,True,negation_nonflip,2,False,3,and asked not,110,123,"Scenario: I need to tell a recruiter that the candidate's portfolio arrived. The recruiter is in an interview to be interrupted unless urgent. What should I do?
Option1: Knock and announce it
Option2: Send a quiet chat update
Question: Which one should I choose? Answer 1 for Option1 and 2 for Option2.

Evaluation answer protocol (this overrides earlier answer wording):
1 = Option1
2 = Option2
3 = after the deletion, the remaining scenario does not determine either Option1 or Option2
Output only 1, 2, or 3.",2,-3.1354942159291497,-0.09097177820572676,-3.1354942159291497,0.043478260869565216,0.9130434782608695,0.043478260869565216,3.044522437723423,False,False,True,False,False,deletion neither uncertain nor option flip,False,,,,deletion neither uncertain nor option flip,,,,,,,,,,,,,,
97,2,-3.0910424533583156,-0.04652001563489282,0.045454545454545456,0.9545454545454546,sampling,6,0,1,1,1,True,negation_nonflip,2,False,4,to be interrupted,124,141,"Scenario: I need to tell a recruiter that the candidate's portfolio arrived. The recruiter is in an interview and asked not unless urgent. What should I do?
Option1: Knock and announce it
Option2: Send a quiet chat update
Question: Which one should I choose? Answer 1 for Option1 and 2 for Option2.

Evaluation answer protocol (this overrides earlier answer wording):
1 = Option1
2 = Option2
3 = after the deletion, the remaining scenario does not determine either Option1 or Option2
Output only 1, 2, or 3.",2,-3.1354942159291497,-0.09097177820572676,-3.1354942159291497,0.043478260869565216,0.9130434782608695,0.043478260869565216,3.044522437723423,False,False,True,False,False,deletion neither uncertain nor option flip,False,,,,deletion neither uncertain nor option flip,,,,,,,,,,,,,,
97,2,-3.0910424533583156,-0.04652001563489282,0.045454545454545456,0.9545454545454546,sampling,6,0,1,1,1,True,negation_nonflip,2,False,5,unless urgent.,142,156,"Scenario: I need to tell a recruiter that the candidate's portfolio arrived. The recruiter is in an interview and asked not to be interrupted What should I do?
Option1: Knock and announce it
Option2: Send a quiet chat update
Question: Which one should I choose? Answer 1 for Option1 and 2 for Option2.

Evaluation answer protocol (this overrides earlier answer wording):
1 = Option1
2 = Option2
3 = after the deletion, the remaining scenario does not determine either Option1 or Option2
Output only 1, 2, or 3.",2,-3.1354942159291497,-0.09097177820572676,-3.1354942159291497,0.043478260869565216,0.9130434782608695,0.043478260869565216,3.044522437723423,False,False,True,False,False,deletion neither uncertain nor option flip,False,,,,deletion neither uncertain nor option flip,,,,,,,,,,,,,,
98,2,-3.0910424533583156,-0.04652001563489282,0.045454545454545456,0.9545454545454546,sampling,4,0,0,0,0,False,no_informative_deletion,2,False,0,I am sending a defective tablet return.,10,49,"Scenario The RMA label must be stuck to the tablet box before staff scan the package. What should I bring to the service counter?
Option1: Only the RMA label
Option2: The tablet box with the RMA label attached
Question: Which one should I choose? Answer 1 for Option1 and 2 for Option2.

Evaluation answer protocol (this overrides earlier answer wording):
1 = Option1
2 = Option2
3 = after the deletion, the remaining scenario does not determine either Option1 or Option2
Output only 1, 2, or 3.",2,-3.1354942159291497,-0.09097177820572676,-3.1354942159291497,0.043478260869565216,0.9130434782608695,0.043478260869565216,3.044522437723423,False,False,True,False,False,deletion neither uncertain nor option flip,False,,,,deletion neither uncertain nor option flip,,,,,,,,,,,,,,
98,2,-3.0910424533583156,-0.04652001563489282,0.045454545454545456,0.9545454545454546,sampling,4,0,0,0,0,False,no_informative_deletion,2,False,1,The RMA label must be stuck,50,77,"Scenario: I am sending a defective tablet return. to the tablet box before staff scan the package. What should I bring to the service counter?
Option1: Only the RMA label
Option2: The tablet box with the RMA label attached
Question: Which one should I choose? Answer 1 for Option1 and 2 for Option2.

Evaluation answer protocol (this overrides earlier answer wording):
1 = Option1
2 = Option2
3 = after the deletion, the remaining scenario does not determine either Option1 or Option2
Output only 1, 2, or 3.",2,-3.1354942159291497,-0.09097177820572676,-3.1354942159291497,0.043478260869565216,0.9130434782608695,0.043478260869565216,3.044522437723423,False,False,True,False,False,deletion neither uncertain nor option flip,False,,,,deletion neither uncertain nor option flip,,,,,,,,,,,,,,
98,2,-3.0910424533583156,-0.04652001563489282,0.045454545454545456,0.9545454545454546,sampling,4,0,0,0,0,False,no_informative_deletion,2,False,2,to the tablet box,78,95,"Scenario: I am sending a defective tablet return. The RMA label must be stuck before staff scan the package. What should I bring to the service counter?
Option1: Only the RMA label
Option2: The tablet box with the RMA label attached
Question: Which one should I choose? Answer 1 for Option1 and 2 for Option2.

Evaluation answer protocol (this overrides earlier answer wording):
1 = Option1
2 = Option2
3 = after the deletion, the remaining scenario does not determine either Option1 or Option2
Output only 1, 2, or 3.",2,-3.1354942159291497,-0.09097177820572676,-3.1354942159291497,0.043478260869565216,0.9130434782608695,0.043478260869565216,3.044522437723423,False,False,True,False,False,deletion neither uncertain nor option flip,False,,,,deletion neither uncertain nor option flip,,,,,,,,,,,,,,
98,2,-3.0910424533583156,-0.04652001563489282,0.045454545454545456,0.9545454545454546,sampling,4,0,0,0,0,False,no_informative_deletion,2,False,3,before staff scan the package.,96,126,"Scenario: I am sending a defective tablet return. The RMA label must be stuck to the tablet box What should I bring to the service counter?
Option1: Only the RMA label
Option2: The tablet box with the RMA label attached
Question: Which one should I choose? Answer 1 for Option1 and 2 for Option2.

Evaluation answer protocol (this overrides earlier answer wording):
1 = Option1
2 = Option2
3 = after the deletion, the remaining scenario does not determine either Option1 or Option2
Output only 1, 2, or 3.",2,-3.1354942159291497,-0.09097177820572676,-3.1354942159291497,0.043478260869565216,0.9130434782608695,0.043478260869565216,3.044522437723423,False,False,True,False,False,deletion neither uncertain nor option flip,False,,,,deletion neither uncertain nor option flip,,,,,,,,,,,,,,
99,2,-3.0910424533583156,-0.04652001563489282,0.045454545454545456,0.9545454545454546,sampling,5,0,2,2,2,True,negation_nonflip,1,True,0,The grounds crew lost the mower's fuel-cap key,10,56,"Scenario can cut another only after checking the mower serial plate and trying the blank in the actual cap. The maintenance office is across the yard. Should I drive the mower over or walk to the office?
Option1: Drive the mower over
Option2: Walk to the office
Question: Which one should I choose? Answer 1 for Option1 and 2 for Option2.

Evaluation answer protocol (this overrides earlier answer wording):
1 = Option1
2 = Option2
3 = after the deletion, the remaining scenario does not determine either Option1 or Option2
Output only 1, 2, or 3.",2,-0.832909122935104,-0.6505875661411494,-3.1354942159291497,0.43478260869565216,0.5217391304347826,0.043478260869565216,0.18232155679395456,False,False,True,False,False,deletion neither uncertain nor option flip,False,,,,deletion neither uncertain nor option flip,,,,,,,,,,,,,,
99,2,-3.0910424533583156,-0.04652001563489282,0.045454545454545456,0.9545454545454546,sampling,5,0,2,2,2,True,negation_nonflip,1,True,1,and can cut another only,57,81,"Scenario: The grounds crew lost the mower's fuel-cap key after checking the mower serial plate and trying the blank in the actual cap. The maintenance office is across the yard. Should I drive the mower over or walk to the office?
Option1: Drive the mower over
Option2: Walk to the office
Question: Which one should I choose? Answer 1 for Option1 and 2 for Option2.

Evaluation answer protocol (this overrides earlier answer wording):
1 = Option1
2 = Option2
3 = after the deletion, the remaining scenario does not determine either Option1 or Option2
Output only 1, 2, or 3.",1,-0.6505875661411494,-0.832909122935104,-3.1354942159291497,0.5217391304347826,0.43478260869565216,0.043478260869565216,0.18232155679395456,False,True,False,True,True,delete_person_flip,True,Scenario: The grounds crew lost the mower's fuel-cap key and cannot cut another only after checking the mower serial plate and trying the blank in the actual cap.,"Scenario: The grounds crew lost the mower's fuel-cap key and cannot cut another only after checking the mower serial plate and trying the blank in the actual cap. The maintenance office is across the yard. Should I drive the mower over or walk to the office?
Option1: Drive the mower over
Option2: Walk to the office
Question: Which one should I choose? Answer 1 for Option1 and 2 for Option2.

Evaluation answer protocol (this overrides earlier answer wording):
1 = Option1
2 = Option2
You must choose Option1 or Option2. Output only 1 or 2; never output 3.",True,"Negated 'can' to 'cannot'. Note: This creates a semantic contradiction ('cannot... only after'), but it is the minimal grammatical negation of the target span as requested.",2,-2.3978952727983707,-0.0953101798043249,,0.09090909090909091,0.9090909090909091,,2.302585092994046,False,False,True,False,True,
99,2,-3.0910424533583156,-0.04652001563489282,0.045454545454545456,0.9545454545454546,sampling,5,0,2,2,2,True,negation_nonflip,1,True,2,after checking the mower serial plate,82,119,"Scenario: The grounds crew lost the mower's fuel-cap key and can cut another only trying the blank in the actual cap. The maintenance office is across the yard. Should I drive the mower over or walk to the office?
Option1: Drive the mower over
Option2: Walk to the office
Question: Which one should I choose? Answer 1 for Option1 and 2 for Option2.

Evaluation answer protocol (this overrides earlier answer wording):
1 = Option1
2 = Option2
3 = after the deletion, the remaining scenario does not determine either Option1 or Option2
Output only 1, 2, or 3.",1,-0.496436886313891,-1.0560526742493137,-3.1354942159291497,0.6086956521739131,0.34782608695652173,0.043478260869565216,0.5596157879354227,False,True,False,True,True,delete_person_flip,True,Scenario: The grounds crew lost the mower's fuel-cap key and can cut another only not after checking the mower serial plate and trying the blank in the actual cap.,"Scenario: The grounds crew lost the mower's fuel-cap key and can cut another only not after checking the mower serial plate and trying the blank in the actual cap. The maintenance office is across the yard. Should I drive the mower over or walk to the office?
Option1: Drive the mower over
Option2: Walk to the office
Question: Which one should I choose? Answer 1 for Option1 and 2 for Option2.

Evaluation answer protocol (this overrides earlier answer wording):
1 = Option1
2 = Option2
You must choose Option1 or Option2. Output only 1 or 2; never output 3.",True,Minimal negation applied by inserting 'not' before the target span to negate the condition while preserving all other entities and facts.,2,-1.7047480922384253,-0.2006706954621511,,0.18181818181818182,0.8181818181818182,,1.5040773967762742,False,False,True,False,True,
99,2,-3.0910424533583156,-0.04652001563489282,0.045454545454545456,0.9545454545454546,sampling,5,0,2,2,2,True,negation_nonflip,1,True,3,and trying the blank in the actual cap.,120,159,"Scenario: The grounds crew lost the mower's fuel-cap key and can cut another only after checking the mower serial plate The maintenance office is across the yard. Should I drive the mower over or walk to the office?
Option1: Drive the mower over
Option2: Walk to the office
Question: Which one should I choose? Answer 1 for Option1 and 2 for Option2.

Evaluation answer protocol (this overrides earlier answer wording):
1 = Option1
2 = Option2
3 = after the deletion, the remaining scenario does not determine either Option1 or Option2
Output only 1, 2, or 3.",,-0.7375989431307791,-0.7375989431307791,-3.1354942159291497,0.4782608695652174,0.4782608695652174,0.043478260869565216,0.0,False,False,False,,False,deletion neither uncertain nor option flip,False,,,,deletion neither uncertain nor option flip,,,,,,,,,,,,,,
99,2,-3.0910424533583156,-0.04652001563489282,0.045454545454545456,0.9545454545454546,sampling,5,0,2,2,2,True,negation_nonflip,1,True,4,The maintenance office is across the yard.,160,202,"Scenario: The grounds crew lost the mower's fuel-cap key and can cut another only after checking the mower serial plate and trying the blank in the actual cap. Should I drive the mower over or walk to the office?
Option1: Drive the mower over
Option2: Walk to the office
Question: Which one should I choose? Answer 1 for Option1 and 2 for Option2.

Evaluation answer protocol (this overrides earlier answer wording):
1 = Option1
2 = Option2
3 = after the deletion, the remaining scenario does not determine either Option1 or Option2
Output only 1, 2, or 3.",2,-2.03688192726104,-0.19105523676270922,-3.1354942159291497,0.13043478260869565,0.8260869565217391,0.043478260869565216,1.845826690498331,False,False,True,False,False,deletion neither uncertain nor option flip,False,,,,deletion neither uncertain nor option flip,,,,,,,,,,,,,,
100,2,-1.9924301646902063,-0.1466034741918754,0.13636363636363635,0.8636363636363636,sampling,5,0,2,2,2,True,negation_nonflip,2,False,0,I am registering my pool pass,10,39,"Scenario with the office. The archive tray scans loose sheets, while my RFID pool card must stay on my key ring. What should I put in the archive tray?
Option1: The physical pool card
Option2: A paper copy of the pool card
Question: Which one should I choose? Answer 1 for Option1 and 2 for Option2.

Evaluation answer protocol (this overrides earlier answer wording):
1 = Option1
2 = Option2
3 = after the deletion, the remaining scenario does not determine either Option1 or Option2
Output only 1, 2, or 3.",1,-0.6505875661411494,-0.832909122935104,-3.1354942159291497,0.5217391304347826,0.43478260869565216,0.043478260869565216,0.18232155679395456,False,True,False,True,True,delete_person_flip,True,Scenario: I am not registering my pool pass with the office.,"Scenario: I am not registering my pool pass with the office. The archive tray scans loose sheets, while my RFID pool card must stay on my key ring. What should I put in the archive tray?
Option1: The physical pool card
Option2: A paper copy of the pool card
Question: Which one should I choose? Answer 1 for Option1 and 2 for Option2.

Evaluation answer protocol (this overrides earlier answer wording):
1 = Option1
2 = Option2
You must choose Option1 or Option2. Output only 1 or 2; never output 3.",True,"The negation is applied to the main verb phrase 'am registering' to form 'am not registering', preserving all other entities and context.",2,-3.0910424533583156,-0.04652001563489282,,0.045454545454545456,0.9545454545454546,,3.044522437723423,False,False,True,False,True,
100,2,-1.9924301646902063,-0.1466034741918754,0.13636363636363635,0.8636363636363636,sampling,5,0,2,2,2,True,negation_nonflip,2,False,1,with the office.,40,56,"Scenario: I am registering my pool pass The archive tray scans loose sheets, while my RFID pool card must stay on my key ring. What should I put in the archive tray?
Option1: The physical pool card
Option2: A paper copy of the pool card
Question: Which one should I choose? Answer 1 for Option1 and 2 for Option2.

Evaluation answer protocol (this overrides earlier answer wording):
1 = Option1
2 = Option2
3 = after the deletion, the remaining scenario does not determine either Option1 or Option2
Output only 1, 2, or 3.",2,-3.1354942159291497,-0.09097177820572676,-3.1354942159291497,0.043478260869565216,0.9130434782608695,0.043478260869565216,3.044522437723423,False,False,True,False,False,deletion neither uncertain nor option flip,False,,,,deletion neither uncertain nor option flip,,,,,,,,,,,,,,
100,2,-1.9924301646902063,-0.1466034741918754,0.13636363636363635,0.8636363636363636,sampling,5,0,2,2,2,True,negation_nonflip,2,False,2,The archive tray scans loose sheets,57,92,"Scenario: I am registering my pool pass with the office. while my RFID pool card must stay on my key ring. What should I put in the archive tray?
Option1: The physical pool card
Option2: A paper copy of the pool card
Question: Which one should I choose? Answer 1 for Option1 and 2 for Option2.

Evaluation answer protocol (this overrides earlier answer wording):
1 = Option1
2 = Option2
3 = after the deletion, the remaining scenario does not determine either Option1 or Option2
Output only 1, 2, or 3.",2,-0.9382696385929302,-0.7375989431307791,-2.03688192726104,0.391304347826087,0.4782608695652174,0.13043478260869565,0.2006706954621511,False,False,True,False,False,deletion neither uncertain nor option flip,False,,,,deletion neither uncertain nor option flip,,,,,,,,,,,,,,
100,2,-1.9924301646902063,-0.1466034741918754,0.13636363636363635,0.8636363636363636,sampling,5,0,2,2,2,True,negation_nonflip,2,False,3,while my RFID pool card must stay on,94,130,"Scenario: I am registering my pool pass with the office. The archive tray scans loose sheets my key ring. What should I put in the archive tray?
Option1: The physical pool card
Option2: A paper copy of the pool card
Question: Which one should I choose? Answer 1 for Option1 and 2 for Option2.

Evaluation answer protocol (this overrides earlier answer wording):
1 = Option1
2 = Option2
3 = after the deletion, the remaining scenario does not determine either Option1 or Option2
Output only 1, 2, or 3.",1,-0.09097177820572676,-3.1354942159291497,-3.1354942159291497,0.9130434782608695,0.043478260869565216,0.043478260869565216,3.044522437723423,False,True,False,True,True,delete_person_flip,True,"The archive tray scans loose sheets, while my RFID pool card must not stay on my key ring.","Scenario: I am registering my pool pass with the office. The archive tray scans loose sheets, while my RFID pool card must not stay on my key ring. What should I put in the archive tray?
Option1: The physical pool card
Option2: A paper copy of the pool card
Question: Which one should I choose? Answer 1 for Option1 and 2 for Option2.

Evaluation answer protocol (this overrides earlier answer wording):
1 = Option1
2 = Option2
You must choose Option1 or Option2. Output only 1 or 2; never output 3.",True,Negated the modal 'must' to 'must not' within the target span to minimize grammatical change.,1,-0.2578291093020998,-1.4816045409242156,,0.7727272727272727,0.22727272727272727,,1.2237754316221157,False,True,False,True,True,
100,2,-1.9924301646902063,-0.1466034741918754,0.13636363636363635,0.8636363636363636,sampling,5,0,2,2,2,True,negation_nonflip,2,False,4,my key ring.,131,143,"Scenario: I am registering my pool pass with the office. The archive tray scans loose sheets, while my RFID pool card must stay on What should I put in the archive tray?
Option1: The physical pool card
Option2: A paper copy of the pool card
Question: Which one should I choose? Answer 1 for Option1 and 2 for Option2.

Evaluation answer protocol (this overrides earlier answer wording):
1 = Option1
2 = Option2
3 = after the deletion, the remaining scenario does not determine either Option1 or Option2
Output only 1, 2, or 3.",2,-3.1354942159291497,-0.09097177820572676,-3.1354942159291497,0.043478260869565216,0.9130434782608695,0.043478260869565216,3.044522437723423,False,False,True,False,False,deletion neither uncertain nor option flip,False,,,,deletion neither uncertain nor option flip,,,,,,,,,,,,,,
