id,role,core_text,matched_indices,matched_span_text,score,direct,method,confident,warning
31,shortcut,The cashier window is right by the parking lot,[4],The cashier window is right by the parking lot.,1.000,True,direct,True,
31,constraint,comparing it to the trailer plate at the ramp lane,"[2, 3]",after comparing it to the trailer plate at the ramp lane.,0.952,True,direct,True,
32,shortcut,The parts store offered to print a code report for my rough idle,"[0, 1]",The parts store offered to print a code report for my rough idle,1.000,True,direct,True,
32,constraint,be plugged in while the engine is running in their parking spot,"[3, 4]",to be plugged in while the engine is running in their parking spot.,0.960,True,direct,True,
33,shortcut,fixture tag,[1],The fixture tag must be attached,0.500,True,direct,True,
33,constraint,be attached to the stand base before staff move it inside,"[2, 3]",to the stand base before staff move it inside.,0.900,True,direct,True,
34,shortcut,return label,[1],The return label must be on the pouch,0.400,True,direct,True,
34,constraint,be on the pouch before staff scan the return,"[1, 2]",The return label must be on the pouch before staff scan the return.,0.818,True,direct,True,
35,shortcut,room-number tag,[1],The room-number tag must be attached,0.600,True,direct,True,
35,constraint,be attached to the underside shelf before staff move it inside,"[2, 3]",to the underside shelf before staff move it inside.,0.900,True,direct,True,
36,shortcut,original paper ticket,"[2, 3]",while the rail agency requires the original paper ticket for the refund.,0.400,True,direct,True,
36,constraint,scans proof pages,[1],The office scans proof pages,0.750,True,direct,True,
36,constraint,the rail agency requires the original paper ticket for the refund,"[2, 3]",while the rail agency requires the original paper ticket for the refund.,0.957,True,direct,True,
37,shortcut,suite badge,[3],while the suite badge must remain active on,0.400,True,direct,True,
37,constraint,scans paper proof and discards it,"[1, 2]",The media manager scans paper proof and discards it,0.800,True,direct,True,
37,constraint,the suite badge must remain active on my lanyard,"[3, 4]",while the suite badge must remain active on my lanyard.,0.947,True,direct,True,
38,constraint,place the countertop slab onto the padded rack in my truck,"[2, 3]",to place the countertop slab onto the padded rack in my truck.,0.957,True,direct,True,
39,shortcut,The reclaimed boards are approved for pickup,[0],The reclaimed boards are approved for pickup.,1.000,True,direct,True,
39,constraint,check the straps after the boards are on my truck,"[2, 3]",to check the straps after the boards are on my truck.,0.952,True,direct,True,
40,shortcut,original receipt,[5],to keep the original receipt.,0.571,True,direct,True,
40,constraint,stores a scan and returns no paper,"[2, 3]",The clerk stores a scan and returns no paper,0.875,True,direct,True,
40,constraint,the microphone service file asks me to keep the original receipt,"[4, 5]",while the microphone service file asks me to keep the original receipt.,0.957,True,direct,True,
41,shortcut,The glove repair ticket is open,[0],The glove repair ticket is open.,1.000,True,direct,True,
41,constraint,inspect the broken web and thread new lace through it,"[2, 3]",to inspect the broken web and thread new lace through it.,0.952,True,direct,True,
42,shortcut,The pallet-jack load test is approved,[0],The pallet-jack load test is approved.,1.000,True,direct,True,
42,constraint,watch it lift and roll with a standard pallet,"[2, 3, 4]",to watch it lift and roll with a standard pallet.,0.947,True,direct,True,
43,shortcut,The outboard shifting complaint is checked in,[0],The outboard shifting complaint is checked in.,1.000,True,direct,True,
43,constraint,observe neutral-to-forward engagement with the engine running,"[2, 3]",to observe neutral-to-forward engagement with the engine running.,0.947,True,direct,True,
44,shortcut,Their office is a short walk from my apartment,"[6, 7]",Their office is a short walk from my apartment.,1.000,True,direct,True,
44,constraint,photographing the plate and sticker on the car,"[4, 5]",after photographing the plate and sticker on the car.,0.941,True,direct,True,
45,shortcut,original fare ticket,"[2, 3]",while the transit office requires the original fare ticket for the refund.,0.400,True,direct,True,
45,constraint,scans proof pages,[1],The payroll clerk scans proof pages,0.667,True,direct,True,
45,constraint,the transit office requires the original fare ticket for the refund,"[2, 3]",while the transit office requires the original fare ticket for the refund.,0.957,True,direct,True,
46,shortcut,The fleet office is across the apron,[5],The fleet office is across the apron.,1.000,True,direct,True,
46,constraint,driven slowly through a turn so they can compare wheel movement,"[3, 4]",a turn so they can compare wheel movement.,0.842,True,direct,True,
47,shortcut,cart permit,[3],while the cart permit must remain active on,0.400,True,direct,True,
47,constraint,scans paper proof and discards it,"[1, 2]",The cart-barn clerk scans paper proof and discards it,0.750,True,direct,True,
47,constraint,the cart permit must remain active on the steering column,"[3, 4]",while the cart permit must remain active on the steering column.,0.952,True,direct,True,
48,constraint,be put in the registrar's drop box,[2],put in the registrar's drop box.,0.933,True,direct,True,
49,shortcut,The garage permit form is finished,[0],The garage permit form is finished.,1.000,True,direct,True,
49,constraint,make one test pass with the windshield tag before marking it active,"[2, 3, 4]",to make one test pass with the windshield tag before marking it active.,0.960,True,direct,True,
50,shortcut,fin tag,[1],The fin tag must be attached,0.500,True,direct,True,
50,constraint,be attached to the board before the rack scan,"[2, 3]",to the board before the rack scan.,0.875,True,direct,True,
51,shortcut,The assembled basketball hoop base is ready,[0],The assembled basketball hoop base is ready.,1.000,True,direct,True,
51,constraint,load it into the truck bed with a cart,"[2, 3, 4]",to load it into the truck bed with a cart.,0.947,True,direct,True,
52,shortcut,The front counter is easy to reach,[3],The front counter is easy to reach.,1.000,True,direct,True,
52,constraint,scan the frame number and note the odometer at intake,"[1, 2]",but the service writer must scan the frame number and note the odometer at intake.,0.800,True,direct,True,
53,shortcut,The donated washer pickup is authorized,[0],The donated washer pickup is authorized.,1.000,True,direct,True,
53,constraint,load it straight into my pickup and photograph the secured load,"[2, 3, 4]",to load it straight into my pickup and photograph the secured load.,0.957,True,direct,True,
54,shortcut,original receipt,[5],to keep the original receipt.,0.571,True,direct,True,
54,constraint,stores a scan and returns no paper,"[2, 3]",The clerk stores a scan and returns no paper,0.875,True,direct,True,
54,constraint,the motor warranty packet asks me to keep the original receipt,"[4, 5]",while the motor warranty packet asks me to keep the original receipt.,0.957,True,direct,True,
55,shortcut,original dated receipt,[3],while the manufacturer rebate requires the original dated receipt.,0.500,True,direct,True,
55,constraint,scans proof pages and discards them,[2],The clerk scans proof pages and discards them,0.857,True,direct,True,
55,constraint,the manufacturer rebate requires the original dated receipt,[3],while the manufacturer rebate requires the original dated receipt.,0.941,True,direct,True,
56,shortcut,original,[3],while the rebate form asks for the original receipt.,0.200,True,direct,True,
56,constraint,scans sheets and shreds them,[2],The office scans sheets and shreds them,0.833,True,direct,True,
56,constraint,the rebate form asks for the original receipt,[3],while the rebate form asks for the original receipt.,0.941,True,direct,True,
57,shortcut,The counter is near the launch ramp,[5],The counter is near the launch ramp.,1.000,True,direct,True,
57,constraint,scan the hull number and record engine hours before opening the bay ticket,"[2, 3, 4]",to scan the hull number and record engine hours before opening the bay ticket.,0.963,True,direct,True,
58,constraint,enter a supply closet,[0],I need to enter a supply closet.,0.727,True,direct,True,
58,constraint,the door logs entries only through the assigned badge scan,"[1, 2]",The manager says the door logs entries only through the assigned badge scan.,0.870,True,direct,True,
59,shortcut,The marina store is a short walk from my dock,"[5, 6]",The marina store is a short walk from my dock.,1.000,True,direct,True,
59,constraint,plug the trailer into their tester and load the circuit,"[2, 3, 4]",to plug the trailer into their tester and load the circuit.,0.952,True,direct,True,
60,shortcut,The outboard campaign is listed as eligible,[0],The outboard campaign is listed as eligible.,1.000,True,direct,True,
60,constraint,scan the motor serial plate and read hours from the boat display,"[2, 3, 4]",to scan the motor serial plate and read hours from the boat display.,0.960,True,direct,True,
61,constraint,be scanned into the back cold room immediately,[3],into the back cold room immediately.,0.857,True,direct,True,
62,shortcut,room-number tag,[1],The room-number tag must be attached,0.600,True,direct,True,
62,constraint,be attached to the back before staff move it inside,"[2, 3]",to the back before staff move it inside.,0.889,True,direct,True,
63,constraint,security confirms the windshield RFID sticker matches the serial number in their system,"[1, 2]",until security confirms the windshield RFID sticker matches the serial number in their system.,0.963,True,direct,True,
64,shortcut,The snowmobile warranty claim is accepted,[0],The snowmobile warranty claim is accepted.,1.000,True,direct,True,
64,constraint,photograph the chassis plate and hour meter before ordering the part,"[2, 3, 4]",to photograph the chassis plate and hour meter before ordering the part.,0.957,True,direct,True,
65,constraint,compare the minibus bumper height to the gate arm mark,"[2, 3]",to compare the minibus bumper height to the gate arm mark.,0.952,True,direct,True,
66,shortcut,The appeal counter is inside city hall,[3],The appeal counter is inside city hall,1.000,True,direct,True,
66,constraint,they confirm the basket bracket was covering the rear plate light,"[1, 2]",be canceled if they confirm the basket bracket was covering the rear plate light.,0.880,True,direct,True,
67,shortcut,The battery-test request is written,[0],The battery-test request is written.,1.000,True,direct,True,
67,constraint,connect clamps while the engine runs,"[2, 3]",to connect clamps while the engine runs.,0.923,True,direct,True,
68,shortcut,The skateboard vibration ticket is open,[0],The skateboard vibration ticket is open.,1.000,True,direct,True,
68,constraint,watch wheel wobble while the board reaches speed,"[2, 3]",to watch wheel wobble while the board reaches speed.,0.941,True,direct,True,
69,shortcut,The office is right by the dock,[6],The office is right by the dock.,1.000,True,direct,True,
69,constraint,scan the faded gelcoat near the damage under shop lights,"[3, 4, 5]",to scan the faded gelcoat near the damage under shop lights.,0.952,True,direct,True,
70,shortcut,ID label,[1],The specimen ID label must be on the,0.400,True,direct,True,
70,constraint,be on the slide holder before storage,"[1, 2, 3]",The specimen ID label must be on the slide holder before storage.,0.737,True,direct,True,
71,constraint,She is calling a scene change over comms,[3],She is calling a scene change over comms.,1.000,True,direct,True,
72,shortcut,case label,[1],The case label must be stuck,0.500,True,direct,True,
72,constraint,be stuck to the equipment case before staff scan the package,"[2, 3]",to the equipment case before staff scan the package.,0.900,True,direct,True,
73,constraint,He is listening for a standby cue,[3],He is listening for a standby cue.,1.000,True,direct,True,
74,shortcut,The equipment trailer brake check is queued,[0],The equipment trailer brake check is queued.,1.000,True,direct,True,
74,constraint,apply the breakaway switch and watch each wheel resist,"[2, 3]",to apply the breakaway switch and watch each wheel resist.,0.947,True,direct,True,
75,shortcut,The office is next to the pedestrian path,[4],The office is next to the pedestrian path.,1.000,True,direct,True,
75,constraint,the attendant checks the loose rear bike rack that was reported yesterday,"[2, 3]",until the attendant checks the loose rear bike rack that was reported yesterday.,0.960,True,direct,True,
76,shortcut,The loaner-kit return sticker is ready,[0],The loaner-kit return sticker is ready.,1.000,True,direct,True,
76,constraint,it is on the zipper bag,[2],after it is on the zipper bag.,0.923,True,direct,True,
77,shortcut,The generator-trailer return is logged,[0],The generator-trailer return is logged.,1.000,True,direct,True,
77,constraint,read the hour meter and test the brake-away battery,"[2, 3]",to read the hour meter and test the brake-away battery.,0.952,True,direct,True,
78,shortcut,The mooring form is complete,[0],The mooring form is complete.,1.000,True,direct,True,
78,constraint,read the hull number on my boat's stern and compare it to the registration,"[2, 3, 4]",to read the hull number on my boat's stern and compare it to the registration.,0.968,True,direct,True,
79,shortcut,The service window is beside the yard,[3],The service window is beside the yard.,1.000,True,direct,True,
79,constraint,staff confirm the ladder rack covers the reflector exactly as the officer described,"[1, 2]",staff confirm the ladder rack covers the reflector exactly as the officer described.,1.000,True,direct,True,
80,shortcut,door card,[2],while the door card must stay on my lanyard.,0.364,True,direct,True,
80,constraint,scans paper proof and discards it,[1],The manager scans paper proof and discards it,0.857,True,direct,True,
80,constraint,the door card must stay on my lanyard,[2],while the door card must stay on my lanyard.,0.941,True,direct,True,
81,shortcut,The baggage-cart repair note is entered,[0],The baggage-cart repair note is entered.,1.000,True,direct,True,
81,constraint,watch the wheel bracket while the cart makes a slow left turn,"[2, 3]",to watch the wheel bracket while the cart makes a slow left turn.,0.960,True,direct,True,
82,shortcut,The electric motorcycle warning note is entered,[0],The electric motorcycle warning note is entered.,1.000,True,direct,True,
82,constraint,downloads inverter logs from the bike,"[2, 3]",with the cable that downloads inverter logs from the bike.,0.750,True,direct,True,
83,shortcut,The apartment scooter-space permit is approved,[0],The apartment scooter-space permit is approved.,1.000,True,direct,True,
83,constraint,read the scooter serial plate before hanging the tag,"[2, 3]",to read the scooter serial plate before hanging the tag.,0.947,True,direct,True,
84,constraint,used solvent wipes go in the hazardous-waste bag,"[1, 2]",The lab says used solvent wipes go in the hazardous-waste bag.,0.857,True,direct,True,
85,shortcut,vacuum receipt,[0],I am handing a vacuum receipt,0.500,True,direct,True,
85,constraint,scans the page and returns no paper,"[2, 3]",The clerk scans the page and returns no paper,0.875,True,direct,True,
85,constraint,the vacuum warranty requires the original,[4],while the vacuum warranty requires the original.,0.923,True,direct,True,
86,shortcut,The golf-cart roof kit is reserved,[0],The golf-cart roof kit is reserved.,1.000,True,direct,True,
86,constraint,record the cart ID and odometer before releasing the kit,"[2, 3, 4]",to record the cart ID and odometer before releasing the kit.,0.952,True,direct,True,
87,shortcut,The scooter paint blend is set up,[0],The scooter paint blend is set up.,1.000,True,direct,True,
87,constraint,scan the welded rear frame rail near the repaired area before mixing,"[2, 3, 4]",to scan the welded rear frame rail near the repaired area before mixing.,0.960,True,direct,True,
88,shortcut,original dated receipt,[3],while the energy rebate requires the original dated receipt.,0.500,True,direct,True,
88,constraint,scans proof pages and discards them,[2],The clerk scans proof pages and discards them,0.857,True,direct,True,
88,constraint,the energy rebate requires the original dated receipt,[3],while the energy rebate requires the original dated receipt.,0.941,True,direct,True,
89,constraint,the key is cycled twice,[1],after the key is cycled twice.,0.909,True,direct,True,
89,constraint,watch the display and hear the contactor during startup at the maintenance bay,"[3, 4, 5]",to watch the display and hear the contactor during startup at the maintenance bay.,0.963,True,direct,True,
90,shortcut,frame sticker,[3],while the frame sticker must remain active on,0.400,True,direct,True,
90,constraint,scans paper proof and discards it,"[1, 2]",The facilities clerk scans paper proof and discards it,0.800,True,direct,True,
90,constraint,the frame sticker must remain active on the bike frame,"[3, 4]",while the frame sticker must remain active on the bike frame.,0.952,True,direct,True,
91,shortcut,The office is at the top of the dock ramp,"[7, 8]",The office is at the top of the dock ramp.,1.000,True,direct,True,
91,constraint,my small boat can be added to the mooring list after staff read the hull number from the stern and match it to the registration,"[2, 3, 4, 5, 6]",to the mooring list after staff read the hull number from the stern and match it to the registration.,0.864,True,direct,True,
92,constraint,She is calling live bids,[4],She is calling live bids.,1.000,True,direct,True,
93,shortcut,room-number tag,[1],The room-number tag must be attached,0.600,True,direct,True,
93,constraint,be attached to the key ring before the desk scans it,"[2, 3]",to the key ring before the desk scans it.,0.900,True,direct,True,
94,shortcut,fare receipt,[4],fare receipt.,1.000,True,direct,True,
94,constraint,scans sheets,[2],Accounting scans sheets,0.800,True,direct,True,
94,constraint,the taxi company requires the original printed fare receipt,"[3, 4]",while the taxi company requires the original printed fare receipt.,0.947,True,direct,True,
95,shortcut,The showroom entrance is right where I am parked,[3],The showroom entrance is right where I am parked.,1.000,True,direct,True,
95,constraint,they scan the VIN and record the hour meter at check-in,"[1, 2]",after they scan the VIN and record the hour meter at check-in.,0.960,True,direct,True,
96,shortcut,The pallet of tile is staged,[0],The pallet of tile is staged.,1.000,True,direct,True,
96,constraint,place it onto the truck bed and photograph the tiedown,"[2, 3, 4]",to place it onto the truck bed and photograph the tiedown.,0.952,True,direct,True,
97,constraint,The recruiter is in an interview and asked not to be interrupted unless urgent,"[2, 3, 4, 5]",The recruiter is in an interview and asked not to be interrupted unless urgent.,1.000,True,direct,True,
98,shortcut,RMA label,[1],The RMA label must be stuck,0.500,True,direct,True,
98,constraint,be stuck to the tablet box before staff scan the package,"[2, 3]",to the tablet box before staff scan the package.,0.900,True,direct,True,
99,shortcut,The maintenance office is across the yard,[4],The maintenance office is across the yard.,1.000,True,direct,True,
99,constraint,checking the mower serial plate and trying the blank in the actual cap,"[2, 3]",after checking the mower serial plate and trying the blank in the actual cap.,0.963,True,direct,True,
100,shortcut,pool card,[3],while my RFID pool card must stay on,0.400,True,direct,True,
100,constraint,archive tray scans loose sheets,[2],The archive tray scans loose sheets,0.909,True,direct,True,
100,constraint,my RFID pool card must stay on my key ring,"[3, 4]",while my RFID pool card must stay on my key ring.,0.952,True,direct,True,
101,shortcut,The campus permit is paid for,[0],The campus permit is paid for.,1.000,True,direct,True,
101,constraint,pairs the plate camera and the windshield tag during one pass,"[3, 4, 5]",with a reader that pairs the plate camera and the windshield tag during one pass.,0.846,True,direct,True,
102,shortcut,original receipt,[5],to keep the original receipt.,0.571,True,direct,True,
102,constraint,stores a scan and returns no paper,"[2, 3]",The clerk stores a scan and returns no paper,0.875,True,direct,True,
102,constraint,the replacement warranty file asks me to keep the original receipt,"[4, 5]",while the replacement warranty file asks me to keep the original receipt.,0.957,True,direct,True,
103,shortcut,The snowmobile binding complaint is filed,[0],The snowmobile binding complaint is filed.,1.000,True,direct,True,
103,constraint,watch the track as the machine exits a slow U-turn under throttle,"[2, 3, 4]",to watch the track as the machine exits a slow U-turn under throttle.,0.963,True,direct,True,
104,shortcut,The RV slide-out campaign applies,[0],The RV slide-out campaign applies.,1.000,True,direct,True,
104,constraint,scan the module sticker inside the compartment and verify the VIN plate,"[2, 3, 4]",to scan the module sticker inside the compartment and verify the VIN plate.,0.960,True,direct,True,
105,shortcut,The floor-scrubber vibration note is in the system,[0],The floor-scrubber vibration note is in the system.,1.000,True,direct,True,
105,constraint,watch the brush chatter while it moves,"[2, 3]",to watch the brush chatter while it moves.,0.933,True,direct,True,
106,shortcut,original ride voucher,[4],original ride voucher.,1.000,True,direct,True,
106,constraint,accepts scanned proof,[2],Payroll accepts scanned proof,0.857,True,direct,True,
106,constraint,the shuttle operator's refund window requires the original ride voucher,"[3, 4]",while the shuttle operator's refund window requires the original ride voucher.,0.957,True,direct,True,
107,shortcut,The department laptop-dock issue is logged,[0],The department laptop-dock issue is logged.,1.000,True,direct,True,
107,constraint,plug my laptop into the dock and test both monitors,"[2, 3, 4]",to plug my laptop into the dock and test both monitors.,0.952,True,direct,True,
108,shortcut,The warehouse reach-truck safety check is next,[0],The warehouse reach-truck safety check is next.,1.000,True,direct,True,
108,constraint,test the horn and tilt alarm on the machine,"[2, 3]",to test the horn and tilt alarm on the machine.,0.947,True,direct,True,
109,shortcut,The alteration ticket is written,[0],The alteration ticket is written.,1.000,True,direct,True,
109,constraint,pin the coat sleeves while the coat is on me,"[2, 3]",to pin the coat sleeves while the coat is on me.,0.952,True,direct,True,
110,shortcut,The keyboard support case is logged,[0],The keyboard support case is logged.,1.000,True,direct,True,
110,constraint,plug in my sustain pedal and test polarity,"[2, 3]",to plug in my sustain pedal and test polarity.,0.941,True,direct,True,
111,constraint,the attendant scans the small sticker on the frame and pairs it with a locker,"[1, 2, 3, 4]",after the attendant scans the small sticker on the frame and pairs it with a locker.,0.968,True,direct,True,
112,shortcut,The snowmobile cold-clunk complaint is scheduled,[0],The snowmobile cold-clunk complaint is scheduled.,1.000,True,direct,True,
112,constraint,the machine in the early bay to hear the first shift into drive,"[1, 2, 3]",The shop wants the machine in the early bay to hear the first shift into drive.,0.897,True,direct,True,
113,shortcut,The enclosed-trailer checkout is ready,[0],The enclosed-trailer checkout is ready.,1.000,True,direct,True,
113,constraint,check that the breakaway battery powers the brakes,[3],to check that the breakaway battery powers the brakes.,0.941,True,direct,True,
114,shortcut,original boarding stub,"[2, 3]",while the ferry counter requires the original boarding stub for the refund.,0.400,True,direct,True,
114,constraint,scans proof pages,[1],The office scans proof pages,0.750,True,direct,True,
114,constraint,the ferry counter requires the original boarding stub for the refund,"[2, 3]",while the ferry counter requires the original boarding stub for the refund.,0.957,True,direct,True,
115,constraint,The frame shop needs a scanner read from the scratched welded down tube before mixing paint,"[1, 2, 3]",The frame shop needs a scanner read from the scratched welded down tube before mixing paint.,1.000,True,direct,True,
116,shortcut,pool card,[3],while the pool card must remain active on,0.400,True,direct,True,
116,constraint,scans paper proof and discards it,"[1, 2]",The pool clerk scans paper proof and discards it,0.800,True,direct,True,
116,constraint,the pool card must remain active on my key ring,"[3, 4]",while the pool card must remain active on my key ring.,0.952,True,direct,True,
117,shortcut,The shop counter is a short walk away,[4],The shop counter is a short walk away.,1.000,True,direct,True,
117,constraint,The campground shop can cut a key for my rented golf cart's storage box after reading the cart plate and trying the blank in the box latch,"[0, 1, 2, 3]",The campground shop can cut a key for my rented golf cart's storage box after reading the cart plate and trying the blank in the box latch.,1.000,True,direct,True,
118,shortcut,The airport taxi permit is assigned,[0],The airport taxi permit is assigned.,1.000,True,direct,True,
118,constraint,read the cab's roof transponder as it passes under the antenna,"[3, 4]",to read the cab's roof transponder as it passes under the antenna.,0.960,True,direct,True,
119,shortcut,The backup-sensor repair is signed off,[0],The backup-sensor repair is signed off except for,0.875,True,direct,True,
119,constraint,test the sensors from inside the SUV,"[3, 4]",to test the sensors from inside the SUV.,0.933,True,direct,True,
120,shortcut,The bumper repair is finished,[0],The bumper repair is finished.,1.000,True,direct,True,
120,constraint,the technician in the delivery lane scans the SUV and verifies the parking sensors wake up,"[2, 3, 4]",after the technician in the delivery lane scans the SUV and verifies the parking sensors wake up.,0.970,True,direct,True,
121,constraint,archive a whiteboard diagram before it is erased,"[1, 2]",to archive a whiteboard diagram before it is erased.,0.941,True,direct,True,
121,constraint,a still image that can be attached to the meeting notes,"[3, 4, 5]",The archive system requires a still image that can be attached to the meeting notes.,0.846,True,direct,True,
122,shortcut,The utility cart return is paused,[0],The utility cart return is paused.,1.000,True,direct,True,
122,constraint,photograph the cracked front bumper and read the ID tag,"[2, 3]",to photograph the cracked front bumper and read the ID tag.,0.952,True,direct,True,
123,shortcut,The boat sale paperwork is ready,[0],The boat sale paperwork is ready.,1.000,True,direct,True,
123,constraint,compare the HIN on the hull with the bill of sale before taking payment,"[2, 3, 4]",to compare the HIN on the hull with the bill of sale before taking payment.,0.966,True,direct,True,
124,shortcut,The cashier is in the front office,[4],The cashier is in the front office.,1.000,True,direct,True,
124,constraint,seeing the load tied down in a truck bed,"[2, 3]",after seeing the load tied down in a truck bed.,0.947,True,direct,True,
125,shortcut,The furniture outlet has wrapped the display recliner,[0],The furniture outlet has wrapped the display recliner.,1.000,True,direct,True,
125,constraint,lift it straight into a van,"[2, 3]",to lift it straight into a van.,0.923,True,direct,True,
126,shortcut,original paper ride voucher,"[3, 4]",while the shuttle counter requires the original paper ride voucher for the refund.,0.471,True,direct,True,
126,constraint,scans proof pages,[2],The office scans proof pages,0.750,True,direct,True,
126,constraint,the shuttle counter requires the original paper ride voucher for the refund,"[3, 4]",while the shuttle counter requires the original paper ride voucher for the refund.,0.960,True,direct,True,
127,shortcut,The facilities desk is in the lobby,[5],The facilities desk is in the lobby.,1.000,True,direct,True,
127,constraint,facilities scans the frame tag on the e-bike and links it to a door code,"[1, 2, 3, 4]",after facilities scans the frame tag on the e-bike and links it to a door code.,0.970,True,direct,True,
128,shortcut,original,[3],while the shuttle agency wants the original paper voucher.,0.200,True,direct,True,
128,constraint,archives scans,[2],Timekeeping archives scans,0.800,True,direct,True,
128,constraint,the shuttle agency wants the original paper voucher,[3],while the shuttle agency wants the original paper voucher.,0.941,True,direct,True,
129,shortcut,The shoe-stretch ticket is open,[0],The shoe-stretch ticket is open.,1.000,True,direct,True,
129,constraint,fit the stretcher inside the actual shoe,"[2, 3]",to fit the stretcher inside the actual shoe.,0.933,True,direct,True,
130,shortcut,The office-chair order is pulled,[0],The office-chair order is pulled.,1.000,True,direct,True,
130,constraint,place the boxes into my vehicle,"[4, 5]",to place the boxes into my vehicle.,0.923,True,direct,True,
131,shortcut,The rental office is by the pedestrian entrance,[4],The rental office is by the pedestrian entrance.,1.000,True,direct,True,
131,constraint,the attendant checks the loose spare-tire carrier reported last week,"[2, 3]",until the attendant checks the loose spare-tire carrier reported last week.,0.957,True,direct,True,
132,shortcut,The camp office is nearby,[4],The camp office is nearby.,1.000,True,direct,True,
132,constraint,the gate attendant scans the current registration tag on the machine,"[2, 3]",after the gate attendant scans the current registration tag on the machine.,0.957,True,direct,True,
133,shortcut,The band-room tag is printed,[0],The band-room tag is printed.,1.000,True,direct,True,
133,constraint,it is attached to the saxophone case,"[2, 3]",after it is attached to the saxophone case.,0.933,True,direct,True,
134,shortcut,The food-truck logo proof is approved,[0],The food-truck logo proof is approved.,1.000,True,direct,True,
134,constraint,The wrap installer needs a camera read from the faded vinyl around the serving window while the truck is under bay lights,"[1, 2, 3, 4]",The wrap installer needs a camera read from the faded vinyl around the serving window while the truck is under bay lights.,1.000,True,direct,True,
135,shortcut,original stamped ticket,"[3, 4]",while the station refund counter requires the original stamped ticket for the refund.,0.375,True,direct,True,
135,constraint,scans proof pages,[2],The office scans proof pages,0.750,True,direct,True,
135,constraint,the station refund counter requires the original stamped ticket for the refund,"[3, 4]",while the station refund counter requires the original stamped ticket for the refund.,0.960,True,direct,True,
136,shortcut,The refinance packet is complete,[0],The refinance packet is complete.,1.000,True,direct,True,
136,constraint,read the VIN on my boat trailer before approving the lien update,"[2, 3]",to read the VIN on my boat trailer before approving the lien update.,0.960,True,direct,True,
137,shortcut,original pay-station ticket,"[2, 3]",while the parking office requires the original pay-station ticket for the refund.,0.471,True,direct,True,
137,constraint,scans proof pages,[1],The office scans proof pages,0.750,True,direct,True,
137,constraint,the parking office requires the original pay-station ticket for the refund,"[2, 3]",while the parking office requires the original pay-station ticket for the refund.,0.960,True,direct,True,
138,shortcut,The shop counter is nearby,[4],The shop counter is nearby.,1.000,True,direct,True,
138,constraint,sample the sun-faded body panel before they mix paint,"[1, 2, 3]",but the color reader must sample the sun-faded body panel before they mix paint.,0.800,True,direct,True,
139,shortcut,RFID token,[3],while the RFID token must remain active on,0.400,True,direct,True,
139,constraint,scans paper proof and discards it,"[1, 2]",The shop manager scans paper proof and discards it,0.800,True,direct,True,
139,constraint,the RFID token must remain active on my keychain,"[3, 4]",while the RFID token must remain active on my keychain.,0.947,True,direct,True,
140,shortcut,replacement latch,[1],The replacement latch is already on the counter,0.400,True,direct,True,
140,constraint,"The replacement latch is already on the counter, but the old latch is held by Phillips-head screws","[1, 2]",The replacement latch is already on the counter but the old latch is held by Phillips-head screws.,1.000,True,direct,True,
141,shortcut,The utility-trailer citation review is open,[0],The utility-trailer citation review is open.,1.000,True,direct,True,
141,constraint,see whether the jack stand blocks the plate light from the ticket angle,"[2, 3, 4]",to see whether the jack stand blocks the plate light from the ticket angle.,0.963,True,direct,True,
142,shortcut,keycard,[3],while my keycard still opens the turnstile.,0.250,True,direct,True,
142,constraint,takes paper proof and discards it,"[1, 2]",The desk scanner takes paper proof and discards it,0.800,True,direct,True,
142,constraint,my keycard still opens the turnstile,[3],while my keycard still opens the turnstile.,0.923,True,direct,True,
143,constraint,the jammed lock sits,[2],where the jammed lock sits.,0.889,True,direct,True,
144,constraint,be logged at the refrigerated side counter before any paperwork is processed,"[2, 3]",at the refrigerated side counter before any paperwork is processed.,0.909,True,direct,True,
145,shortcut,The renewal packet for my food truck is approved,[0],The renewal packet for my food truck is,0.941,True,direct,True,
145,constraint,the live emissions reading,[1],approved except for the live emissions reading.,0.727,True,direct,True,
145,constraint,the truck follows the throttle prompts,"[3, 4]",beside the bay where the truck follows the throttle prompts.,0.750,True,direct,True,
146,shortcut,The nursery order is paid,[0],The nursery order is paid.,1.000,True,direct,True,
146,constraint,tie the tree's root ball and trunk into my truck bed,"[2, 3, 4]",to tie the tree's root ball and trunk into my truck bed.,0.960,True,direct,True,
147,constraint,the attendant confirms the plate holder was bent exactly as noted by enforcement,"[1, 2]",be voided if the attendant confirms the plate holder was bent exactly as noted by enforcement.,0.897,True,direct,True,
148,shortcut,The marina counter is at the dock entrance,[5],The marina counter is at the dock entrance.,1.000,True,direct,True,
148,constraint,read engine hours from the display and match the hull ID before opening the work order,"[2, 3, 4]",from the display and match the hull ID before opening the work order.,0.897,True,direct,True,
149,shortcut,The seafood order is cleared for pickup,[0],The seafood order is cleared for pickup.,1.000,True,direct,True,
149,constraint,The guard in the reefer lane checks the door seal and the temperature strip stuck inside the trailer,"[1, 2, 3, 4]",The guard in the reefer lane checks the door seal and the temperature strip stuck inside the trailer.,1.000,True,direct,True,
150,shortcut,door card,[3],while the door card must remain active on,0.400,True,direct,True,
150,constraint,scans paper proof and discards it,"[1, 2]",The studio manager scans paper proof and discards it,0.800,True,direct,True,
150,constraint,the door card must remain active on my lanyard,"[3, 4]",while the door card must remain active on my lanyard.,0.947,True,direct,True,
151,shortcut,The service-van parts approval is paused,[0],The service-van parts approval is paused.,1.000,True,direct,True,
151,constraint,pulls fault codes from under the van dash,"[2, 3]",with a tablet that pulls fault codes from under the van dash.,0.800,True,direct,True,
152,constraint,drop the paper coupon in the acrylic box at the service desk,"[2, 3]",to drop the paper coupon in the acrylic box at the service desk.,0.960,True,direct,True,
153,shortcut,The countertop release is signed,[0],The countertop release is signed.,1.000,True,direct,True,
153,constraint,the slab is lifted directly onto a padded truck rack,"[2, 3]",slab is lifted directly onto a padded truck rack.,0.947,True,direct,True,
154,shortcut,The e-bike frame shop says the touch-up paint is close,"[0, 1]",The e-bike frame shop says the touch-up paint is close,1.000,True,direct,True,
154,constraint,The sales desk is open,[5],The sales desk is open.,1.000,True,direct,True,
155,shortcut,The scissor-lift inspection sheet is ready,[0],The scissor-lift inspection sheet is ready.,1.000,True,direct,True,
155,constraint,scan the serial plate and test the tilt alarm,"[2, 3]",to scan the serial plate and test the tilt alarm.,0.947,True,direct,True,
156,shortcut,asset sticker,[1],The asset sticker must be applied,0.500,True,direct,True,
156,constraint,be applied to the handle before the clerk scans it,"[2, 3]",to the handle before the clerk scans it.,0.889,True,direct,True,
157,shortcut,The tire pallet is ready,[0],The tire pallet is ready.,1.000,True,direct,True,
157,constraint,place it into my truck bed and check the tailgate clearance,"[2, 3, 4]",to place it into my truck bed and check the tailgate clearance.,0.957,True,direct,True,
158,shortcut,The office window is within walking distance,[5],The office window is within walking distance.,1.000,True,direct,True,
158,constraint,the guard checks the door seal and the temperature strip stuck inside the trailer,"[2, 3, 4]",until the guard checks the door seal and the temperature strip stuck inside the trailer.,0.966,True,direct,True,
159,shortcut,The fleet office is across the parking lot,[6],The fleet office is across the parking lot.,1.000,True,direct,True,
159,constraint,a fault-code printout for my service van before approving parts,"[0, 1, 2]",Fleet maintenance wants a fault-code printout for my service van before approving parts.,0.880,True,direct,True,
160,shortcut,The pallet-jack ticket is logged,[0],The pallet-jack ticket is logged.,1.000,True,direct,True,
160,constraint,watch the controller lights when the switch is toggled twice,"[2, 3]",to watch the controller lights when the switch is toggled twice.,0.952,True,direct,True,
161,shortcut,The security desk is inside the same gatehouse,[3],The security desk is inside the same gatehouse.,1.000,True,direct,True,
161,constraint,match when the van passes the drive-through post,[2],to match when the van passes the drive-through post.,0.947,True,direct,True,
162,shortcut,The lab-sample courier run is assigned,[0],The lab-sample courier run is assigned.,1.000,True,direct,True,
162,constraint,read the van refrigerator display before releasing the boxes,"[2, 3]",to read the van refrigerator display before releasing the boxes.,0.947,True,direct,True,
163,shortcut,The service counter is open now,[4],The service counter is open now.,1.000,True,direct,True,
163,constraint,"My ATV warranty claim was accepted, but the dealer needs a current hour-meter photo and frame serial scan before they can release the repair kit","[0, 1, 2, 3]",My ATV warranty claim was accepted but the dealer needs a current hour-meter photo and frame serial scan before they can release the repair kit.,1.000,True,direct,True,
164,constraint,the hangtag is held near the windshield scanner,"[2, 3]",when the hangtag is held near the windshield scanner.,0.941,True,direct,True,
165,shortcut,return sheet,[3],before signing the return sheet.,0.571,True,direct,True,
165,constraint,scan the metal asset plate riveted to the toolbox before signing the return sheet,"[1, 2, 3]",The foreman must scan the metal asset plate riveted to the toolbox before signing the return sheet.,0.903,True,direct,True,
166,shortcut,information desk,[4],not the main information desk.,0.571,True,direct,True,
166,constraint,"biological samples go through the side sample chute, not the main information desk","[2, 3, 4]",The clerk says biological samples go through the side sample chute not the main information desk.,0.897,True,direct,True,
167,shortcut,I need to tell the camera director that camera three has the spare battery,"[0, 1, 2]",I need to tell the camera director that camera three has the spare battery.,1.000,True,direct,True,
167,constraint,The camera director is calling live shots,[3],The camera director is calling live shots.,1.000,True,direct,True,
168,constraint,be discarded in the sharps bin,"[1, 2]",The capped needle must be discarded in the sharps bin.,0.750,True,direct,True,
169,shortcut,The bike-room slot is approved,[0],The bike-room slot is approved.,1.000,True,direct,True,
169,constraint,scan the RFID sticker already attached to my e-bike frame,"[2, 3]",to scan the RFID sticker already attached to my e-bike frame.,0.957,True,direct,True,
170,shortcut,original register receipt,[2],while the store rebate requires the original register receipt.,0.500,True,direct,True,
170,constraint,scans receipts and tosses the paper,[1],The clerk scans receipts and tosses the paper,0.857,True,direct,True,
170,constraint,the store rebate requires the original register receipt,[2],while the store rebate requires the original register receipt.,0.941,True,direct,True,
171,shortcut,original dated receipt,[3],while the store rebate requires the original dated receipt.,0.500,True,direct,True,
171,constraint,scans proof pages and discards them,[2],The clerk scans proof pages and discards them,0.857,True,direct,True,
171,constraint,the store rebate requires the original dated receipt,[3],while the store rebate requires the original dated receipt.,0.941,True,direct,True,
172,shortcut,door pass,[3],while the door pass must remain active on,0.400,True,direct,True,
172,constraint,scans paper proof and discards it,"[1, 2]",The facilities clerk scans paper proof and discards it,0.800,True,direct,True,
172,constraint,the door pass must remain active on my badge reel,"[3, 4]",while the door pass must remain active on my badge reel.,0.952,True,direct,True,
173,shortcut,The resident moped permit form is approved,[0],The resident moped permit form is approved.,1.000,True,direct,True,
173,constraint,check the VIN on the steering neck before attaching the decal,"[3, 4]",to check the VIN on the steering neck before attaching the decal.,0.957,True,direct,True,
174,shortcut,The front counter is open,[3],The front counter is open.,1.000,True,direct,True,
174,constraint,checking that the breakaway battery powers the brakes when the cable is pulled,"[1, 2]",after checking that the breakaway battery powers the brakes when the cable is pulled.,0.963,True,direct,True,
175,shortcut,The ski-shop form is complete,[0],The ski-shop form is complete.,1.000,True,direct,True,
175,constraint,test the binding release on the actual skis,[2],to test the binding release on the actual skis.,0.941,True,direct,True,
176,shortcut,The hiking-pack fitting form is complete,[0],The hiking-pack fitting form is complete.,1.000,True,direct,True,
176,constraint,adjust the frame stays while the pack is loaded,"[2, 3]",to adjust the frame stays while the pack is loaded.,0.947,True,direct,True,
177,shortcut,The recall kit for my snowmobile is reserved,[0],The recall kit for my snowmobile is reserved.,1.000,True,direct,True,
177,constraint,scan the chassis plate and read the hour meter before handing over the kit,"[2, 3, 4]",to scan the chassis plate and read the hour meter before handing over the kit.,0.966,True,direct,True,
178,shortcut,original dated receipt,[3],while the store rebate requires the original dated receipt.,0.500,True,direct,True,
178,constraint,scans proof pages and discards them,[2],The clerk scans proof pages and discards them,0.857,True,direct,True,
178,constraint,the store rebate requires the original dated receipt,[3],while the store rebate requires the original dated receipt.,0.941,True,direct,True,
179,shortcut,barcode sticker,[1],The barcode sticker must be on the top panel,0.364,True,direct,True,
179,constraint,be on the top panel before the IT clerk scans it,"[1, 2]",The barcode sticker must be on the top panel before the IT clerk scans it.,0.846,True,direct,True,
180,shortcut,name label,[1],The name label must be on the front pocket,0.364,True,direct,True,
180,constraint,be on the front pocket before the counselor scans it,"[1, 2]",The name label must be on the front pocket before the counselor scans it.,0.833,True,direct,True,
181,shortcut,The campsite mobility-sticker request is approved,[0],The campsite mobility-sticker request is approved.,1.000,True,direct,True,
181,constraint,scan the sticker already on my scooter,[2],to scan the sticker already on my scooter.,0.933,True,direct,True,
182,shortcut,original,[3],original paper ticket.,0.500,True,direct,True,
182,constraint,stores scanned sheets only,[1],Payroll stores scanned sheets only,0.889,True,direct,True,
182,constraint,the rail agency refund counter needs the original paper ticket,"[2, 3]",while the rail agency refund counter needs the original paper ticket.,0.952,True,direct,True,
183,shortcut,The forklift no-start report is filed,[0],The forklift no-start report is filed.,1.000,True,direct,True,
183,constraint,The maintenance lead is at the fueling bay to watch fuel pressure during the first start after refueling,"[1, 2, 3, 4]",The maintenance lead is at the fueling bay to watch fuel pressure during the first start after refueling.,1.000,True,direct,True,
184,constraint,watch the hitch bounce while the tug pulls a loaded cart train,"[2, 3]",to watch the hitch bounce while the tug pulls a loaded cart train.,0.960,True,direct,True,
185,shortcut,field tag,[1],The field tag must be tied,0.500,True,direct,True,
185,constraint,be tied to the sample bag before the curator scans it,"[2, 3]",to the sample bag before the curator scans it.,0.900,True,direct,True,
186,shortcut,temperature tag,[1],The temperature tag must be attached,0.500,True,direct,True,
186,constraint,be attached to the cooler handle before intake scans it,"[2, 3]",to the cooler handle before intake scans it.,0.889,True,direct,True,
187,shortcut,original dated receipt,[3],while the store rebate requires the original dated receipt.,0.500,True,direct,True,
187,constraint,scans proof pages and discards them,[2],The clerk scans proof pages and discards them,0.857,True,direct,True,
187,constraint,the store rebate requires the original dated receipt,[3],while the store rebate requires the original dated receipt.,0.941,True,direct,True,
188,shortcut,section label,[1],The section label must be attached,0.500,True,direct,True,
188,constraint,be attached to the underside brace before staff move it inside,"[2, 3]",to the underside brace before staff move it inside.,0.900,True,direct,True,
189,shortcut,The marina gate note is active,[0],The marina gate note is active.,1.000,True,direct,True,
189,constraint,inspect the loose winch strap on my boat trailer,"[2, 3]",to inspect the loose winch strap on my boat trailer.,0.947,True,direct,True,
190,shortcut,The office is a short walk away,[5],The office is a short walk away.,1.000,True,direct,True,
190,constraint,photographing the plate and current sticker on the car,"[3, 4]",after photographing the plate and current sticker on the car.,0.947,True,direct,True,
191,shortcut,The lease return forms are signed,[0],The lease return forms are signed.,1.000,True,direct,True,
191,constraint,photograph the car and record the odometer,"[2, 3]",to photograph the car and record the odometer.,0.933,True,direct,True,
192,constraint,The spotlight operator is tracking a live solo,[3],The spotlight operator is tracking a live solo.,1.000,True,direct,True,
193,shortcut,return label,[1],The return label must be stuck,0.500,True,direct,True,
193,constraint,be stuck to the shipping box before staff scan the package,"[2, 3]",to the shipping box before staff scan the package.,0.900,True,direct,True,
194,shortcut,The powered wheelchair startup case is active,[0],The powered wheelchair startup case is active.,1.000,True,direct,True,
194,constraint,watch the joystick display while the chair boots,"[2, 3]",to watch the joystick display while the chair boots.,0.941,True,direct,True,
195,shortcut,The equipment trailer's ground-fault note is entered,[0],The equipment trailer's ground-fault note is entered.,1.000,True,direct,True,
195,constraint,wiggle the connector while the lights are powered,"[2, 3]",to wiggle the connector while the lights are powered.,0.941,True,direct,True,
196,shortcut,inventory sticker,[1],The inventory sticker must be on the box lid,0.364,True,direct,True,
196,constraint,be on the box lid before the librarian scans it,"[1, 2]",The inventory sticker must be on the box lid before the librarian scans it.,0.833,True,direct,True,
197,shortcut,The airport taxi office issued a new lot transponder,[0],The airport taxi office issued a new lot transponder,1.000,True,direct,True,
197,constraint,scanning it through the cab windshield at the barrier,"[2, 3]",after scanning it through the cab windshield at the barrier.,0.947,True,direct,True,
198,shortcut,The bow-safety form is ready,[0],The bow-safety form is ready.,1.000,True,direct,True,
198,constraint,check the draw weight on the actual bow,[2],to check the draw weight on the actual bow.,0.941,True,direct,True,
199,shortcut,The maintenance office is across the dock,[5],The maintenance office is across the dock.,1.000,True,direct,True,
199,constraint,driven slowly through a left turn so they can watch the wheel movement,"[2, 3, 4]",and maintenance wants it driven slowly through a left turn so they can watch the wheel movement.,0.867,True,direct,True,
200,shortcut,trailer decal,[3],while the trailer decal must remain active on,0.400,True,direct,True,
200,constraint,scans paper proof and discards it,"[1, 2]",The marina clerk scans paper proof and discards it,0.800,True,direct,True,
200,constraint,the trailer decal must remain active on the trailer tongue,"[3, 4]",while the trailer decal must remain active on the trailer tongue.,0.952,True,direct,True,
201,shortcut,The parts desk is right inside,[5],The parts desk is right inside.,1.000,True,direct,True,
201,constraint,a bay photo of the VIN sticker and hour meter,"[3, 4]",after a bay photo of the VIN sticker and hour meter.,0.952,True,direct,True,
202,shortcut,The electric tug wake-up issue is logged,[0],The electric tug wake-up issue is logged.,1.000,True,direct,True,
202,constraint,watch the dashboard lights when the tug is keyed on,"[2, 3]",to watch the dashboard lights when the tug is keyed on.,0.952,True,direct,True,
203,shortcut,original receipt,[5],to keep the original receipt.,0.571,True,direct,True,
203,constraint,stores a scan and returns no paper,"[2, 3]",The clerk stores a scan and returns no paper,0.875,True,direct,True,
203,constraint,the generator warranty sleeve asks me to keep the original receipt,"[4, 5]",while the generator warranty sleeve asks me to keep the original receipt.,0.957,True,direct,True,
204,constraint,to remove the cover with the release tool before pulling the stuck label,"[2, 3, 4]",to remove the cover with the release tool before pulling the stuck label.,1.000,True,direct,True,
205,shortcut,original receipt,[3],while my appliance rebate requires the original receipt.,0.400,True,direct,True,
205,constraint,scans pages and returns no paper,[2],The clerk scans pages and returns no paper,0.857,True,direct,True,
205,constraint,my appliance rebate requires the original receipt,[3],while my appliance rebate requires the original receipt.,0.933,True,direct,True,
206,shortcut,vehicle placard,[3],while the vehicle placard must remain active on,0.400,True,direct,True,
206,constraint,scans paper proof and discards it,"[1, 2]",The site clerk scans paper proof and discards it,0.800,True,direct,True,
206,constraint,the vehicle placard must remain active on the dash,"[3, 4]",while the vehicle placard must remain active on the dash.,0.947,True,direct,True,
207,shortcut,The passport form is filled out,[0],The passport form is filled out.,1.000,True,direct,True,
207,constraint,check the raised seal on my birth certificate before putting the packet together,"[2, 3]",to check the raised seal on my birth certificate before putting the packet together.,0.963,True,direct,True,
208,shortcut,reception,[4],to administrative reception.,0.500,True,direct,True,
208,constraint,"go straight to the cold-chain intake fridge, not to administrative reception","[3, 4]","to the cold-chain intake fridge, not to administrative reception.",0.909,True,direct,True,
209,shortcut,original receipt,[5],to keep the original receipt.,0.571,True,direct,True,
209,constraint,stores a scan and returns no paper,"[2, 3]",The clerk stores a scan and returns no paper,0.875,True,direct,True,
209,constraint,the printer service portal asks me to keep the original receipt,"[4, 5]",while the printer service portal asks me to keep the original receipt.,0.957,True,direct,True,
210,shortcut,"Incoming liquid samples must be scanned directly into the rear refrigeration system, and the front office is not allowed to store liquids","[2, 3, 4, 5, 6]",Incoming liquid samples must be scanned directly into the rear refrigeration system and the front office is not allowed to store liquids.,1.000,True,direct,True,
210,constraint,I am delivering water quality vials to a municipal lab,"[0, 1]",I am delivering water quality vials to a municipal lab.,1.000,True,direct,True,
211,shortcut,The moped ticket can be canceled,[0],The moped ticket can be canceled.,1.000,True,direct,True,
211,constraint,see whether the basket bracket blocks the rear plate light,"[2, 3]",to see whether the basket bracket blocks the rear plate light.,0.952,True,direct,True,
212,shortcut,I need to tell my colleague that the printed exhibits are at the clerk's desk,"[0, 1, 2]",I need to tell my colleague that the printed exhibits are at the clerk's desk.,1.000,True,direct,True,
212,constraint,My colleague is sitting in a courtroom where calls and speech are prohibited,"[3, 4]",My colleague is sitting in a courtroom where calls and speech are prohibited.,1.000,True,direct,True,
213,shortcut,The drywall order is staged,[0],The drywall order is staged.,1.000,True,direct,True,
213,constraint,the sheets are lying flat in my truck and strapped,"[2, 3]",after the sheets are lying flat in my truck and strapped.,0.952,True,direct,True,
214,shortcut,The service desk is just off the pier,[5],The service desk is just off the pier.,1.000,True,direct,True,
214,constraint,scanning the hull serial and reading hours from the onboard display,"[2, 3, 4]",after scanning the hull serial and reading hours from the onboard display.,0.957,True,direct,True,
215,shortcut,The e-bike power complaint is open,[0],The e-bike power complaint is open.,1.000,True,direct,True,
215,constraint,watch the display boot after the power button is pressed twice,"[2, 3]",to watch the display boot after the power button is pressed twice.,0.957,True,direct,True,
216,shortcut,The leasing office is down the hall,[5],The leasing office is down the hall.,1.000,True,direct,True,
216,constraint,"My apartment is assigning e-bike lockers, and the manager scans the small RFID sticker already attached to the frame before assigning a door code","[0, 1, 2, 3, 4]",My apartment is assigning e-bike lockers and the manager scans the small RFID sticker already attached to the frame before assigning a door code.,1.000,True,direct,True,
217,shortcut,original dated receipt,[3],while the appliance rebate requires the original dated receipt.,0.500,True,direct,True,
217,constraint,scans proof pages and discards them,[2],The clerk scans proof pages and discards them,0.857,True,direct,True,
217,constraint,the appliance rebate requires the original dated receipt,[3],while the appliance rebate requires the original dated receipt.,0.941,True,direct,True,
218,shortcut,The service counter is a short walk from the dock,"[6, 7]",The service counter is a short walk from the dock.,1.000,True,direct,True,
218,constraint,check the connector and ground,"[4, 5]",to check the connector and ground.,0.909,True,direct,True,
219,shortcut,The catering-cart repair order is ready,[0],The catering-cart repair order is ready.,1.000,True,direct,True,
219,constraint,roll the cart and inspect the wobbling wheel,"[2, 3]",to roll the cart and inspect the wobbling wheel.,0.941,True,direct,True,
220,shortcut,The saxophone service note is open,[0],The saxophone service note is open.,1.000,True,direct,True,
220,constraint,check the pads,[3],to check the pads.,0.857,True,direct,True,
221,constraint,the tug runs through short throttle bursts,[3],tug runs through short throttle bursts.,0.923,True,direct,True,
222,constraint,arrive in the envelope; digital copies are not accepted,"[2, 3, 4]",arrive in the envelope digital copies are not accepted.,1.000,True,direct,True,
223,shortcut,The forklift safety tag is ready,[0],The forklift safety tag is ready.,1.000,True,direct,True,
223,constraint,inspect the bent rear bumper guard before tagging it,"[2, 3]",to inspect the bent rear bumper guard before tagging it.,0.947,True,direct,True,
224,shortcut,collection label,[1],The collection label must be sealed,0.500,True,direct,True,
224,constraint,be sealed onto the sample bag before the botanist scans it,"[2, 3]",onto the sample bag before the botanist scans it.,0.900,True,direct,True,
225,constraint,the boards are strapped in my truck bed,[3],after the boards are strapped in my truck bed.,0.941,True,direct,True,
226,shortcut,lot label,[1],The lot label must be sealed,0.500,True,direct,True,
226,constraint,be sealed onto the sample pouch before the technician scans it,"[2, 3]",onto the sample pouch before the technician scans it.,0.900,True,direct,True,
227,shortcut,original dated receipt,[3],while the rebate form requires the original dated receipt.,0.500,True,direct,True,
227,constraint,scans proof pages and discards them,[2],The clerk scans proof pages and discards them,0.857,True,direct,True,
227,constraint,the rebate form requires the original dated receipt,[3],while the rebate form requires the original dated receipt.,0.941,True,direct,True,
228,shortcut,asset sticker,[2],The asset sticker must be applied,0.500,True,direct,True,
228,constraint,be applied to the back before the clerk scans it,"[3, 4]",to the back before the clerk scans it.,0.889,True,direct,True,
229,shortcut,The scissor-lift case is open,[0],The scissor-lift case is open.,1.000,True,direct,True,
229,constraint,hear the contactor when the lift wakes up,[2],to hear the contactor when the lift wakes up.,0.941,True,direct,True,
230,shortcut,The pontoon fence repair is approved,[0],The pontoon fence repair is approved.,1.000,True,direct,True,
230,constraint,scan the faded rail section while it is still mounted along the deck,"[2, 3]",to scan the faded rail section while it is still mounted along the deck.,0.963,True,direct,True,
231,constraint,the key is cycled,[3],until the key is cycled.,0.889,True,direct,True,
231,constraint,see the lift start in the service bay while he listens near the contactor,"[5, 6, 7]",to see the lift start in the service bay while he listens near the contactor.,0.966,True,direct,True,
232,shortcut,The e-bike power issue is checked in,[0],The e-bike power issue is checked in.,1.000,True,direct,True,
232,constraint,watch the display boot and battery connector while I press the button,"[2, 3, 4]",to watch the display boot and battery connector while I press the button.,0.960,True,direct,True,
233,constraint,capture a professor's exact spoken announcement for the class record,"[1, 2]",to capture a professor's exact spoken announcement for the class record.,0.957,True,direct,True,
234,constraint,go to the locked shred bin,[3],to the locked shred bin.,0.909,True,direct,True,
235,shortcut,The glass shop replaced my windshield and said the lane camera has to be recalibrated before they close the insurance job,"[0, 1, 2, 3]",The glass shop replaced my windshield and said the lane camera has to be recalibrated before they close the insurance job.,1.000,True,direct,True,
235,constraint,"The claim desk is inside, but the calibration target is set up in the service lane with the car parked in front of it","[4, 5, 6, 7]",The claim desk is inside but the calibration target is set up in the service lane with the car parked in front of it.,1.000,True,direct,True,
236,shortcut,The taxi lot transponder has been assigned,[0],The taxi lot transponder has been assigned.,1.000,True,direct,True,
236,constraint,scan it through the cab windshield once,[2],to scan it through the cab windshield once.,0.933,True,direct,True,
237,shortcut,original dated receipt,[3],while the lighting rebate requires the original dated receipt.,0.500,True,direct,True,
237,constraint,scans proof pages and discards them,[2],The clerk scans proof pages and discards them,0.857,True,direct,True,
237,constraint,the lighting rebate requires the original dated receipt,[3],while the lighting rebate requires the original dated receipt.,0.941,True,direct,True,
238,shortcut,access badge,[3],while the access badge must remain active in,0.400,True,direct,True,
238,constraint,scans paper proof and discards it,"[1, 2]",The desk clerk scans paper proof and discards it,0.800,True,direct,True,
238,constraint,the access badge must remain active in my wallet,"[3, 4]",while the access badge must remain active in my wallet.,0.947,True,direct,True,
239,shortcut,original dated receipt,[3],while the pump rebate requires the original dated receipt.,0.500,True,direct,True,
239,constraint,scans proof pages and discards them,[2],The clerk scans proof pages and discards them,0.857,True,direct,True,
239,constraint,the pump rebate requires the original dated receipt,[3],while the pump rebate requires the original dated receipt.,0.941,True,direct,True,
240,constraint,go onto the outgoing cart for pickup,[2],onto the outgoing cart for pickup.,0.923,True,direct,True,
241,shortcut,original dated receipt,[3],while the store rebate requires the original dated receipt.,0.500,True,direct,True,
241,constraint,scans proof pages and discards them,[2],The clerk scans proof pages and discards them,0.857,True,direct,True,
241,constraint,the store rebate requires the original dated receipt,[3],while the store rebate requires the original dated receipt.,0.941,True,direct,True,
242,shortcut,original printed fare receipt,"[2, 3]",while the taxi company requires the original printed fare receipt for the refund.,0.471,True,direct,True,
242,constraint,scans proof pages,[1],The office scans proof pages,0.750,True,direct,True,
242,constraint,the taxi company requires the original printed fare receipt for the refund,"[2, 3]",while the taxi company requires the original printed fare receipt for the refund.,0.960,True,direct,True,
243,shortcut,The dolly contract is signed,[0],The dolly contract is signed.,1.000,True,direct,True,
243,constraint,connect it to my truck and watch both turn signals respond,"[2, 3, 4]",to connect it to my truck and watch both turn signals respond.,0.957,True,direct,True,
244,shortcut,The golf-cart lease closeout is approved,[0],The golf-cart lease closeout is approved.,1.000,True,direct,True,
244,constraint,photograph the cart ID plate and hour meter before closing the account,"[2, 3, 4]",to photograph the cart ID plate and hour meter before closing the account.,0.960,True,direct,True,
245,shortcut,The campground UTV trail pass is ready,[0],The campground UTV trail pass is ready.,1.000,True,direct,True,
245,constraint,scan the tag on the machine before lifting the chain,"[2, 3]",to scan the tag on the machine before lifting the chain.,0.952,True,direct,True,
246,shortcut,The mattress pickup is cleared,[0],The mattress pickup is cleared.,1.000,True,direct,True,
246,constraint,The warehouse worker is at the pickup lane to slide the wrapped mattress into my vehicle,"[1, 2, 3]",The warehouse worker is at the pickup lane to slide the wrapped mattress into my vehicle.,1.000,True,direct,True,
247,shortcut,The hail claim is open,[0],The hail claim is open.,1.000,True,direct,True,
247,constraint,photograph roof dents and the VIN label,"[2, 3]",to photograph roof dents and the VIN label.,0.933,True,direct,True,
248,shortcut,original receipt,[5],to keep the original receipt.,0.571,True,direct,True,
248,constraint,stores a scan and returns no paper,"[2, 3]",The clerk stores a scan and returns no paper,0.875,True,direct,True,
248,constraint,the vacuum warranty file asks me to keep the original receipt,"[4, 5]",while the vacuum warranty file asks me to keep the original receipt.,0.957,True,direct,True,
249,constraint,"The studio rules say solvents go to the flammable cabinet, not the supply shelf","[1, 2, 3]",The studio rules say solvents go to the flammable cabinet not the supply shelf.,1.000,True,direct,True,
250,shortcut,asset sticker,[1],The asset sticker must be applied,0.500,True,direct,True,
250,constraint,be applied to the monitor before the clerk scans it,"[2, 3]",to the monitor before the clerk scans it.,0.889,True,direct,True,
251,shortcut,The belt-loader inspection form is ready,[0],The belt-loader inspection form is ready.,1.000,True,direct,True,
251,constraint,scan the asset plate and watch the beacon cycle on startup,"[2, 3]",to scan the asset plate and watch the beacon cycle on startup.,0.957,True,direct,True,
252,constraint,The proctor is actively reading exam instructions and cannot be interrupted aloud,"[3, 4]",The proctor is actively reading exam instructions and cannot be interrupted aloud.,1.000,True,direct,True,
253,constraint,enter the teaching lab,[0],I need to enter the teaching lab.,0.727,True,direct,True,
253,constraint,the active access card is presented,"[3, 4]",it unlocks only when the active access card is presented.,0.750,True,direct,True,
254,constraint,She is calling a scene change over comms,[3],She is calling a scene change over comms.,1.000,True,direct,True,
255,shortcut,The parts desk is next to the dock,[5],The parts desk is next to the dock.,1.000,True,direct,True,
255,constraint,staff scan the helm module and note engine hours from the display,"[2, 3, 4]",until staff scan the helm module and note engine hours from the display.,0.960,True,direct,True,
256,shortcut,The counter is in the same lot,[5],The counter is in the same lot.,1.000,True,direct,True,
256,constraint,testing the breakaway switch and brake battery with the trailer plugged into their tester,"[1, 2, 3, 4]",after testing the breakaway switch and brake battery with the trailer plugged into their tester.,0.966,True,direct,True,
257,shortcut,The garage office is a short walk away,[5],The garage office is a short walk away.,1.000,True,direct,True,
257,constraint,photographing my plate and inspection sticker,"[3, 4]",after photographing my plate and inspection sticker.,0.923,True,direct,True,
258,shortcut,event sticker,[1],The event sticker has,0.667,True,direct,True,
258,constraint,be on the base before the stand enters the booth area,"[2, 3]",to be on the base before the stand enters the booth area.,0.957,True,direct,True,
259,shortcut,due-date tag,[1],The due-date tag must be clipped,0.600,True,direct,True,
259,constraint,be clipped to the camera bag before the checkout scan,"[2, 3]",to the camera bag before the checkout scan.,0.889,True,direct,True,
260,shortcut,The jobsite lumber pickup is approved,[0],The jobsite lumber pickup is approved.,1.000,True,direct,True,
260,constraint,check the boards strapped below rack height,[2],to check the boards strapped below rack height.,0.933,True,direct,True,
261,shortcut,Their office is next to the bay,[5],Their office is next to the bay.,1.000,True,direct,True,
261,constraint,The station has me idle and accelerate in their test bay while the meter records the result,"[2, 3, 4]",The station has me idle and accelerate in their test bay while the meter records the result.,1.000,True,direct,True,
262,shortcut,inventory sticker,[1],The inventory sticker has,0.667,True,direct,True,
262,constraint,be on the frame before staff place it in storage,"[2, 3]",to be on the frame before staff place it in storage.,0.952,True,direct,True,
263,shortcut,visitor badge,[3],while the visitor badge must remain active clipped,0.400,True,direct,True,
263,constraint,scans paper proof and discards it,"[1, 2]",The guard desk scans paper proof and discards it,0.800,True,direct,True,
263,constraint,the visitor badge must remain active clipped to my shirt,"[3, 4]",while the visitor badge must remain active clipped to my shirt.,0.952,True,direct,True,
264,constraint,see whether it pops out of gear while towing,"[2, 3]",to see whether it pops out of gear while towing.,0.947,True,direct,True,
265,shortcut,original receipt,[5],to keep the original receipt.,0.571,True,direct,True,
265,constraint,stores a scan and returns no paper,"[2, 3]",The clerk stores a scan and returns no paper,0.875,True,direct,True,
265,constraint,the scanner warranty portal asks me to keep the original receipt,"[4, 5]",while the scanner warranty portal asks me to keep the original receipt.,0.957,True,direct,True,
266,constraint,The presenter is live on camera and the operator is tracking the script,"[2, 3]",The presenter is live on camera and the operator is tracking the script.,1.000,True,direct,True,
267,shortcut,number tag,[1],The robe number tag must be pinned inside,0.400,True,direct,True,
267,constraint,be pinned inside before the wardrobe scan,"[1, 2]",The robe number tag must be pinned inside before the wardrobe scan.,0.737,True,direct,True,
268,shortcut,The clerk can be reached on foot,[3],The clerk can be reached on foot,1.000,True,direct,True,
268,constraint,the clerk sees that the winch post blocks the plate from the angle on the ticket,"[1, 2]",clerk sees that the winch post blocks the plate from the angle on the ticket.,0.968,True,direct,True,
268,constraint,the inspection spot is in the lot,[4],but the inspection spot is in the lot.,0.933,True,direct,True,
269,shortcut,asset sticker,[1],The asset sticker must be applied,0.500,True,direct,True,
269,constraint,be applied to the underside before the clerk scans it,"[2, 3]",to the underside before the clerk scans it.,0.889,True,direct,True,
270,shortcut,original paper voucher,"[2, 3]",while the shuttle agency requires the original paper voucher for the refund.,0.400,True,direct,True,
270,constraint,scans proof pages,[1],The office scans proof pages,0.750,True,direct,True,
270,constraint,the shuttle agency requires the original paper voucher for the refund,"[2, 3]",while the shuttle agency requires the original paper voucher for the refund.,0.957,True,direct,True,
271,constraint,for evidence of the tone,[2],The safety office asked for evidence of the tone.,0.714,True,direct,True,
272,shortcut,original toll receipt,"[2, 3]",while the toll agency requires the original toll receipt for the refund.,0.400,True,direct,True,
272,constraint,scans proof pages,[1],The office scans proof pages,0.750,True,direct,True,
272,constraint,the toll agency requires the original toll receipt for the refund,"[2, 3]",while the toll agency requires the original toll receipt for the refund.,0.957,True,direct,True,
273,shortcut,The forklift lock-cylinder request is approved,[0],The forklift lock-cylinder request is approved.,1.000,True,direct,True,
273,constraint,verify the serial plate before swapping the side-compartment lock,"[2, 3]",to verify the serial plate before swapping the side-compartment lock.,0.952,True,direct,True,
274,shortcut,The lumber invoice is paid,[0],The lumber invoice is paid.,1.000,True,direct,True,
274,constraint,check the straps on the loaded truck before opening the gate,"[2, 3]",to check the straps on the loaded truck before opening the gate.,0.957,True,direct,True,
275,shortcut,The ELD account is set up,[0],The ELD account is set up.,1.000,True,direct,True,
275,constraint,plug into my truck's diagnostic port and verify engine hours,"[3, 4, 5]",to plug into my truck's diagnostic port and verify engine hours.,0.957,True,direct,True,
276,shortcut,The parts counter is a short walk from my campsite,"[5, 6]",The parts counter is a short walk from my campsite.,1.000,True,direct,True,
276,constraint,plug the trailer into their 7-pin tester and load the circuit,"[2, 3, 4]",to plug the trailer into their 7-pin tester and load the circuit.,0.960,True,direct,True,
277,constraint,"I turn the key twice, and the cart mechanic wants to watch the display and contactor click during startup","[1, 2, 3, 4, 5]",after I turn the key twice and the cart mechanic wants to watch the display and contactor click during startup.,0.974,True,direct,True,
278,constraint,The audio board assistant is riding faders during a live mix,"[3, 4]",The audio board assistant is riding faders during a live mix.,1.000,True,direct,True,
279,shortcut,The mower fuel-cap key blank is ready,[0],The mower fuel-cap key blank is ready.,1.000,True,direct,True,
279,constraint,read the mower serial plate and try the blank in the actual cap,"[2, 3]",to read the mower serial plate and try the blank in the actual cap.,0.963,True,direct,True,
280,constraint,The sound operator is mixing a live song,[4],The sound operator is mixing a live song.,1.000,True,direct,True,
281,shortcut,The flower shipment is boxed,[0],The flower shipment is boxed.,1.000,True,direct,True,
281,constraint,read the trailer set-point display before release,"[2, 3]",the trailer set-point display before release.,0.933,True,direct,True,
282,shortcut,The utility-trailer clearance tag is printed,[0],The utility-trailer clearance tag is printed.,1.000,True,direct,True,
282,constraint,pull the breakaway switch and check the brake battery,"[2, 3]",to pull the breakaway switch and check the brake battery.,0.947,True,direct,True,
283,shortcut,screws,[2],The wall hooks use small screws,0.286,True,direct,True,
283,constraint,hang a framed poster in a seminar room,[1],to hang a framed poster in a seminar room.,0.941,True,direct,True,
284,constraint,watch the sole mark while I swing the iron,"[2, 3]",to watch the sole mark while I swing the iron.,0.947,True,direct,True,
285,shortcut,I need to tell the session chair that the next speaker has arrived,"[0, 1, 2]",I need to tell the session chair that the next speaker has arrived.,1.000,True,direct,True,
285,constraint,The chair is introducing the current speaker on stage,[3],The chair is introducing the current speaker on stage.,1.000,True,direct,True,
286,shortcut,The camper cap patch is scheduled,[0],The camper cap patch is scheduled.,1.000,True,direct,True,
286,constraint,read the faded fiberglass front cap directly under their lights,"[2, 3]",to read the faded fiberglass front cap directly under their lights.,0.952,True,direct,True,
287,constraint,submit a lab notebook page for a physical archive binder,"[1, 2]",to submit a lab notebook page for a physical archive binder.,0.952,True,direct,True,
287,constraint,be hole-punched and inserted today,[4],and inserted today.,0.667,True,direct,True,
288,shortcut,original dated receipt,[3],while the rebate postcard requires the original dated receipt.,0.500,True,direct,True,
288,constraint,scans proof pages and discards them,[2],The clerk scans proof pages and discards them,0.857,True,direct,True,
288,constraint,the rebate postcard requires the original dated receipt,[3],while the rebate postcard requires the original dated receipt.,0.941,True,direct,True,
289,shortcut,original dated receipt,[3],while the lighting rebate requires the original dated receipt.,0.500,True,direct,True,
289,constraint,scans proof pages and discards them,[2],The clerk scans proof pages and discards them,0.857,True,direct,True,
289,constraint,the lighting rebate requires the original dated receipt,[3],while the lighting rebate requires the original dated receipt.,0.941,True,direct,True,
290,constraint,The operator is calling cues during a live performance,"[4, 5]",The operator is calling cues during a live performance.,1.000,True,direct,True,
291,shortcut,case label,[1],The case label must be on the sealed,0.400,True,direct,True,
291,constraint,be on the sealed swab bag before the lab scans it,"[1, 2, 3]",The case label must be on the sealed swab bag before the lab scans it.,0.846,True,direct,True,
292,constraint,The operator is running cues during a live performance,"[4, 5]",The operator is running cues during a live performance.,1.000,True,direct,True,
293,shortcut,The motorcycle hot-start complaint is recorded,[0],The motorcycle hot-start complaint is recorded.,1.000,True,direct,True,
293,constraint,watch voltage drop during a restart,"[2, 3]",to watch voltage drop during a restart.,0.923,True,direct,True,
294,shortcut,The service desk is easy to reach from the pier,"[6, 7, 8]",The service desk is easy to reach from the pier.,1.000,True,direct,True,
294,constraint,they scan the motor serial plate and record hours from the boat display,"[3, 4, 5]",until they scan the motor serial plate and record hours from the boat display.,0.963,True,direct,True,
295,shortcut,original receipt,[5],to keep the original receipt.,0.571,True,direct,True,
295,constraint,stores a scan and returns no paper,"[2, 3]",The clerk stores a scan and returns no paper,0.875,True,direct,True,
295,constraint,the repair portal asks me to keep the original receipt,"[4, 5]",while the repair portal asks me to keep the original receipt.,0.952,True,direct,True,
296,constraint,the replacement stripe is close but needs a camera read of the sun-faded original stripe,"[1, 2, 3]",is close but needs a camera read of the sun-faded original stripe.,0.897,True,direct,True,
297,shortcut,The hybrid warning-light note is entered,[0],The hybrid warning-light note is entered.,1.000,True,direct,True,
297,constraint,read battery-control data through the diagnostic connector,[2],to read battery-control data through the diagnostic connector.,0.941,True,direct,True,
298,constraint,scan the faded paint on the welded tongue next to the crack repair,"[1, 2, 3]",The welder-painter must scan the faded paint on the welded tongue next to the crack repair.,0.867,True,direct,True,
299,shortcut,The refinance packet for my horse trailer is signed,[0],The refinance packet for my horse trailer is signed.,1.000,True,direct,True,
299,constraint,read the VIN stamped on the trailer tongue before funding,"[2, 3]",to read the VIN stamped on the trailer tongue before funding.,0.952,True,direct,True,
300,shortcut,ID badge,[2],while my ID badge must stay clipped on,0.400,True,direct,True,
300,constraint,takes paper sheets,[1],The record scanner takes paper sheets,0.667,True,direct,True,
300,constraint,my ID badge must stay clipped on for the shift,"[2, 3]",while my ID badge must stay clipped on for the shift.,0.952,True,direct,True,
301,shortcut,The bus opacity test is next,[0],The bus opacity test is next.,1.000,True,direct,True,
301,constraint,watch the meter while the bus follows the acceleration prompts,"[2, 3]",to watch the meter while the bus follows the acceleration prompts.,0.952,True,direct,True,
302,shortcut,The parts counter is across the lot,[5],The parts counter is across the lot.,1.000,True,direct,True,
302,constraint,plug it into their 7-pin tester and load the circuit,"[2, 3, 4]",to plug it into their 7-pin tester and load the circuit.,0.957,True,direct,True,
303,constraint,I toggle the switch twice,[1],after I toggle the switch twice.,0.909,True,direct,True,
303,constraint,at the maintenance bench so he can watch the controller lights during startup,"[2, 3, 4]",The shop tech wants it at the maintenance bench so he can watch the controller lights during startup.,0.839,True,direct,True,
304,shortcut,hangtag,[2],while my hangtag must remain in the windshield.,0.222,True,direct,True,
304,constraint,scans paper proof and discards it,[1],The clerk scans paper proof and discards it,0.857,True,direct,True,
304,constraint,my hangtag must remain in the windshield,[2],while my hangtag must remain in the windshield.,0.933,True,direct,True,
305,shortcut,The golf-cart controller case is open,[0],The golf-cart controller case is open.,1.000,True,direct,True,
305,constraint,reads controller logs from the cart harness,"[2, 3]",with the laptop that reads controller logs from the cart harness.,0.778,True,direct,True,
306,shortcut,original dated receipt,[3],while the appliance rebate requires the original dated receipt.,0.500,True,direct,True,
306,constraint,scans proof pages and discards them,[2],The clerk scans proof pages and discards them,0.857,True,direct,True,
306,constraint,the appliance rebate requires the original dated receipt,[3],while the appliance rebate requires the original dated receipt.,0.941,True,direct,True,
307,shortcut,The prepaid label is printed,[0],The prepaid label is printed.,1.000,True,direct,True,
307,constraint,The drop-off cart accepts only packages that already have the label attached,"[1, 2]",The drop-off cart accepts only packages that already have the label attached.,1.000,True,direct,True,
308,shortcut,The mobility-scooter bin key is approved,[0],The mobility-scooter bin key is approved.,1.000,True,direct,True,
308,constraint,match the scooter ID label and test the new key in the bin,"[2, 3]",to match the scooter ID label and test the new key in the bin.,0.963,True,direct,True,
309,shortcut,The UTV reverse-grind note is printed,[0],The UTV reverse-grind note is printed.,1.000,True,direct,True,
309,constraint,Service is at the yard loop to warm it up and shift into reverse,"[1, 2, 3, 4]",Service is at the yard loop to warm it up and shift into reverse.,1.000,True,direct,True,
310,shortcut,My ferry account is paid,[0],My ferry account is paid.,1.000,True,direct,True,
310,constraint,Boarding staff are in the staging lane scanning each vehicle's windshield pass as it rolls forward,"[1, 2]",Boarding staff are in the staging lane scanning each vehicle's windshield pass as it rolls forward.,1.000,True,direct,True,
311,shortcut,original receipt,[4],original receipt.,1.000,True,direct,True,
311,constraint,The helpdesk scanner keeps images only,[2],The helpdesk scanner keeps images only,1.000,True,direct,True,
311,constraint,the manufacturer repair portal asks for the original receipt,"[3, 4]",while the manufacturer repair portal asks for the original receipt.,0.947,True,direct,True,
312,shortcut,show label,[1],The show label must be attached,0.500,True,direct,True,
312,constraint,be attached to the bag handle before wardrobe scans it,"[2, 3]",to the bag handle before wardrobe scans it.,0.889,True,direct,True,
313,shortcut,original thermal receipt,[3],while the filter warranty needs the original thermal receipt.,0.500,True,direct,True,
313,constraint,scans and bins proof pages,[2],The file clerk scans and bins proof pages,0.769,True,direct,True,
313,constraint,the filter warranty needs the original thermal receipt,[3],while the filter warranty needs the original thermal receipt.,0.941,True,direct,True,
314,shortcut,The marina counter is at the dock entrance,[6],The marina counter is at the dock entrance.,1.000,True,direct,True,
314,constraint,read engine hours from the display and match the hull serial before opening the work order,"[2, 3, 4, 5]",to read engine hours from the display and match the hull serial before opening the work order.,0.970,True,direct,True,
315,shortcut,The terminal desk is easier to reach on foot,"[3, 4]",The terminal desk is easier to reach on foot.,1.000,True,direct,True,
315,constraint,"My car-ferry account is paid, but boarding staff scan the windshield pass as each vehicle enters the staging lane","[0, 1, 2]",My car-ferry account is paid but boarding staff scan the windshield pass as each vehicle enters the staging lane.,1.000,True,direct,True,
316,shortcut,The warehouse tug complaint is logged,[0],The warehouse tug complaint is logged.,1.000,True,direct,True,
316,constraint,watch the front wheel after a slow turn over the threshold,"[2, 3]",to watch the front wheel after a slow turn over the threshold.,0.957,True,direct,True,
317,shortcut,The diesel lift-truck certification is open,[0],The diesel lift-truck certification is open.,1.000,True,direct,True,
317,constraint,sample exhaust while the lift truck runs,"[2, 3]",to sample exhaust while the lift truck runs.,0.933,True,direct,True,
318,shortcut,zone sticker,[1],The zone sticker must be attached,0.500,True,direct,True,
318,constraint,be attached to the folding frame before staff move it inside,"[2, 3]",to the folding frame before staff move it inside.,0.900,True,direct,True,
319,shortcut,The food-truck renewal is approved,[0],The food-truck renewal is approved except for the,0.800,True,direct,True,
319,constraint,the live emissions reading,[1],live emissions reading.,0.857,True,direct,True,
319,constraint,run through the throttle prompts,[4],to run through the throttle prompts.,0.909,True,direct,True,
320,constraint,"food-contact items go to the dish return door, not the event office","[1, 2, 3]",The venue says food-contact items go to the dish return door not the event office.,0.897,True,direct,True,
321,shortcut,windshield permit,[3],while the windshield permit must remain active stuck,0.400,True,direct,True,
321,constraint,scans paper proof and discards it,"[1, 2]",The yard clerk scans paper proof and discards it,0.800,True,direct,True,
321,constraint,the windshield permit must remain active stuck to the windshield,"[3, 4]",while the windshield permit must remain active stuck to the windshield.,0.952,True,direct,True,
322,shortcut,The consignment sheet is printed,[0],The consignment sheet is printed.,1.000,True,direct,True,
322,constraint,photograph the VIN stamp on my Vespa for the listing,"[2, 3]",to photograph the VIN stamp on my Vespa for the listing.,0.952,True,direct,True,
323,shortcut,My snowmobile warranty repair was approved,[0],My snowmobile warranty repair was approved,1.000,True,direct,True,
323,constraint,photograph the chassis number and hour meter before ordering parts,"[1, 2, 3]",but the shop must photograph the chassis number and hour meter before ordering parts.,0.833,True,direct,True,
324,shortcut,The grinder repair ticket is open,[0],The grinder repair ticket is open.,1.000,True,direct,True,
324,constraint,The tech is at the bench to remove the burr carrier and check alignment,"[1, 2, 3]",The tech is at the bench to remove the burr carrier and check alignment.,1.000,True,direct,True,
325,shortcut,The espresso-machine claim is logged,[0],The espresso-machine claim is logged.,1.000,True,direct,True,
325,constraint,run a pressure test through the group head,[2],to run a pressure test through the group head.,0.941,True,direct,True,
326,shortcut,The delivery yard hold is cleared,[0],The delivery yard hold is cleared except for,0.857,True,direct,True,
326,constraint,the RFID check,[1],the RFID check.,1.000,True,direct,True,
326,constraint,read the van's windshield sticker,[3],to read the van's windshield sticker.,0.923,True,direct,True,
327,shortcut,The golf-cart roof panel is in stock,[0],The golf-cart roof panel is in stock.,1.000,True,direct,True,
327,constraint,scan the sun-faded body tub beside the seat before mixing paint,"[1, 2, 3]",The painter must scan the sun-faded body tub beside the seat before mixing paint.,0.889,True,direct,True,
328,shortcut,RFID fob,[4],while the RFID fob must remain active on,0.400,True,direct,True,
328,constraint,scans paper proof and discards it,"[2, 3]",The lab coordinator scans paper proof and discards it,0.800,True,direct,True,
328,constraint,the RFID fob must remain active on my keychain,"[4, 5]",while the RFID fob must remain active on my keychain.,0.947,True,direct,True,
329,shortcut,inventory sticker,[2],The inventory sticker must be on the base,0.400,True,direct,True,
329,constraint,be on the base before the technician scans it,"[2, 3]",The inventory sticker must be on the base before the technician scans it.,0.818,True,direct,True,
330,constraint,"scan the GPS tag bolted inside the crate, not the paper manifest","[2, 3, 4]",The warehouse lead must scan the GPS tag bolted inside the crate not the paper manifest.,0.857,True,direct,True,
331,shortcut,The food-truck registration packet is ready,[0],The food-truck registration packet is ready.,1.000,True,direct,True,
331,constraint,take the current emissions reading from the running truck,"[2, 3]",to take the current emissions reading from the running truck.,0.947,True,direct,True,
332,shortcut,original receipt,[5],to keep the original receipt.,0.571,True,direct,True,
332,constraint,stores a scan and returns no paper,"[2, 3]",The clerk stores a scan and returns no paper,0.875,True,direct,True,
332,constraint,the speaker warranty portal asks me to keep the original receipt,"[4, 5]",while the speaker warranty portal asks me to keep the original receipt.,0.957,True,direct,True,
333,shortcut,The regrip ticket is open,[0],The regrip ticket is open.,1.000,True,direct,True,
333,constraint,The shop tech is at the vise to remove the old grip from the actual club,"[1, 2, 3]",The shop tech is at the vise to remove the old grip from the actual club.,1.000,True,direct,True,
334,shortcut,The landscaping trailer's clearance is waiting on a wiring load test,"[0, 1]",The landscaping trailer's clearance is waiting on a wiring load test.,1.000,True,direct,True,
334,constraint,The technician is at the diagnostic box that plugs into the trailer harness,"[2, 3]",The technician is at the diagnostic box that plugs into the trailer harness.,1.000,True,direct,True,
335,shortcut,The RV transmission case is open,[0],The RV transmission case is open.,1.000,True,direct,True,
335,constraint,read live data during the delayed shift,"[2, 3]",to read live data during the delayed shift.,0.933,True,direct,True,
336,shortcut,The repair RMA is issued,[0],The repair RMA is issued.,1.000,True,direct,True,
336,constraint,it is placed on the sealed box,[2],after it is placed on the sealed box.,0.933,True,direct,True,
337,shortcut,The snowmobile clunk is on the schedule,[0],The snowmobile clunk is on the schedule.,1.000,True,direct,True,
337,constraint,a cold soak,[3],after a cold soak.,0.857,True,direct,True,
338,shortcut,asset label,[1],The asset label must be applied,0.500,True,direct,True,
338,constraint,be applied to the drawer front before the clerk scans it,"[2, 3]",to the drawer front before the clerk scans it.,0.900,True,direct,True,
339,shortcut,The border kiosk has my declaration already entered,[0],The border kiosk has my declaration already entered.,1.000,True,direct,True,
339,constraint,read the chip in the passport booklet before opening the next screen,"[2, 3]",to read the chip in the passport booklet before opening the next screen.,0.960,True,direct,True,
340,shortcut,original dated receipt,[3],while the plumbing rebate requires the original dated receipt.,0.500,True,direct,True,
340,constraint,scans proof pages and discards them,[2],The clerk scans proof pages and discards them,0.857,True,direct,True,
340,constraint,the plumbing rebate requires the original dated receipt,[3],while the plumbing rebate requires the original dated receipt.,0.941,True,direct,True,
341,shortcut,The shipping office is next to the gate,[4],The shipping office is next to the gate.,1.000,True,direct,True,
341,constraint,the guard reads the seal and checks the temperature strip mounted inside the trailer door,"[1, 2, 3]",after the guard reads the seal and checks the temperature strip mounted inside the trailer door.,0.968,True,direct,True,
342,shortcut,The cart mechanic has the work order,[0],The cart mechanic has the work order.,1.000,True,direct,True,
342,constraint,watch my golf cart power up and hear the contactor when I turn the key,"[2, 3]",to watch my golf cart power up and hear the contactor when I turn the key.,0.968,True,direct,True,
343,shortcut,I am documenting a small-appliance purchase at the front desk,"[0, 1]",I am documenting a small-appliance purchase at the front desk.,1.000,True,direct,True,
343,constraint,scan proof pages and shred them,[2],Staff scan proof pages and shred them,0.923,True,direct,True,
343,constraint,the rebate postcard needs the original dated receipt,[3],while the rebate postcard needs the original dated receipt.,0.941,True,direct,True,
344,shortcut,original dated receipt,[3],while the rebate envelope requires the original dated receipt.,0.500,True,direct,True,
344,constraint,scans proof pages and discards them,[2],The clerk scans proof pages and discards them,0.857,True,direct,True,
344,constraint,the rebate envelope requires the original dated receipt,[3],while the rebate envelope requires the original dated receipt.,0.941,True,direct,True,
345,shortcut,inventory tag,[2],The inventory tag must be applied,0.500,True,direct,True,
345,constraint,be applied to the case top before the clerk scans it,"[3, 4]",to the case top before the clerk scans it.,0.900,True,direct,True,
346,shortcut,The cart mechanic has the work order,[0],The cart mechanic has the work order.,1.000,True,direct,True,
346,constraint,watch my golf cart power up and hear the contactor when I turn the key,"[2, 3]",to watch my golf cart power up and hear the contactor when I turn the key.,0.968,True,direct,True,
347,shortcut,The ATV safety kit is reserved,[0],The ATV safety kit is reserved.,1.000,True,direct,True,
347,constraint,scan the frame VIN and hour meter before handing it out,"[2, 3, 4]",to scan the frame VIN and hour meter before handing it out.,0.957,True,direct,True,
348,shortcut,asset label,[1],The asset label has,0.667,True,direct,True,
348,constraint,be applied to the side panel before the scan,"[2, 3, 4]",to be applied to the side panel before the scan.,0.947,True,direct,True,
349,constraint,turn in a worksheet that the teacher will mark by hand during class,"[1, 2, 3]",to turn in a worksheet that the teacher will mark by hand during class.,0.963,True,direct,True,
349,constraint,digital submissions are closed,[4],The instructions say digital submissions are closed.,0.727,True,direct,True,
350,shortcut,The camper brake-controller appointment is checked in,[0],The camper brake-controller appointment is checked in.,1.000,True,direct,True,
350,constraint,the trailer plugs into their rig for signal readings,"[2, 3]",trailer plugs into their rig for signal readings.,0.941,True,direct,True,
351,shortcut,The bakery freezer load is staged,[0],The bakery freezer load is staged.,1.000,True,direct,True,
351,constraint,read the freezer unit screen on the truck before dispatch,"[2, 3]",to read the freezer unit screen on the truck before dispatch.,0.952,True,direct,True,
352,shortcut,The side-by-side axle kit is approved,[0],The side-by-side axle kit is approved.,1.000,True,direct,True,
352,constraint,photograph the VIN sticker and hour meter before release,"[2, 3, 4]",to photograph the VIN sticker and hour meter before release.,0.947,True,direct,True,
353,shortcut,barcode label,[1],The barcode label must be on the underside,0.400,True,direct,True,
353,constraint,be on the underside before staff scan it,"[1, 2]",The barcode label must be on the underside before staff scan it.,0.800,True,direct,True,
354,shortcut,asset label,[2],The asset label must be on the back panel,0.364,True,direct,True,
354,constraint,be on the back panel before the scan,"[2, 3]",The asset label must be on the back panel before the scan.,0.800,True,direct,True,
355,shortcut,original receipt,[5],to keep the original receipt.,0.571,True,direct,True,
355,constraint,stores a scan and returns no paper,"[2, 3]",The clerk stores a scan and returns no paper,0.875,True,direct,True,
355,constraint,the service-plan folder asks me to keep the original receipt,"[4, 5]",while the service-plan folder asks me to keep the original receipt.,0.957,True,direct,True,
356,shortcut,The stone-yard invoice is paid,[0],The stone-yard invoice is paid.,1.000,True,direct,True,
356,constraint,lift the slab onto the rack mounted on my truck,"[2, 3]",to lift the slab onto the rack mounted on my truck.,0.952,True,direct,True,
357,constraint,sit in front of it,[3],to sit in front of it.,0.909,True,direct,True,
358,shortcut,The marina office is open now,[4],The marina office is open now.,1.000,True,direct,True,
358,constraint,checking the trailer plate at the gate,[3],after checking the trailer plate at the gate.,0.933,True,direct,True,
359,shortcut,original fare ticket,"[2, 3]",while the transit office requires the original fare ticket for the refund.,0.400,True,direct,True,
359,constraint,scans proof pages,[1],The office scans proof pages,0.750,True,direct,True,
359,constraint,the transit office requires the original fare ticket for the refund,"[2, 3]",while the transit office requires the original fare ticket for the refund.,0.957,True,direct,True,
360,shortcut,front desk,[2],the front desk only stamps the deposit log.,0.400,True,direct,True,
360,constraint,be placed in the safe slot; the front desk only stamps the deposit log,"[1, 2]",The envelope must be placed in the safe slot the front desk only stamps the deposit log.,0.903,True,direct,True,
361,shortcut,jars,[1],The sign says sample jars are accepted only,0.222,True,direct,True,
361,constraint,"sample jars are accepted only at the lab window where they are barcode-scanned, while reception handles paperwork only","[1, 2, 3]",The sign says sample jars are accepted only at the lab window where they are barcode-scanned while reception handles paperwork only.,0.927,True,direct,True,
362,shortcut,camera,[0],I am attaching a camera to a tripod.,0.222,True,direct,True,
362,constraint,The quick-release plate uses a coin-slot screw and I have no coin in my pocket,"[1, 2]",The quick-release plate uses a coin-slot screw and I have no coin in my pocket.,1.000,True,direct,True,
363,constraint,the key is turned twice,[1],after the key is turned twice.,0.909,True,direct,True,
363,constraint,watch the display and hear the relay during startup in the bay,"[3, 4, 5]",to watch the display and hear the relay during startup in the bay.,0.960,True,direct,True,
364,shortcut,The office is right by the sidewalk,[4],The office is right by the sidewalk.,1.000,True,direct,True,
364,constraint,scan the faded wrap beside the serving window,"[2, 3]",to scan the faded wrap beside the serving window.,0.941,True,direct,True,
365,shortcut,The snowmobile hatch part is in stock,[0],The snowmobile hatch part is in stock.,1.000,True,direct,True,
365,constraint,photograph the latch and test the key in the lock,"[2, 3]",to photograph the latch and test the key in the lock.,0.952,True,direct,True,
366,constraint,The service is live and the operator is switching cameras,"[3, 4]",The service is live and the operator is switching cameras.,1.000,True,direct,True,
367,shortcut,The boom-lift inspection sheet is ready,[0],The boom-lift inspection sheet is ready.,1.000,True,direct,True,
367,constraint,scan the serial plate and test the tilt alarm,"[2, 3]",to scan the serial plate and test the tilt alarm.,0.947,True,direct,True,
368,shortcut,The minibus damage claim is approved for review,[0],The minibus damage claim is approved for review.,1.000,True,direct,True,
368,constraint,compare its height with the rear bumper dent,"[2, 3]",to compare its height with the rear bumper dent.,0.941,True,direct,True,
369,shortcut,The walker repair tag is printed,[0],The walker repair tag is printed.,1.000,True,direct,True,
369,constraint,The therapist is at the bench to squeeze the hand brakes and adjust the cable tension,"[1, 2, 3]",The therapist is at the bench to squeeze the hand brakes and adjust the cable tension.,1.000,True,direct,True,
370,shortcut,The marina accepted my outboard warranty claim,[0],The marina accepted my outboard warranty claim,1.000,True,direct,True,
370,constraint,read engine hours from the boat's display and match the engine serial plate before starting,"[2, 3, 4, 5]",to read engine hours from the boat's display and match the engine serial plate before starting.,0.970,True,direct,True,
371,shortcut,I need to update the audio engineer that the backup file finished exporting,"[0, 1, 2]",I need to update the audio engineer that the backup file finished exporting.,1.000,True,direct,True,
371,constraint,The studio is recording a live take and phones must not ring,"[3, 4, 5]",The studio is recording a live take and phones must not ring.,1.000,True,direct,True,
372,constraint,The technician is at the gravel pad to listen near the wheels while it creeps forward at full lock in 4WD,"[1, 2, 3, 4]",The technician is at the gravel pad to listen near the wheels while it creeps forward at full lock in 4WD.,1.000,True,direct,True,
373,shortcut,The hotel valet has a locker ready,[0],The hotel valet has a locker ready.,1.000,True,direct,True,
373,constraint,scan the small sticker on my e-bike frame before assigning the charger,"[2, 3]",to scan the small sticker on my e-bike frame before assigning the charger.,0.963,True,direct,True,
374,shortcut,The instrument shipping label is ready,[0],The instrument shipping label is ready.,1.000,True,direct,True,
374,constraint,the label is attached,[2],after the label is attached.,0.889,True,direct,True,
375,constraint,The projection operator is running live supertitles,[4],The projection operator is running live supertitles.,1.000,True,direct,True,
376,shortcut,original receipt,[5],to keep the original receipt.,0.571,True,direct,True,
376,constraint,stores a scan and returns no paper,"[2, 3]",The clerk stores a scan and returns no paper,0.875,True,direct,True,
376,constraint,the replacement warranty file asks me to keep the original receipt,"[4, 5]",while the replacement warranty file asks me to keep the original receipt.,0.957,True,direct,True,
377,shortcut,The camper graphics shop says the new stripe has to match the faded stripe already on the side wall,"[0, 1, 2]",The camper graphics shop says the new stripe has to match the faded stripe already on the side wall.,1.000,True,direct,True,
377,constraint,"Their color camera is in the bay, while the order desk is by the door","[3, 4]",Their color camera is in the bay while the order desk is by the door.,1.000,True,direct,True,
378,shortcut,The kayak-rack pickup is paid,[0],The kayak-rack pickup is paid.,1.000,True,direct,True,
378,constraint,The store loader is at the curb to fasten the rack to my vehicle roof before handing over the kayaks,"[1, 2, 3, 4]",The store loader is at the curb to fasten the rack to my vehicle roof before handing over the kayaks.,1.000,True,direct,True,
379,shortcut,original dated receipt,[3],while the energy rebate requires the original dated receipt.,0.500,True,direct,True,
379,constraint,scans proof pages and discards them,[2],The clerk scans proof pages and discards them,0.857,True,direct,True,
379,constraint,the energy rebate requires the original dated receipt,[3],while the energy rebate requires the original dated receipt.,0.941,True,direct,True,
380,constraint,be inspected before they allow it past the gate because it was reported loose,"[1, 2, 3]",rack must be inspected before they allow it past the gate because it was reported loose.,0.933,True,direct,True,
381,shortcut,The landscape timbers are pulled,[0],The landscape timbers are pulled.,1.000,True,direct,True,
381,constraint,check them after they are strapped onto my truck,"[3, 4, 5]",to check them after they are strapped onto my truck.,0.947,True,direct,True,
382,constraint,be included in the envelope,"[2, 3]",from the product box must be included in the envelope.,0.667,True,direct,True,
383,shortcut,The restringing ticket is ready,[0],The restringing ticket is ready.,1.000,True,direct,True,
383,constraint,The stringer is at the machine to clamp the actual racket frame,"[1, 2]",The stringer is at the machine to clamp the actual racket frame.,1.000,True,direct,True,
384,shortcut,The boat scratch repair is approved,[0],The boat scratch repair is approved.,1.000,True,direct,True,
384,constraint,The painter is at the bay with a color reader for the faded gelcoat beside the scratch on the hull,"[1, 2, 3]",The painter is at the bay with a color reader for the faded gelcoat beside the scratch on the hull.,1.000,True,direct,True,
385,constraint,Donations are accepted only in the donation bin by the entrance,"[2, 3]",Donations are accepted only in the donation bin by the entrance.,1.000,True,direct,True,
386,constraint,the ranger verifies that the spare-tire cover partly hid the trailer plate,"[1, 2]",ranger verifies that the spare-tire cover partly hid the trailer plate.,0.960,True,direct,True,
386,constraint,The ranger station window faces the inspection lane,[3],The ranger station window faces the inspection lane.,1.000,True,direct,True,
387,shortcut,The courier label is printed,[0],The courier label is printed.,1.000,True,direct,True,
387,constraint,it is attached to the sealed specimen pouch,"[2, 3]",after it is attached to the sealed specimen pouch.,0.941,True,direct,True,
388,shortcut,paper,[4],to retain the paper item.,0.333,True,direct,True,
388,constraint,to retain the paper item,[4],to retain the paper item.,1.000,True,direct,True,
389,shortcut,The warehouse has cleared my door slab,[0],The warehouse has cleared my door slab.,1.000,True,direct,True,
389,constraint,"Staff are at the dock because the slab leaves only by being slid into a vehicle, not carried through the lobby","[1, 2, 3, 4]",Staff are at the dock because the slab leaves only by being slid into a vehicle not carried through the lobby.,1.000,True,direct,True,
390,constraint,each sticker matched to the trailer's plate before it leaves the lot,"[1, 2, 3]",and wants each sticker matched to the trailer's plate before it leaves the lot.,0.929,True,direct,True,
391,shortcut,vendor label,[1],The vendor label must be attached,0.500,True,direct,True,
391,constraint,be attached to the base plate before staff move it inside,"[2, 3]",to the base plate before staff move it inside.,0.900,True,direct,True,
392,shortcut,The sod rolls are ready,[0],The sod rolls are ready.,1.000,True,direct,True,
392,constraint,The forklift driver is at the gravel bay to set the pallet into my truck bed,"[1, 2, 3]",The forklift driver is at the gravel bay to set the pallet into my truck bed.,1.000,True,direct,True,
393,shortcut,proximity card,[2],while my proximity card must stay,0.500,True,direct,True,
393,constraint,scans paper sheets,[1],The safety office scans paper sheets,0.667,True,direct,True,
393,constraint,my proximity card must stay with me to enter the lab,"[2, 3, 4]",while my proximity card must stay with me to enter the lab.,0.957,True,direct,True,
394,shortcut,The flower shipment is boxed,[0],The flower shipment is boxed.,1.000,True,direct,True,
394,constraint,read the trailer's set-point display before release,"[2, 3]",the trailer's set-point display before release.,0.941,True,direct,True,
395,shortcut,The violin repair ticket is written,[0],The violin repair ticket is written.,1.000,True,direct,True,
395,constraint,fit the bridge against the instrument top,[2],to fit the bridge against the instrument top.,0.933,True,direct,True,
396,shortcut,section label,[1],The section label must be on the back,0.400,True,direct,True,
396,constraint,be on the back before it goes on the rack,"[1, 2]",The section label must be on the back before it goes on the rack.,0.833,True,direct,True,
397,shortcut,original ride voucher,"[3, 4]",while the bus operator requires the original ride voucher for the refund.,0.400,True,direct,True,
397,constraint,scans proof pages,[2],The office scans proof pages,0.750,True,direct,True,
397,constraint,the bus operator requires the original ride voucher for the refund,"[3, 4]",while the bus operator requires the original ride voucher for the refund.,0.957,True,direct,True,
398,shortcut,The county has my boat-registration form ready,[0],The county has my boat-registration form ready.,1.000,True,direct,True,
398,constraint,read the HIN molded into the transom,"[2, 3]",to read the HIN molded into the transom.,0.933,True,direct,True,
399,shortcut,The resort cart repair sign-off is open,[0],The resort cart repair sign-off is open.,1.000,True,direct,True,
399,constraint,photograph the cracked rear bumper bracket,[2],to photograph the cracked rear bumper bracket.,0.923,True,direct,True,
400,shortcut,The ATV cargo-box latch ticket is open,[0],The ATV cargo-box latch ticket is open.,1.000,True,direct,True,
400,constraint,watch the latch move while still mounted,"[2, 3]",to watch the latch move while still mounted.,0.933,True,direct,True,
401,constraint,glass fragments go in the labeled glass-disposal box,[3],in the labeled glass-disposal box.,0.800,True,direct,True,
402,shortcut,The pharmacy warehouse says the medication load is ready,[0],The pharmacy warehouse says the medication load is ready,1.000,True,direct,True,
402,constraint,reading the seal and temperature logger mounted inside the trailer door,"[2, 3, 4]",after reading the seal and temperature logger mounted inside the trailer door.,0.957,True,direct,True,
403,constraint,check the serial engraving and brake light before issuing the decal,"[2, 3, 4]",to check the serial engraving and brake light before issuing the decal.,0.957,True,direct,True,
404,shortcut,The dealership lobby is nearby,[4],The dealership lobby is nearby.,1.000,True,direct,True,
404,constraint,photograph the hour meter and serial plate before the part ships,"[1, 2, 3]",but service must photograph the hour meter and serial plate before the part ships.,0.880,True,direct,True,
405,shortcut,The repair ticket is open,[0],The repair ticket is open.,1.000,True,direct,True,
405,constraint,stay plugged in while my rough idle runs,[3],while my rough idle runs.,0.769,True,direct,True,
406,constraint,"go into the green compost bin, not the paper recycling bin","[2, 3]",into the green compost bin not the paper recycling bin.,0.952,True,direct,True,
407,shortcut,original boarding stub,"[2, 3]",while the ferry counter needs the original boarding stub for refund stamping.,0.400,True,direct,True,
407,constraint,Payroll keeps digital images,[1],Payroll keeps digital images,1.000,True,direct,True,
407,constraint,the ferry counter needs the original boarding stub for refund stamping,"[2, 3]",while the ferry counter needs the original boarding stub for refund stamping.,0.957,True,direct,True,
408,constraint,staff inspect the loose winch strap noted on my account,"[1, 2]",until staff inspect the loose winch strap noted on my account.,0.952,True,direct,True,
409,shortcut,The compact tractor warranty case is accepted,[0],The compact tractor warranty case is accepted.,1.000,True,direct,True,
409,constraint,photograph the serial plate and current hour meter before ordering parts,"[2, 3, 4]",to photograph the serial plate and current hour meter before ordering parts.,0.957,True,direct,True,
410,shortcut,The debris drop-off ticket is active,[0],The debris drop-off ticket is active.,1.000,True,direct,True,
410,constraint,inspect what is in the truck bed before routing it,"[2, 3]",to inspect what is in the truck bed before routing it.,0.952,True,direct,True,
411,constraint,be placed in the cartridge return box,[2],placed in the cartridge return box.,0.923,True,direct,True,
412,shortcut,number sticker,[1],The backstage number sticker must be on the,0.400,True,direct,True,
412,constraint,be on the crate lid before it enters storage,"[2, 3]",crate lid before it enters storage.,0.800,True,direct,True,
413,shortcut,inventory sticker,[1],The inventory sticker must be applied,0.500,True,direct,True,
413,constraint,be applied to the base before the clerk scans it,"[2, 3]",to the base before the clerk scans it.,0.889,True,direct,True,
414,shortcut,original receipt,[3],while my warranty folder keeps the original receipt.,0.400,True,direct,True,
414,constraint,scans pages and returns no paper,[2],The clerk scans pages and returns no paper,0.857,True,direct,True,
414,constraint,my warranty folder keeps the original receipt,[3],while my warranty folder keeps the original receipt.,0.933,True,direct,True,
415,shortcut,The reception counter is nearby,[4],The reception counter is nearby.,1.000,True,direct,True,
415,constraint,The volunteer checks the scooter's ID label and notes the dashboard miles before attaching the tag,"[1, 2, 3]",The volunteer checks the scooter's ID label and notes the dashboard miles before attaching the tag.,1.000,True,direct,True,
416,shortcut,The showroom is open now,[3],The showroom is open now.,1.000,True,direct,True,
416,constraint,scanning the frame VIN and noting the hour meter at check-in,"[1, 2]",after scanning the frame VIN and noting the hour meter at check-in.,0.960,True,direct,True,
417,shortcut,The flooring pallet is cleared,[0],The flooring pallet is cleared.,1.000,True,direct,True,
417,constraint,The forklift driver is at the loading dock to lower the cartons into my vehicle before release,"[1, 2, 3, 4]",The forklift driver is at the loading dock to lower the cartons into my vehicle before release.,1.000,True,direct,True,
418,shortcut,The camper-generator complaint is recorded,[0],The camper-generator complaint is recorded.,1.000,True,direct,True,
418,constraint,start the installed generator while the thermostat calls for cooling,"[2, 3]",to start the installed generator while the thermostat calls for cooling.,0.952,True,direct,True,
419,shortcut,original dated receipt,[3],while the filter rebate requires the original dated receipt.,0.500,True,direct,True,
419,constraint,scans proof pages and discards them,[2],The clerk scans proof pages and discards them,0.857,True,direct,True,
419,constraint,the filter rebate requires the original dated receipt,[3],while the filter rebate requires the original dated receipt.,0.941,True,direct,True,
420,shortcut,original receipt,[5],to keep the original receipt.,0.571,True,direct,True,
420,constraint,stores a scan and returns no paper,"[2, 3]",The clerk stores a scan and returns no paper,0.875,True,direct,True,
420,constraint,the fan warranty card asks me to keep the original receipt,"[4, 5]",while the fan warranty card asks me to keep the original receipt.,0.957,True,direct,True,
421,shortcut,original dated receipt,[3],while the store rebate requires the original dated receipt.,0.500,True,direct,True,
421,constraint,scans proof pages and discards them,[2],The clerk scans proof pages and discards them,0.857,True,direct,True,
421,constraint,the store rebate requires the original dated receipt,[3],while the store rebate requires the original dated receipt.,0.941,True,direct,True,
422,shortcut,original receipt,[5],to keep the original receipt.,0.571,True,direct,True,
422,constraint,stores a scan and returns no paper,"[2, 3]",The clerk stores a scan and returns no paper,0.875,True,direct,True,
422,constraint,the lens warranty envelope asks me to keep the original receipt,"[4, 5]",while the lens warranty envelope asks me to keep the original receipt.,0.957,True,direct,True,
423,shortcut,The golf-cart controller case is open,[0],The golf-cart controller case is open.,1.000,True,direct,True,
423,constraint,reads controller logs from the cart harness,"[2, 3]",with the laptop that reads controller logs from the cart harness.,0.778,True,direct,True,
424,constraint,a permit for motorized bikes,"[0, 1]",The campus bike room requires a permit for motorized bikes.,0.667,True,direct,True,
425,shortcut,original proof of purchase,[4],of purchase.,0.667,True,direct,True,
425,constraint,scans proof pages and bins them,[2],The desk scans proof pages and bins them,0.857,True,direct,True,
425,constraint,the rebate form requires the original proof of purchase,"[3, 4]",while the rebate form requires the original proof of purchase.,0.947,True,direct,True,
426,shortcut,The loan forms for my pop-up camper are signed,[0],The loan forms for my pop-up camper are signed.,1.000,True,direct,True,
426,constraint,read the VIN plate on the camper tongue before releasing funds,"[2, 3]",to read the VIN plate on the camper tongue before releasing funds.,0.957,True,direct,True,
427,shortcut,asset tag,[1],The asset tag must be applied,0.500,True,direct,True,
427,constraint,be applied to the case lid before the clerk scans it,"[2, 3]",to the case lid before the clerk scans it.,0.900,True,direct,True,
428,shortcut,The ice-cream route sheet is ready,[0],The ice-cream route sheet is ready.,1.000,True,direct,True,
428,constraint,The supervisor at the loading door checks the truck freezer display and seal before dispatch,"[1, 2, 3, 4]",The supervisor at the loading door checks the truck freezer display and seal before dispatch.,1.000,True,direct,True,
429,shortcut,kit tag,[1],The kit tag must be attached,0.500,True,direct,True,
429,constraint,be attached to the case handle before equipment staff scan it,"[2, 3]",to the case handle before equipment staff scan it.,0.900,True,direct,True,
430,shortcut,The e-bike recall case is created,[0],The e-bike recall case is created.,1.000,True,direct,True,
430,constraint,confirm the frame number and total distance from the display before ordering parts,"[2, 3, 4, 5]",to confirm the frame number and total distance from the display before ordering parts.,0.963,True,direct,True,
431,constraint,"The form field accepts an image attachment, not typed notes","[2, 3]",The form field accepts an image attachment not typed notes.,1.000,True,direct,True,
432,constraint,The stage manager is calling a blackout cue over comms,"[3, 4]",The stage manager is calling a blackout cue over comms.,1.000,True,direct,True,
433,shortcut,original dated receipt,[3],while the rebate claim requires the original dated receipt.,0.500,True,direct,True,
433,constraint,scans proof pages and discards them,[2],The clerk scans proof pages and discards them,0.857,True,direct,True,
433,constraint,the rebate claim requires the original dated receipt,[3],while the rebate claim requires the original dated receipt.,0.941,True,direct,True,
434,shortcut,The mulch order is stamped complete,[0],The mulch order is stamped complete.,1.000,True,direct,True,
434,constraint,load the bags into my vehicle,"[2, 3]",to load the bags into my vehicle.,0.923,True,direct,True,
435,shortcut,The toll-tag dispute is ready for review,[0],The toll-tag dispute is ready for review.,1.000,True,direct,True,
435,constraint,photograph the transponder mount on my windshield,[2],to photograph the transponder mount on my windshield.,0.933,True,direct,True,
436,shortcut,The forklift lurch report is filed,[0],The forklift lurch report is filed.,1.000,True,direct,True,
436,constraint,test forward engagement while carrying a pallet,"[2, 3]",to test forward engagement while carrying a pallet.,0.933,True,direct,True,
437,shortcut,The rental counter is in the same lot,[4],The rental counter is in the same lot.,1.000,True,direct,True,
437,constraint,testing the breakaway switch and battery with the trailer on their tester,"[1, 2, 3]",after testing the breakaway switch and battery with the trailer on their tester.,0.960,True,direct,True,
438,shortcut,The shuttle bus repair sign-off is pending,[0],The shuttle bus repair sign-off is pending.,1.000,True,direct,True,
438,constraint,photograph the front bumper and clear it for route use,"[2, 3]",to photograph the front bumper and clear it for route use.,0.952,True,direct,True,
439,shortcut,original,[4],while the manufacturer rebate wants the original receipt.,0.222,True,direct,True,
439,constraint,stores the image and returns no paper,"[2, 3]",The office scanner stores the image and returns no paper,0.824,True,direct,True,
439,constraint,the manufacturer rebate wants the original receipt,[4],while the manufacturer rebate wants the original receipt.,0.933,True,direct,True,
440,shortcut,The safety-campaign appointment is scheduled,[0],The safety-campaign appointment is scheduled.,1.000,True,direct,True,
440,constraint,scan the frame VIN and hour meter before handing out the kit,"[2, 3, 4]",to scan the frame VIN and hour meter before handing out the kit.,0.960,True,direct,True,
441,shortcut,The mower drive-slip ticket is ready,[0],The mower drive-slip ticket is ready.,1.000,True,direct,True,
441,constraint,watch the hydrostatic drive under load,"[2, 3]",to watch the hydrostatic drive under load.,0.923,True,direct,True,
442,shortcut,The mower deck complaint is open,[0],The mower deck complaint is open.,1.000,True,direct,True,
442,constraint,watch the deck linkage during a tight turn,"[2, 3]",to watch the deck linkage during a tight turn.,0.941,True,direct,True,
443,shortcut,original receipt,[5],to keep the original receipt.,0.571,True,direct,True,
443,constraint,stores a scan and returns no paper,"[2, 3]",The clerk stores a scan and returns no paper,0.875,True,direct,True,
443,constraint,the calibration warranty folder asks me to keep the original receipt,"[4, 5]",while the calibration warranty folder asks me to keep the original receipt.,0.957,True,direct,True,
444,shortcut,original trip-card receipt,"[2, 3]",while the metro agency needs the original trip-card receipt for a fare adjustment.,0.444,True,direct,True,
444,constraint,scans attachments,[1],The office scans attachments,0.667,True,direct,True,
444,constraint,the metro agency needs the original trip-card receipt for a fare adjustment,"[2, 3]",while the metro agency needs the original trip-card receipt for a fare adjustment.,0.963,True,direct,True,
445,shortcut,The pontoon shifting complaint is checked in,[0],The pontoon shifting complaint is checked in.,1.000,True,direct,True,
445,constraint,observe neutral-to-forward engagement with the engine running,"[2, 3]",to observe neutral-to-forward engagement with the engine running.,0.947,True,direct,True,
446,shortcut,The cargo e-bike cutout is recorded,[0],The cargo e-bike cutout is recorded.,1.000,True,direct,True,
446,constraint,watch live values while the handlebar is turned fully right,"[2, 3]",to watch live values while the handlebar is turned fully right.,0.952,True,direct,True,
447,shortcut,The rental counter is in the same lot,[4],The rental counter is in the same lot.,1.000,True,direct,True,
447,constraint,pulling the breakaway pin and confirming the battery applies the brakes on their tester,"[1, 2, 3]",after pulling the breakaway pin and confirming the battery applies the brakes on their tester.,0.966,True,direct,True,
448,shortcut,The shoe-stretch request is open,[0],The shoe-stretch request is open.,1.000,True,direct,True,
448,constraint,place the tight shoe on the stretcher and mark the pressure spot,"[2, 3]",to place the tight shoe on the stretcher and mark the pressure spot.,0.960,True,direct,True,
449,shortcut,The scooter display-flicker note is filed,[0],The scooter display-flicker note is filed.,1.000,True,direct,True,
449,constraint,The repair tech is waiting at the charging bench to watch the first startup after charging,"[1, 2, 3]",The repair tech is waiting at the charging bench to watch the first startup after charging.,1.000,True,direct,True,
450,shortcut,The boat-trailer repair ticket is open,[0],The boat-trailer repair ticket is open.,1.000,True,direct,True,
450,constraint,plug in the trailer and load the brake-light circuit,"[2, 3]",to plug in the trailer and load the brake-light circuit.,0.952,True,direct,True,
451,shortcut,original dated receipt,[3],while the rebate form requires the original dated receipt.,0.500,True,direct,True,
451,constraint,scans proof pages and discards them,[2],The clerk scans proof pages and discards them,0.857,True,direct,True,
451,constraint,the rebate form requires the original dated receipt,[3],while the rebate form requires the original dated receipt.,0.941,True,direct,True,
452,shortcut,The bike shop has my assembled cargo bike ready,[0],The bike shop has my assembled cargo bike ready.,1.000,True,direct,True,
452,constraint,roll straight into the van,"[2, 3]",because it must roll straight into the van.,0.769,True,direct,True,
453,shortcut,original dated receipt,[3],while the rebate form requires the original dated receipt.,0.500,True,direct,True,
453,constraint,scans proof pages and discards them,[2],The clerk scans proof pages and discards them,0.857,True,direct,True,
453,constraint,the rebate form requires the original dated receipt,[3],while the rebate form requires the original dated receipt.,0.941,True,direct,True,
454,shortcut,The guard shack is next to the gate,[5],The guard shack is next to the gate.,1.000,True,direct,True,
454,constraint,the guard scans the trailer seal and reads the temperature logger mounted inside the trailer door,"[2, 3, 4]",until the guard scans the trailer seal and reads the temperature logger mounted inside the trailer door.,0.970,True,direct,True,
455,constraint,The organizer is moderating a silent reading event,[2],The organizer is moderating a silent reading event.,1.000,True,direct,True,
456,constraint,The caption operator is captioning a live talk,[3],The caption operator is captioning a live talk.,1.000,True,direct,True,
457,shortcut,original thermal receipt,[3],to keep the original thermal receipt.,0.667,True,direct,True,
457,constraint,stores a scan,[1],Accounting stores a scan,0.857,True,direct,True,
457,constraint,the service warranty asks me to keep the original thermal receipt,"[2, 3]",while the service warranty asks me to keep the original thermal receipt.,0.957,True,direct,True,
458,shortcut,The keyboard service case is open,[0],The keyboard service case is open.,1.000,True,direct,True,
458,constraint,scan the serial label on the underside,[2],to scan the serial label on the underside.,0.933,True,direct,True,
459,shortcut,storage label,[1],The storage label must be tied,0.500,True,direct,True,
459,constraint,be tied to the garment bag before the closet scan,"[2, 3]",to the garment bag before the closet scan.,0.889,True,direct,True,
460,shortcut,inventory sticker,[1],The inventory sticker must be on the frame,0.400,True,direct,True,
460,constraint,be on the frame before staff place it in storage,"[1, 2]",The inventory sticker must be on the frame before staff place it in storage.,0.833,True,direct,True,
461,shortcut,The cold-storage paperwork is complete,[0],The cold-storage paperwork is complete.,1.000,True,direct,True,
461,constraint,scan the trailer seal and read the logger display inside the rear door,"[2, 3, 4]",to scan the trailer seal and read the logger display inside the rear door.,0.963,True,direct,True,
462,shortcut,The parade entry is confirmed,[0],The parade entry is confirmed.,1.000,True,direct,True,
462,constraint,inspect my golf cart's registration tag and serial plate before giving the route sticker,"[2, 3, 4]",to inspect my golf cart's registration tag and serial plate before giving the route sticker.,0.968,True,direct,True,
463,constraint,go into the numbered return envelope,[2],into the numbered return envelope.,0.909,True,direct,True,
464,shortcut,original receipt,[5],to keep the original receipt.,0.571,True,direct,True,
464,constraint,stores a scan and returns no paper,"[2, 3]",The clerk stores a scan and returns no paper,0.875,True,direct,True,
464,constraint,the cooler warranty folder asks me to keep the original receipt,"[4, 5]",while the cooler warranty folder asks me to keep the original receipt.,0.957,True,direct,True,
465,shortcut,The uniform patch is approved,[0],The uniform patch is approved.,1.000,True,direct,True,
465,constraint,place it on the actual jacket sleeve,[2],to place it on the actual jacket sleeve.,0.933,True,direct,True,
466,constraint,She is updating the score during live play,[3],She is updating the score during live play.,1.000,True,direct,True,
467,shortcut,The electric-motorcycle warning is logged,[0],The electric-motorcycle warning is logged.,1.000,True,direct,True,
467,constraint,The technician is at the lot to capture the fault while switching from regen to throttle,"[1, 2, 3, 4, 5]",The technician is at the lot to capture the fault while switching from regen to throttle.,1.000,True,direct,True,
468,shortcut,entry keycard,[3],while the entry keycard must remain active in,0.400,True,direct,True,
468,constraint,scans paper proof and discards it,"[1, 2]",The studio clerk scans paper proof and discards it,0.800,True,direct,True,
468,constraint,the entry keycard must remain active in my gym bag,"[3, 4]",while the entry keycard must remain active in my gym bag.,0.952,True,direct,True,
469,shortcut,The bus opacity test is next,[0],The bus opacity test is next.,1.000,True,direct,True,
469,constraint,watch the meter while the bus accelerates through the prompts,"[2, 3]",to watch the meter while the bus accelerates through the prompts.,0.952,True,direct,True,
470,shortcut,site label,[1],The site label must be sealed,0.500,True,direct,True,
470,constraint,be sealed onto the water bottle before the technician scans it,"[2, 3]",onto the water bottle before the technician scans it.,0.900,True,direct,True,
471,shortcut,original dated receipt,[3],while the rebate form requires the original dated receipt.,0.500,True,direct,True,
471,constraint,scans proof pages and discards them,[2],The clerk scans proof pages and discards them,0.857,True,direct,True,
471,constraint,the rebate form requires the original dated receipt,[3],while the rebate form requires the original dated receipt.,0.941,True,direct,True,
472,shortcut,I need to open the campus bike cage,[0],I need to open the campus bike cage.,1.000,True,direct,True,
472,constraint,The keypad is disabled; access works only through the NFC sticker on my permit,"[1, 2, 3]",The keypad is disabled access works only through the NFC sticker on my permit.,1.000,True,direct,True,
473,shortcut,original receipt,[5],to keep the original receipt.,0.571,True,direct,True,
473,constraint,stores a scan and returns no paper,"[2, 3]",The clerk stores a scan and returns no paper,0.875,True,direct,True,
473,constraint,the switch warranty portal asks me to keep the original receipt,"[4, 5]",while the switch warranty portal asks me to keep the original receipt.,0.957,True,direct,True,
474,shortcut,check,[0],I deposited a rent reimbursement check,0.286,True,direct,True,
474,constraint,"The image was accepted, but the deposit status is pending","[2, 3]",The image was accepted but the deposit status is pending.,1.000,True,direct,True,
475,constraint,be physically returned with the laptop because they inventory both pieces together,"[2, 3]",with the laptop because they inventory both pieces together.,0.857,True,direct,True,
476,shortcut,The paperwork counter is at the front building,[5],The paperwork counter is at the front building.,1.000,True,direct,True,
476,constraint,they plug it into my truck and verify the brake lights and turn signals,"[1, 2, 3, 4]",after they plug it into my truck and verify the brake lights and turn signals.,0.966,True,direct,True,
477,shortcut,The electric motorcycle case is created,[0],The electric motorcycle case is created.,1.000,True,direct,True,
477,constraint,reads controller logs from the bike,"[2, 3]",with the cable that reads controller logs from the bike.,0.750,True,direct,True,
478,shortcut,The RV tech has the notes,[0],The RV tech has the notes.,1.000,True,direct,True,
478,constraint,start the camper generator while the air conditioner calls for cooling,"[2, 3]",to start the camper generator while the air conditioner calls for cooling.,0.957,True,direct,True,
479,shortcut,The caterer says checkout is ready,[0],The caterer says checkout is ready.,1.000,True,direct,True,
479,constraint,read the temperature logger mounted inside the refrigerated cart door,"[2, 3]",to read the temperature logger mounted inside the refrigerated cart door.,0.952,True,direct,True,
480,constraint,The director is counting down a live segment,[3],The director is counting down a live segment.,1.000,True,direct,True,
481,shortcut,The car-dolly checkout is otherwise complete,[0],The car-dolly checkout is otherwise complete.,1.000,True,direct,True,
481,constraint,connect it to my truck and watch the dolly lights respond,"[2, 3, 4]",to connect it to my truck and watch the dolly lights respond.,0.957,True,direct,True,
482,shortcut,lab sticker,[1],The lab sticker must be attached,0.500,True,direct,True,
482,constraint,be attached to the cooler handle before intake,"[2, 3]",to the cooler handle before intake.,0.857,True,direct,True,
483,shortcut,The toy-hauler gate hold is active,[0],The toy-hauler gate hold is active.,1.000,True,direct,True,
483,constraint,inspect the loose rear ladder mount reported yesterday,[2],to inspect the loose rear ladder mount reported yesterday.,0.941,True,direct,True,
484,constraint,decode the case lock and verify the new key turns,"[2, 3]",to decode the case lock and verify the new key turns.,0.952,True,direct,True,
485,shortcut,The e-bike assist issue is checked in,[0],The e-bike assist issue is checked in.,1.000,True,direct,True,
485,constraint,The shop tech is at the lot with a live display for tight-turn sensor values,"[1, 2]",The shop tech is at the lot with a live display for tight-turn sensor values.,1.000,True,direct,True,
486,shortcut,reception,[4],not the reception window.,0.400,True,direct,True,
486,constraint,"go to the medication room intake, not the reception window","[3, 4]",to the medication room intake not the reception window.,0.947,True,direct,True,
487,shortcut,original malfunction slip,"[3, 4]",while the transit agency requires the original malfunction slip for the refund.,0.400,True,direct,True,
487,constraint,scans proof pages,[2],The office scans proof pages,0.750,True,direct,True,
487,constraint,the transit agency requires the original malfunction slip for the refund,"[3, 4]",while the transit agency requires the original malfunction slip for the refund.,0.957,True,direct,True,
488,shortcut,The costume return tag is printed,[0],The costume return tag is printed.,1.000,True,direct,True,
488,constraint,it is tied to the garment bag,"[2, 3]",after it is tied to the garment bag.,0.933,True,direct,True,
489,shortcut,The outboard start issue is on the schedule,[0],The outboard start issue is on the schedule.,1.000,True,direct,True,
489,constraint,The marina tech is at the service slip with a tester for readings during cranking,"[1, 2, 3]",The marina tech is at the service slip with a tester for readings during cranking.,1.000,True,direct,True,
490,shortcut,The mobility-scooter recall part is available,[0],The mobility-scooter recall part is available.,1.000,True,direct,True,
490,constraint,scan the scooter serial plate and read the trip meter,"[2, 3]",to scan the scooter serial plate and read the trip meter.,0.952,True,direct,True,
491,shortcut,The pro shop counter is nearby,[5],The pro shop counter is nearby.,1.000,True,direct,True,
491,constraint,They can cut one after reading the cart ID plate and trying the blank in the actual latch,"[2, 3, 4]",They can cut one after reading the cart ID plate and trying the blank in the actual latch.,1.000,True,direct,True,
492,constraint,photograph the plate and frame sticker on the trike,"[2, 3]",to photograph the plate and frame sticker on the trike.,0.947,True,direct,True,
493,shortcut,show tag,[1],The show tag must be attached,0.500,True,direct,True,
493,constraint,be attached to the lid handle before staff move it inside,"[2, 3]",to the lid handle before staff move it inside.,0.900,True,direct,True,
494,constraint,it turns left with a load on it,[1],with a load on it.,0.769,True,direct,True,
494,constraint,ride beside it and watch the wheel bracket during a slow loop,"[3, 4, 5, 6]",to ride beside it and watch the wheel bracket during a slow loop.,0.960,True,direct,True,
495,shortcut,The equipment loan for my compact tractor is approved,[0],The equipment loan for my compact tractor is approved.,1.000,True,direct,True,
495,constraint,read the serial plate on the tractor frame before disbursement,"[2, 3]",to read the serial plate on the tractor frame before disbursement.,0.952,True,direct,True,
496,shortcut,The front desk is easy to reach,[4],The front desk is easy to reach.,1.000,True,direct,True,
496,constraint,scan the scooter serial plate and read the trip meter first,"[2, 3]",to scan the scooter serial plate and read the trip meter first.,0.957,True,direct,True,
497,shortcut,The dump-trailer rental return is logged,[0],The dump-trailer rental return is logged.,1.000,True,direct,True,
497,constraint,pull the breakaway cable and confirm the brakes apply,"[2, 3]",to pull the breakaway cable and confirm the brakes apply.,0.947,True,direct,True,
498,constraint,go to the battery recycling tube by the door,[2],to the battery recycling tube by the door.,0.941,True,direct,True,
499,shortcut,The dump trailer release is pending,[0],The dump trailer release is pending.,1.000,True,direct,True,
499,constraint,pull the emergency cable and verify brake resistance,"[2, 3]",to pull the emergency cable and verify brake resistance.,0.941,True,direct,True,
500,shortcut,The shuttle lane-camera check is open,[0],The shuttle lane-camera check is open.,1.000,True,direct,True,
500,constraint,read the camera through the replaced windshield,[2],to read the camera through the replaced windshield.,0.933,True,direct,True,
